2026-10-07T20:27:45.057+02:00  INFO 20248 --- [api-gateway] [restartedMain] [                                                 ] c.ecommerce.gateway.GatewayApplication   : Starting GatewayApplication using Java 24.0.1 with PID 20248 (E:\Programy\Github\nowy-ecomerce\nowy\ecom\gateway\target\classes started by KPSzy in E:\Programy\Github\nowy-ecomerce\nowy\ecom)
2026-10-07T20:27:45.063+02:00  INFO 20248 --- [api-gateway] [restartedMain] [                                                 ] c.ecommerce.gateway.GatewayApplication   : No active profile set, falling back to 1 default profile: "default"
2026-10-07T20:27:45.120+02:00  INFO 20248 --- [api-gateway] [restartedMain] [                                                 ] o.s.c.c.c.ConfigServerConfigDataLoader   : Fetching config from server at : http://localhost:8888
2026-10-07T20:27:45.121+02:00  INFO 20248 --- [api-gateway] [restartedMain] [                                                 ] o.s.c.c.c.ConfigServerConfigDataLoader   : Located environment: name=api-gateway, profiles=[default], label=null, version=null, state=null
2026-10-07T20:27:45.124+02:00  INFO 20248 --- [api-gateway] [restartedMain] [                                                 ] .e.DevToolsPropertyDefaultsPostProcessor : Devtools property defaults active! Set 'spring.devtools.add-properties' to 'false' to disable
2026-10-07T20:27:46.326+02:00  INFO 20248 --- [api-gateway] [restartedMain] [                                                 ] o.s.cloud.context.scope.GenericScope     : BeanFactory id=eea85bbd-ac6c-3973-bd1a-7d34cde04504
2026-10-07T20:27:47.633+02:00  WARN 20248 --- [api-gateway] [restartedMain] [                                                 ] o.h.v.i.m.a.CascadingMetaDataBuilder     : HV000271: Using `@Valid` on a container (java.util.List) is deprecated. You should apply the annotation on the type argument(s). Affected element: routes
2026-10-07T20:27:47.836+02:00  INFO 20248 --- [api-gateway] [restartedMain] [                                                 ] o.s.c.g.r.RouteDefinitionRouteLocator    : Loaded RoutePredicateFactory [After]
2026-10-07T20:27:47.836+02:00  INFO 20248 --- [api-gateway] [restartedMain] [                                                 ] o.s.c.g.r.RouteDefinitionRouteLocator    : Loaded RoutePredicateFactory [Before]
2026-10-07T20:27:47.837+02:00  INFO 20248 --- [api-gateway] [restartedMain] [                                                 ] o.s.c.g.r.RouteDefinitionRouteLocator    : Loaded RoutePredicateFactory [Between]
2026-10-07T20:27:47.837+02:00  INFO 20248 --- [api-gateway] [restartedMain] [                                                 ] o.s.c.g.r.RouteDefinitionRouteLocator    : Loaded RoutePredicateFactory [Cookie]
2026-10-07T20:27:47.837+02:00  INFO 20248 --- [api-gateway] [restartedMain] [                                                 ] o.s.c.g.r.RouteDefinitionRouteLocator    : Loaded RoutePredicateFactory [Header]
2026-10-07T20:27:47.837+02:00  INFO 20248 --- [api-gateway] [restartedMain] [                                                 ] o.s.c.g.r.RouteDefinitionRouteLocator    : Loaded RoutePredicateFactory [Host]
2026-10-07T20:27:47.837+02:00  INFO 20248 --- [api-gateway] [restartedMain] [                                                 ] o.s.c.g.r.RouteDefinitionRouteLocator    : Loaded RoutePredicateFactory [Method]
2026-10-07T20:27:47.837+02:00  INFO 20248 --- [api-gateway] [restartedMain] [                                                 ] o.s.c.g.r.RouteDefinitionRouteLocator    : Loaded RoutePredicateFactory [Path]
2026-10-07T20:27:47.837+02:00  INFO 20248 --- [api-gateway] [restartedMain] [                                                 ] o.s.c.g.r.RouteDefinitionRouteLocator    : Loaded RoutePredicateFactory [Query]
2026-10-07T20:27:47.837+02:00  INFO 20248 --- [api-gateway] [restartedMain] [                                                 ] o.s.c.g.r.RouteDefinitionRouteLocator    : Loaded RoutePredicateFactory [ReadBody]
2026-10-07T20:27:47.839+02:00  INFO 20248 --- [api-gateway] [restartedMain] [                                                 ] o.s.c.g.r.RouteDefinitionRouteLocator    : Loaded RoutePredicateFactory [RemoteAddr]
2026-10-07T20:27:47.839+02:00  INFO 20248 --- [api-gateway] [restartedMain] [                                                 ] o.s.c.g.r.RouteDefinitionRouteLocator    : Loaded RoutePredicateFactory [Version]
2026-10-07T20:27:47.839+02:00  INFO 20248 --- [api-gateway] [restartedMain] [                                                 ] o.s.c.g.r.RouteDefinitionRouteLocator    : Loaded RoutePredicateFactory [XForwardedRemoteAddr]
2026-10-07T20:27:47.839+02:00  INFO 20248 --- [api-gateway] [restartedMain] [                                                 ] o.s.c.g.r.RouteDefinitionRouteLocator    : Loaded RoutePredicateFactory [Weight]
2026-10-07T20:27:47.839+02:00  INFO 20248 --- [api-gateway] [restartedMain] [                                                 ] o.s.c.g.r.RouteDefinitionRouteLocator    : Loaded RoutePredicateFactory [CloudFoundryRouteService]
2026-10-07T20:27:48.595+02:00  INFO 20248 --- [api-gateway] [restartedMain] [                                                 ] DiscoveryClientOptionalArgsConfiguration : Eureka HTTP Client uses RestClient.
2026-10-07T20:27:48.693+02:00  INFO 20248 --- [api-gateway] [restartedMain] [                                                 ] o.s.c.n.eureka.InstanceInfoFactory       : Setting initial instance status as: STARTING
2026-10-07T20:27:48.715+02:00  INFO 20248 --- [api-gateway] [restartedMain] [                                                 ] com.netflix.discovery.DiscoveryClient    : Initializing Eureka in region us-east-1
2026-10-07T20:27:48.718+02:00  INFO 20248 --- [api-gateway] [restartedMain] [                                                 ] c.n.d.s.r.aws.ConfigClusterResolver      : Resolving eureka endpoints via configuration
2026-10-07T20:27:48.727+02:00  INFO 20248 --- [api-gateway] [restartedMain] [                                                 ] com.netflix.discovery.DiscoveryClient    : Disable delta property : false
2026-10-07T20:27:48.727+02:00  INFO 20248 --- [api-gateway] [restartedMain] [                                                 ] com.netflix.discovery.DiscoveryClient    : Single vip registry refresh property : null
2026-10-07T20:27:48.727+02:00  INFO 20248 --- [api-gateway] [restartedMain] [                                                 ] com.netflix.discovery.DiscoveryClient    : Force full registry fetch : false
2026-10-07T20:27:48.727+02:00  INFO 20248 --- [api-gateway] [restartedMain] [                                                 ] com.netflix.discovery.DiscoveryClient    : Application is null : false
2026-10-07T20:27:48.727+02:00  INFO 20248 --- [api-gateway] [restartedMain] [                                                 ] com.netflix.discovery.DiscoveryClient    : Registered Applications size is zero : true
2026-10-07T20:27:48.727+02:00  INFO 20248 --- [api-gateway] [restartedMain] [                                                 ] com.netflix.discovery.DiscoveryClient    : Application version is -1: true
2026-10-07T20:27:48.729+02:00  INFO 20248 --- [api-gateway] [restartedMain] [                                                 ] com.netflix.discovery.DiscoveryClient    : Getting all instance registry info from the eureka server
2026-10-07T20:27:49.023+02:00  INFO 20248 --- [api-gateway] [restartedMain] [                                                 ] com.netflix.discovery.DiscoveryClient    : The response status is 200
2026-10-07T20:27:49.026+02:00  INFO 20248 --- [api-gateway] [restartedMain] [                                                 ] com.netflix.discovery.DiscoveryClient    : Starting heartbeat executor: renew interval is: 30
2026-10-07T20:27:49.030+02:00  INFO 20248 --- [api-gateway] [restartedMain] [                                                 ] c.n.discovery.InstanceInfoReplicator     : InstanceInfoReplicator onDemand update allowed rate per min is 4
2026-10-07T20:27:49.031+02:00  INFO 20248 --- [api-gateway] [restartedMain] [                                                 ] com.netflix.discovery.DiscoveryClient    : Discovery Client initialized at timestamp 1791397669031 with initial instances count: 3
2026-10-07T20:27:49.035+02:00  INFO 20248 --- [api-gateway] [restartedMain] [                                                 ] o.s.c.n.e.s.EurekaServiceRegistry        : Registering application API-GATEWAY with eureka with status UP
2026-10-07T20:27:49.037+02:00  INFO 20248 --- [api-gateway] [restartedMain] [                                                 ] com.netflix.discovery.DiscoveryClient    : Saw local status change event StatusChangeEvent [timestamp=1791397669037, current=UP, previous=STARTING]
2026-10-07T20:27:49.038+02:00  INFO 20248 --- [api-gateway] [DiscoveryClient-InstanceInfoReplicator-%d] [                                                 ] com.netflix.discovery.DiscoveryClient    : DiscoveryClient_API-GATEWAY/Kamil:api-gateway:8080: registering service...
2026-10-07T20:27:49.090+02:00  INFO 20248 --- [api-gateway] [DiscoveryClient-InstanceInfoReplicator-%d] [                                                 ] com.netflix.discovery.DiscoveryClient    : DiscoveryClient_API-GATEWAY/Kamil:api-gateway:8080 - registration status: 204
2026-10-07T20:27:49.185+02:00  INFO 20248 --- [api-gateway] [restartedMain] [                                                 ] o.s.boot.reactor.netty.NettyWebServer    : Netty started on port 8080 (http)
2026-10-07T20:27:49.186+02:00  INFO 20248 --- [api-gateway] [restartedMain] [                                                 ] .s.c.n.e.s.EurekaAutoServiceRegistration : Updating port to 8080
2026-10-07T20:27:49.202+02:00  INFO 20248 --- [api-gateway] [restartedMain] [                                                 ] c.ecommerce.gateway.GatewayApplication   : Started GatewayApplication in 5.15 seconds (process running for 6.134)
2026-10-07T20:31:10.174+02:00  INFO 20248 --- [api-gateway] [SpringApplicationShutdownHook] [                                                 ] o.s.c.n.e.s.EurekaServiceRegistry        : Unregistering application API-GATEWAY with eureka with status DOWN
2026-10-07T20:31:10.175+02:00  INFO 20248 --- [api-gateway] [SpringApplicationShutdownHook] [                                                 ] com.netflix.discovery.DiscoveryClient    : Saw local status change event StatusChangeEvent [timestamp=1791397870175, current=DOWN, previous=UP]
2026-10-07T20:31:10.175+02:00  INFO 20248 --- [api-gateway] [DiscoveryClient-InstanceInfoReplicator-%d] [                                                 ] com.netflix.discovery.DiscoveryClient    : DiscoveryClient_API-GATEWAY/Kamil:api-gateway:8080: registering service...
2026-10-07T20:31:10.178+02:00  INFO 20248 --- [api-gateway] [SpringApplicationShutdownHook] [                                                 ] o.s.boot.reactor.netty.GracefulShutdown  : Commencing graceful shutdown. Waiting for active requests to complete
2026-10-07T20:31:10.180+02:00  INFO 20248 --- [api-gateway] [netty-shutdown] [                                                 ] o.s.boot.reactor.netty.GracefulShutdown  : Graceful shutdown complete
2026-10-07T20:31:10.180+02:00  INFO 20248 --- [api-gateway] [DiscoveryClient-InstanceInfoReplicator-%d] [                                                 ] com.netflix.discovery.DiscoveryClient    : DiscoveryClient_API-GATEWAY/Kamil:api-gateway:8080 - registration status: 204
2026-10-07T20:31:10.352+02:00  INFO 20248 --- [api-gateway] [SpringApplicationShutdownHook] [                                                 ] com.netflix.discovery.DiscoveryClient    : Shutting down DiscoveryClient ...
2026-10-07T20:31:13.353+02:00  INFO 20248 --- [api-gateway] [SpringApplicationShutdownHook] [                                                 ] com.netflix.discovery.DiscoveryClient    : Unregistering ...
2026-10-07T20:31:13.361+02:00  INFO 20248 --- [api-gateway] [SpringApplicationShutdownHook] [                                                 ] com.netflix.discovery.DiscoveryClient    : DiscoveryClient_API-GATEWAY/Kamil:api-gateway:8080 - deregister  status: 200
2026-10-07T20:31:13.361+02:00  INFO 20248 --- [api-gateway] [SpringApplicationShutdownHook] [                                                 ] com.netflix.discovery.DiscoveryClient    : Completed shut down of DiscoveryClient
2026-10-07T20:31:16.597+02:00  INFO 25288 --- [api-gateway] [restartedMain] [                                                 ] c.ecommerce.gateway.GatewayApplication   : Starting GatewayApplication using Java 24.0.1 with PID 25288 (E:\Programy\Github\nowy-ecomerce\nowy\ecom\gateway\target\classes started by KPSzy in E:\Programy\Github\nowy-ecomerce\nowy\ecom)
2026-10-07T20:31:16.603+02:00  INFO 25288 --- [api-gateway] [restartedMain] [                                                 ] c.ecommerce.gateway.GatewayApplication   : No active profile set, falling back to 1 default profile: "default"
2026-10-07T20:31:16.685+02:00  INFO 25288 --- [api-gateway] [restartedMain] [                                                 ] o.s.c.c.c.ConfigServerConfigDataLoader   : Fetching config from server at : http://localhost:8888
2026-10-07T20:31:16.685+02:00  INFO 25288 --- [api-gateway] [restartedMain] [                                                 ] o.s.c.c.c.ConfigServerConfigDataLoader   : Located environment: name=api-gateway, profiles=[default], label=null, version=null, state=null
2026-10-07T20:31:16.692+02:00  INFO 25288 --- [api-gateway] [restartedMain] [                                                 ] .e.DevToolsPropertyDefaultsPostProcessor : Devtools property defaults active! Set 'spring.devtools.add-properties' to 'false' to disable
2026-10-07T20:31:18.002+02:00  INFO 25288 --- [api-gateway] [restartedMain] [                                                 ] o.s.cloud.context.scope.GenericScope     : BeanFactory id=eea85bbd-ac6c-3973-bd1a-7d34cde04504
2026-10-07T20:31:19.684+02:00  WARN 25288 --- [api-gateway] [restartedMain] [                                                 ] o.h.v.i.m.a.CascadingMetaDataBuilder     : HV000271: Using `@Valid` on a container (java.util.List) is deprecated. You should apply the annotation on the type argument(s). Affected element: routes
2026-10-07T20:31:19.895+02:00  INFO 25288 --- [api-gateway] [restartedMain] [                                                 ] o.s.c.g.r.RouteDefinitionRouteLocator    : Loaded RoutePredicateFactory [After]
2026-10-07T20:31:19.896+02:00  INFO 25288 --- [api-gateway] [restartedMain] [                                                 ] o.s.c.g.r.RouteDefinitionRouteLocator    : Loaded RoutePredicateFactory [Before]
2026-10-07T20:31:19.896+02:00  INFO 25288 --- [api-gateway] [restartedMain] [                                                 ] o.s.c.g.r.RouteDefinitionRouteLocator    : Loaded RoutePredicateFactory [Between]
2026-10-07T20:31:19.896+02:00  INFO 25288 --- [api-gateway] [restartedMain] [                                                 ] o.s.c.g.r.RouteDefinitionRouteLocator    : Loaded RoutePredicateFactory [Cookie]
2026-10-07T20:31:19.896+02:00  INFO 25288 --- [api-gateway] [restartedMain] [                                                 ] o.s.c.g.r.RouteDefinitionRouteLocator    : Loaded RoutePredicateFactory [Header]
2026-10-07T20:31:19.896+02:00  INFO 25288 --- [api-gateway] [restartedMain] [                                                 ] o.s.c.g.r.RouteDefinitionRouteLocator    : Loaded RoutePredicateFactory [Host]
2026-10-07T20:31:19.896+02:00  INFO 25288 --- [api-gateway] [restartedMain] [                                                 ] o.s.c.g.r.RouteDefinitionRouteLocator    : Loaded RoutePredicateFactory [Method]
2026-10-07T20:31:19.897+02:00  INFO 25288 --- [api-gateway] [restartedMain] [                                                 ] o.s.c.g.r.RouteDefinitionRouteLocator    : Loaded RoutePredicateFactory [Path]
2026-10-07T20:31:19.897+02:00  INFO 25288 --- [api-gateway] [restartedMain] [                                                 ] o.s.c.g.r.RouteDefinitionRouteLocator    : Loaded RoutePredicateFactory [Query]
2026-10-07T20:31:19.897+02:00  INFO 25288 --- [api-gateway] [restartedMain] [                                                 ] o.s.c.g.r.RouteDefinitionRouteLocator    : Loaded RoutePredicateFactory [ReadBody]
2026-10-07T20:31:19.897+02:00  INFO 25288 --- [api-gateway] [restartedMain] [                                                 ] o.s.c.g.r.RouteDefinitionRouteLocator    : Loaded RoutePredicateFactory [RemoteAddr]
2026-10-07T20:31:19.898+02:00  INFO 25288 --- [api-gateway] [restartedMain] [                                                 ] o.s.c.g.r.RouteDefinitionRouteLocator    : Loaded RoutePredicateFactory [Version]
2026-10-07T20:31:19.898+02:00  INFO 25288 --- [api-gateway] [restartedMain] [                                                 ] o.s.c.g.r.RouteDefinitionRouteLocator    : Loaded RoutePredicateFactory [XForwardedRemoteAddr]
2026-10-07T20:31:19.898+02:00  INFO 25288 --- [api-gateway] [restartedMain] [                                                 ] o.s.c.g.r.RouteDefinitionRouteLocator    : Loaded RoutePredicateFactory [Weight]
2026-10-07T20:31:19.898+02:00  INFO 25288 --- [api-gateway] [restartedMain] [                                                 ] o.s.c.g.r.RouteDefinitionRouteLocator    : Loaded RoutePredicateFactory [CloudFoundryRouteService]
2026-10-07T20:31:20.695+02:00  INFO 25288 --- [api-gateway] [restartedMain] [                                                 ] DiscoveryClientOptionalArgsConfiguration : Eureka HTTP Client uses RestClient.
2026-10-07T20:31:20.854+02:00  INFO 25288 --- [api-gateway] [restartedMain] [                                                 ] o.s.c.n.eureka.InstanceInfoFactory       : Setting initial instance status as: STARTING
2026-10-07T20:31:20.893+02:00  INFO 25288 --- [api-gateway] [restartedMain] [                                                 ] com.netflix.discovery.DiscoveryClient    : Initializing Eureka in region us-east-1
2026-10-07T20:31:20.901+02:00  INFO 25288 --- [api-gateway] [restartedMain] [                                                 ] c.n.d.s.r.aws.ConfigClusterResolver      : Resolving eureka endpoints via configuration
2026-10-07T20:31:20.914+02:00  INFO 25288 --- [api-gateway] [restartedMain] [                                                 ] com.netflix.discovery.DiscoveryClient    : Disable delta property : false
2026-10-07T20:31:20.914+02:00  INFO 25288 --- [api-gateway] [restartedMain] [                                                 ] com.netflix.discovery.DiscoveryClient    : Single vip registry refresh property : null
2026-10-07T20:31:20.914+02:00  INFO 25288 --- [api-gateway] [restartedMain] [                                                 ] com.netflix.discovery.DiscoveryClient    : Force full registry fetch : false
2026-10-07T20:31:20.916+02:00  INFO 25288 --- [api-gateway] [restartedMain] [                                                 ] com.netflix.discovery.DiscoveryClient    : Application is null : false
2026-10-07T20:31:20.916+02:00  INFO 25288 --- [api-gateway] [restartedMain] [                                                 ] com.netflix.discovery.DiscoveryClient    : Registered Applications size is zero : true
2026-10-07T20:31:20.916+02:00  INFO 25288 --- [api-gateway] [restartedMain] [                                                 ] com.netflix.discovery.DiscoveryClient    : Application version is -1: true
2026-10-07T20:31:20.916+02:00  INFO 25288 --- [api-gateway] [restartedMain] [                                                 ] com.netflix.discovery.DiscoveryClient    : Getting all instance registry info from the eureka server
2026-10-07T20:31:21.232+02:00  INFO 25288 --- [api-gateway] [restartedMain] [                                                 ] com.netflix.discovery.DiscoveryClient    : The response status is 200
2026-10-07T20:31:21.235+02:00  INFO 25288 --- [api-gateway] [restartedMain] [                                                 ] com.netflix.discovery.DiscoveryClient    : Starting heartbeat executor: renew interval is: 30
2026-10-07T20:31:21.238+02:00  INFO 25288 --- [api-gateway] [restartedMain] [                                                 ] c.n.discovery.InstanceInfoReplicator     : InstanceInfoReplicator onDemand update allowed rate per min is 4
2026-10-07T20:31:21.240+02:00  INFO 25288 --- [api-gateway] [restartedMain] [                                                 ] com.netflix.discovery.DiscoveryClient    : Discovery Client initialized at timestamp 1791397881240 with initial instances count: 4
2026-10-07T20:31:21.244+02:00  INFO 25288 --- [api-gateway] [restartedMain] [                                                 ] o.s.c.n.e.s.EurekaServiceRegistry        : Registering application API-GATEWAY with eureka with status UP
2026-10-07T20:31:21.245+02:00  INFO 25288 --- [api-gateway] [restartedMain] [                                                 ] com.netflix.discovery.DiscoveryClient    : Saw local status change event StatusChangeEvent [timestamp=1791397881245, current=UP, previous=STARTING]
2026-10-07T20:31:21.246+02:00  INFO 25288 --- [api-gateway] [DiscoveryClient-InstanceInfoReplicator-%d] [                                                 ] com.netflix.discovery.DiscoveryClient    : DiscoveryClient_API-GATEWAY/Kamil:api-gateway:8080: registering service...
2026-10-07T20:31:21.295+02:00  INFO 25288 --- [api-gateway] [DiscoveryClient-InstanceInfoReplicator-%d] [                                                 ] com.netflix.discovery.DiscoveryClient    : DiscoveryClient_API-GATEWAY/Kamil:api-gateway:8080 - registration status: 204
2026-10-07T20:31:21.377+02:00  INFO 25288 --- [api-gateway] [restartedMain] [                                                 ] o.s.boot.reactor.netty.NettyWebServer    : Netty started on port 8080 (http)
2026-10-07T20:31:21.378+02:00  INFO 25288 --- [api-gateway] [restartedMain] [                                                 ] .s.c.n.e.s.EurekaAutoServiceRegistration : Updating port to 8080
2026-10-07T20:31:21.395+02:00  INFO 25288 --- [api-gateway] [restartedMain] [                                                 ] c.ecommerce.gateway.GatewayApplication   : Started GatewayApplication in 6.03 seconds (process running for 7.028)
2026-10-07T20:33:08.769+02:00  INFO 25288 --- [api-gateway] [SpringApplicationShutdownHook] [                                                 ] o.s.c.n.e.s.EurekaServiceRegistry        : Unregistering application API-GATEWAY with eureka with status DOWN
2026-10-07T20:33:08.770+02:00  INFO 25288 --- [api-gateway] [SpringApplicationShutdownHook] [                                                 ] com.netflix.discovery.DiscoveryClient    : Saw local status change event StatusChangeEvent [timestamp=1791397988770, current=DOWN, previous=UP]
2026-10-07T20:33:08.770+02:00  INFO 25288 --- [api-gateway] [DiscoveryClient-InstanceInfoReplicator-%d] [                                                 ] com.netflix.discovery.DiscoveryClient    : DiscoveryClient_API-GATEWAY/Kamil:api-gateway:8080: registering service...
2026-10-07T20:33:08.776+02:00  INFO 25288 --- [api-gateway] [SpringApplicationShutdownHook] [                                                 ] o.s.boot.reactor.netty.GracefulShutdown  : Commencing graceful shutdown. Waiting for active requests to complete
2026-10-07T20:33:08.782+02:00  INFO 25288 --- [api-gateway] [netty-shutdown] [                                                 ] o.s.boot.reactor.netty.GracefulShutdown  : Graceful shutdown complete
2026-10-07T20:33:08.782+02:00  INFO 25288 --- [api-gateway] [DiscoveryClient-InstanceInfoReplicator-%d] [                                                 ] c.n.d.s.t.d.RedirectingEurekaHttpClient  : Request execution error. endpoint=DefaultEndpoint{ serviceUrl='http://localhost:8761/eureka/} exception=I/O error on POST request for "http://localhost:8761/eureka/apps/API-GATEWAY": Connect to http://localhost:8761 failed: Connection refused: getsockopt

org.springframework.web.client.ResourceAccessException: I/O error on POST request for "http://localhost:8761/eureka/apps/API-GATEWAY": Connect to http://localhost:8761 failed: Connection refused: getsockopt
	at org.springframework.web.client.DefaultRestClient$DefaultRequestBodyUriSpec.createResourceAccessException(DefaultRestClient.java:779) ~[spring-web-7.0.9.jar:7.0.9]
	at org.springframework.web.client.DefaultRestClient$DefaultRequestBodyUriSpec.exchangeInternal(DefaultRestClient.java:624) ~[spring-web-7.0.9.jar:7.0.9]
	at org.springframework.web.client.DefaultRestClient$DefaultRequestBodyUriSpec.exchange(DefaultRestClient.java:572) ~[spring-web-7.0.9.jar:7.0.9]
	at org.springframework.web.client.RestClient$RequestHeadersSpec.exchange(RestClient.java:747) ~[spring-web-7.0.9.jar:7.0.9]
	at org.springframework.web.client.DefaultRestClient$DefaultResponseSpec.executeAndExtract(DefaultRestClient.java:924) ~[spring-web-7.0.9.jar:7.0.9]
	at org.springframework.web.client.DefaultRestClient$DefaultResponseSpec.toBodilessEntity(DefaultRestClient.java:888) ~[spring-web-7.0.9.jar:7.0.9]
	at org.springframework.cloud.netflix.eureka.http.RestClientEurekaHttpClient.register(RestClientEurekaHttpClient.java:64) ~[spring-cloud-netflix-eureka-client-5.0.2.jar:5.0.2]
	at com.netflix.discovery.shared.transport.decorator.EurekaHttpClientDecorator$1.execute(EurekaHttpClientDecorator.java:59) ~[eureka-client-2.0.6.jar:2.0.6]
	at com.netflix.discovery.shared.transport.decorator.RedirectingEurekaHttpClient.execute(RedirectingEurekaHttpClient.java:90) ~[eureka-client-2.0.6.jar:2.0.6]
	at com.netflix.discovery.shared.transport.decorator.EurekaHttpClientDecorator.register(EurekaHttpClientDecorator.java:56) ~[eureka-client-2.0.6.jar:2.0.6]
	at com.netflix.discovery.shared.transport.decorator.EurekaHttpClientDecorator$1.execute(EurekaHttpClientDecorator.java:59) ~[eureka-client-2.0.6.jar:2.0.6]
	at com.netflix.discovery.shared.transport.decorator.RetryableEurekaHttpClient.execute(RetryableEurekaHttpClient.java:120) ~[eureka-client-2.0.6.jar:2.0.6]
	at com.netflix.discovery.shared.transport.decorator.EurekaHttpClientDecorator.register(EurekaHttpClientDecorator.java:56) ~[eureka-client-2.0.6.jar:2.0.6]
	at com.netflix.discovery.shared.transport.decorator.EurekaHttpClientDecorator$1.execute(EurekaHttpClientDecorator.java:59) ~[eureka-client-2.0.6.jar:2.0.6]
	at com.netflix.discovery.shared.transport.decorator.SessionedEurekaHttpClient.execute(SessionedEurekaHttpClient.java:76) ~[eureka-client-2.0.6.jar:2.0.6]
	at com.netflix.discovery.shared.transport.decorator.EurekaHttpClientDecorator.register(EurekaHttpClientDecorator.java:56) ~[eureka-client-2.0.6.jar:2.0.6]
	at com.netflix.discovery.DiscoveryClient.register(DiscoveryClient.java:843) ~[eureka-client-2.0.6.jar:2.0.6]
	at com.netflix.discovery.InstanceInfoReplicator.run(InstanceInfoReplicator.java:125) ~[eureka-client-2.0.6.jar:2.0.6]
	at com.netflix.discovery.InstanceInfoReplicator$2.run(InstanceInfoReplicator.java:105) ~[eureka-client-2.0.6.jar:2.0.6]
	at java.base/java.util.concurrent.Executors$RunnableAdapter.call(Executors.java:545) ~[na:na]
	at java.base/java.util.concurrent.FutureTask.run(FutureTask.java:328) ~[na:na]
	at java.base/java.util.concurrent.ScheduledThreadPoolExecutor$ScheduledFutureTask.run(ScheduledThreadPoolExecutor.java:309) ~[na:na]
	at java.base/java.util.concurrent.ThreadPoolExecutor.runWorker(ThreadPoolExecutor.java:1095) ~[na:na]
	at java.base/java.util.concurrent.ThreadPoolExecutor$Worker.run(ThreadPoolExecutor.java:619) ~[na:na]
	at java.base/java.lang.Thread.run(Thread.java:1447) ~[na:na]
Caused by: org.apache.hc.client5.http.HttpHostConnectException: Connect to http://localhost:8761 failed: Connection refused: getsockopt
	at java.base/sun.nio.ch.Net.pollConnect(Native Method) ~[na:na]
	at java.base/sun.nio.ch.Net.pollConnectNow(Net.java:628) ~[na:na]
	at java.base/sun.nio.ch.NioSocketImpl.timedFinishConnect(NioSocketImpl.java:533) ~[na:na]
	at java.base/sun.nio.ch.NioSocketImpl.connect(NioSocketImpl.java:583) ~[na:na]
	at java.base/java.net.SocksSocketImpl.connect(SocksSocketImpl.java:282) ~[na:na]
	at java.base/java.net.Socket.connect(Socket.java:665) ~[na:na]
	at org.apache.hc.client5.http.impl.io.DefaultHttpClientConnectionOperator.connect(DefaultHttpClientConnectionOperator.java:219) ~[httpclient5-5.6.4.jar:5.6.4]
	at org.apache.hc.client5.http.impl.io.PoolingHttpClientConnectionManager.connect(PoolingHttpClientConnectionManager.java:547) ~[httpclient5-5.6.4.jar:5.6.4]
	at org.apache.hc.client5.http.impl.classic.InternalExecRuntime.connectEndpoint(InternalExecRuntime.java:164) ~[httpclient5-5.6.4.jar:5.6.4]
	at org.apache.hc.client5.http.impl.classic.InternalExecRuntime.connectEndpoint(InternalExecRuntime.java:174) ~[httpclient5-5.6.4.jar:5.6.4]
	at org.apache.hc.client5.http.impl.classic.ConnectExec.execute(ConnectExec.java:144) ~[httpclient5-5.6.4.jar:5.6.4]
	at org.apache.hc.client5.http.impl.classic.ExecChainElement.execute(ExecChainElement.java:51) ~[httpclient5-5.6.4.jar:5.6.4]
	at org.apache.hc.client5.http.impl.classic.ProtocolExec.execute(ProtocolExec.java:192) ~[httpclient5-5.6.4.jar:5.6.4]
	at org.apache.hc.client5.http.impl.classic.ExecChainElement.execute(ExecChainElement.java:51) ~[httpclient5-5.6.4.jar:5.6.4]
	at org.apache.hc.client5.http.impl.classic.ContentCompressionExec.execute(ContentCompressionExec.java:138) ~[httpclient5-5.6.4.jar:5.6.4]
	at org.apache.hc.client5.http.impl.classic.ExecChainElement.execute(ExecChainElement.java:51) ~[httpclient5-5.6.4.jar:5.6.4]
	at org.apache.hc.client5.http.impl.classic.HttpRequestRetryExec.execute(HttpRequestRetryExec.java:112) ~[httpclient5-5.6.4.jar:5.6.4]
	at org.apache.hc.client5.http.impl.classic.ExecChainElement.execute(ExecChainElement.java:51) ~[httpclient5-5.6.4.jar:5.6.4]
	at org.apache.hc.client5.http.impl.classic.RedirectExec.execute(RedirectExec.java:110) ~[httpclient5-5.6.4.jar:5.6.4]
	at org.apache.hc.client5.http.impl.classic.ExecChainElement.execute(ExecChainElement.java:51) ~[httpclient5-5.6.4.jar:5.6.4]
	at org.apache.hc.client5.http.impl.classic.InternalHttpClient.doExecute(InternalHttpClient.java:186) ~[httpclient5-5.6.4.jar:5.6.4]
	at org.apache.hc.client5.http.impl.classic.CloseableHttpClient.execute(CloseableHttpClient.java:87) ~[httpclient5-5.6.4.jar:5.6.4]
	at org.apache.hc.client5.http.impl.classic.CloseableHttpClient.execute(CloseableHttpClient.java:55) ~[httpclient5-5.6.4.jar:5.6.4]
	at org.apache.hc.client5.http.classic.HttpClient.executeOpen(HttpClient.java:183) ~[httpclient5-5.6.4.jar:5.6.4]
	at org.springframework.http.client.HttpComponentsClientHttpRequest.executeInternal(HttpComponentsClientHttpRequest.java:99) ~[spring-web-7.0.9.jar:7.0.9]
	at org.springframework.http.client.AbstractStreamingClientHttpRequest.executeInternal(AbstractStreamingClientHttpRequest.java:87) ~[spring-web-7.0.9.jar:7.0.9]
	at org.springframework.http.client.AbstractClientHttpRequest.execute(AbstractClientHttpRequest.java:80) ~[spring-web-7.0.9.jar:7.0.9]
	at org.springframework.http.client.AbstractBufferingClientHttpRequest.executeWithRequestAndBody(AbstractBufferingClientHttpRequest.java:89) ~[spring-web-7.0.9.jar:7.0.9]
	at org.springframework.http.client.InterceptingClientHttpRequest$EndOfChainRequestExecution.execute(InterceptingClientHttpRequest.java:102) ~[spring-web-7.0.9.jar:7.0.9]
	at org.springframework.cloud.netflix.eureka.http.RestClientTransportClientFactory.lambda$newClient$2(RestClientTransportClientFactory.java:98) ~[spring-cloud-netflix-eureka-client-5.0.2.jar:5.0.2]
	at org.springframework.http.client.ClientHttpRequestInterceptor.lambda$apply$0(ClientHttpRequestInterceptor.java:89) ~[spring-web-7.0.9.jar:7.0.9]
	at org.springframework.http.client.InterceptingClientHttpRequest.executeInternal(InterceptingClientHttpRequest.java:73) ~[spring-web-7.0.9.jar:7.0.9]
	at org.springframework.http.client.AbstractBufferingClientHttpRequest.executeInternal(AbstractBufferingClientHttpRequest.java:50) ~[spring-web-7.0.9.jar:7.0.9]
	at org.springframework.http.client.AbstractClientHttpRequest.execute(AbstractClientHttpRequest.java:80) ~[spring-web-7.0.9.jar:7.0.9]
	at org.springframework.web.client.DefaultRestClient$DefaultRequestBodyUriSpec.exchangeInternal(DefaultRestClient.java:614) ~[spring-web-7.0.9.jar:7.0.9]
	... 23 common frames omitted

2026-10-07T20:33:08.787+02:00  WARN 25288 --- [api-gateway] [DiscoveryClient-InstanceInfoReplicator-%d] [                                                 ] c.n.d.s.t.d.RetryableEurekaHttpClient    : Request execution failed with message: I/O error on POST request for "http://localhost:8761/eureka/apps/API-GATEWAY": Connect to http://localhost:8761 failed: Connection refused: getsockopt
2026-10-07T20:33:08.803+02:00  INFO 25288 --- [api-gateway] [DiscoveryClient-InstanceInfoReplicator-%d] [                                                 ] c.n.d.s.t.d.RedirectingEurekaHttpClient  : Request execution error. endpoint=DefaultEndpoint{ serviceUrl='http://localhost:8761/eureka/}, exception=I/O error on POST request for "http://localhost:8761/eureka/apps/API-GATEWAY": Connect to http://localhost:8761 failed: Connection refused: getsockopt

org.springframework.web.client.ResourceAccessException: I/O error on POST request for "http://localhost:8761/eureka/apps/API-GATEWAY": Connect to http://localhost:8761 failed: Connection refused: getsockopt
	at org.springframework.web.client.DefaultRestClient$DefaultRequestBodyUriSpec.createResourceAccessException(DefaultRestClient.java:779) ~[spring-web-7.0.9.jar:7.0.9]
	at org.springframework.web.client.DefaultRestClient$DefaultRequestBodyUriSpec.exchangeInternal(DefaultRestClient.java:624) ~[spring-web-7.0.9.jar:7.0.9]
	at org.springframework.web.client.DefaultRestClient$DefaultRequestBodyUriSpec.exchange(DefaultRestClient.java:572) ~[spring-web-7.0.9.jar:7.0.9]
	at org.springframework.web.client.RestClient$RequestHeadersSpec.exchange(RestClient.java:747) ~[spring-web-7.0.9.jar:7.0.9]
	at org.springframework.web.client.DefaultRestClient$DefaultResponseSpec.executeAndExtract(DefaultRestClient.java:924) ~[spring-web-7.0.9.jar:7.0.9]
	at org.springframework.web.client.DefaultRestClient$DefaultResponseSpec.toBodilessEntity(DefaultRestClient.java:888) ~[spring-web-7.0.9.jar:7.0.9]
	at org.springframework.cloud.netflix.eureka.http.RestClientEurekaHttpClient.register(RestClientEurekaHttpClient.java:64) ~[spring-cloud-netflix-eureka-client-5.0.2.jar:5.0.2]
	at com.netflix.discovery.shared.transport.decorator.EurekaHttpClientDecorator$1.execute(EurekaHttpClientDecorator.java:59) ~[eureka-client-2.0.6.jar:2.0.6]
	at com.netflix.discovery.shared.transport.decorator.RedirectingEurekaHttpClient.executeOnNewServer(RedirectingEurekaHttpClient.java:120) ~[eureka-client-2.0.6.jar:2.0.6]
	at com.netflix.discovery.shared.transport.decorator.RedirectingEurekaHttpClient.execute(RedirectingEurekaHttpClient.java:79) ~[eureka-client-2.0.6.jar:2.0.6]
	at com.netflix.discovery.shared.transport.decorator.EurekaHttpClientDecorator.register(EurekaHttpClientDecorator.java:56) ~[eureka-client-2.0.6.jar:2.0.6]
	at com.netflix.discovery.shared.transport.decorator.EurekaHttpClientDecorator$1.execute(EurekaHttpClientDecorator.java:59) ~[eureka-client-2.0.6.jar:2.0.6]
	at com.netflix.discovery.shared.transport.decorator.RetryableEurekaHttpClient.execute(RetryableEurekaHttpClient.java:120) ~[eureka-client-2.0.6.jar:2.0.6]
	at com.netflix.discovery.shared.transport.decorator.EurekaHttpClientDecorator.register(EurekaHttpClientDecorator.java:56) ~[eureka-client-2.0.6.jar:2.0.6]
	at com.netflix.discovery.shared.transport.decorator.EurekaHttpClientDecorator$1.execute(EurekaHttpClientDecorator.java:59) ~[eureka-client-2.0.6.jar:2.0.6]
	at com.netflix.discovery.shared.transport.decorator.SessionedEurekaHttpClient.execute(SessionedEurekaHttpClient.java:76) ~[eureka-client-2.0.6.jar:2.0.6]
	at com.netflix.discovery.shared.transport.decorator.EurekaHttpClientDecorator.register(EurekaHttpClientDecorator.java:56) ~[eureka-client-2.0.6.jar:2.0.6]
	at com.netflix.discovery.DiscoveryClient.register(DiscoveryClient.java:843) ~[eureka-client-2.0.6.jar:2.0.6]
	at com.netflix.discovery.InstanceInfoReplicator.run(InstanceInfoReplicator.java:125) ~[eureka-client-2.0.6.jar:2.0.6]
	at com.netflix.discovery.InstanceInfoReplicator$2.run(InstanceInfoReplicator.java:105) ~[eureka-client-2.0.6.jar:2.0.6]
	at java.base/java.util.concurrent.Executors$RunnableAdapter.call(Executors.java:545) ~[na:na]
	at java.base/java.util.concurrent.FutureTask.run(FutureTask.java:328) ~[na:na]
	at java.base/java.util.concurrent.ScheduledThreadPoolExecutor$ScheduledFutureTask.run(ScheduledThreadPoolExecutor.java:309) ~[na:na]
	at java.base/java.util.concurrent.ThreadPoolExecutor.runWorker(ThreadPoolExecutor.java:1095) ~[na:na]
	at java.base/java.util.concurrent.ThreadPoolExecutor$Worker.run(ThreadPoolExecutor.java:619) ~[na:na]
	at java.base/java.lang.Thread.run(Thread.java:1447) ~[na:na]
Caused by: org.apache.hc.client5.http.HttpHostConnectException: Connect to http://localhost:8761 failed: Connection refused: getsockopt
	at java.base/sun.nio.ch.Net.pollConnect(Native Method) ~[na:na]
	at java.base/sun.nio.ch.Net.pollConnectNow(Net.java:628) ~[na:na]
	at java.base/sun.nio.ch.NioSocketImpl.timedFinishConnect(NioSocketImpl.java:533) ~[na:na]
	at java.base/sun.nio.ch.NioSocketImpl.connect(NioSocketImpl.java:583) ~[na:na]
	at java.base/java.net.SocksSocketImpl.connect(SocksSocketImpl.java:282) ~[na:na]
	at java.base/java.net.Socket.connect(Socket.java:665) ~[na:na]
	at org.apache.hc.client5.http.impl.io.DefaultHttpClientConnectionOperator.connect(DefaultHttpClientConnectionOperator.java:219) ~[httpclient5-5.6.4.jar:5.6.4]
	at org.apache.hc.client5.http.impl.io.PoolingHttpClientConnectionManager.connect(PoolingHttpClientConnectionManager.java:547) ~[httpclient5-5.6.4.jar:5.6.4]
	at org.apache.hc.client5.http.impl.classic.InternalExecRuntime.connectEndpoint(InternalExecRuntime.java:164) ~[httpclient5-5.6.4.jar:5.6.4]
	at org.apache.hc.client5.http.impl.classic.InternalExecRuntime.connectEndpoint(InternalExecRuntime.java:174) ~[httpclient5-5.6.4.jar:5.6.4]
	at org.apache.hc.client5.http.impl.classic.ConnectExec.execute(ConnectExec.java:144) ~[httpclient5-5.6.4.jar:5.6.4]
	at org.apache.hc.client5.http.impl.classic.ExecChainElement.execute(ExecChainElement.java:51) ~[httpclient5-5.6.4.jar:5.6.4]
	at org.apache.hc.client5.http.impl.classic.ProtocolExec.execute(ProtocolExec.java:192) ~[httpclient5-5.6.4.jar:5.6.4]
	at org.apache.hc.client5.http.impl.classic.ExecChainElement.execute(ExecChainElement.java:51) ~[httpclient5-5.6.4.jar:5.6.4]
	at org.apache.hc.client5.http.impl.classic.ContentCompressionExec.execute(ContentCompressionExec.java:138) ~[httpclient5-5.6.4.jar:5.6.4]
	at org.apache.hc.client5.http.impl.classic.ExecChainElement.execute(ExecChainElement.java:51) ~[httpclient5-5.6.4.jar:5.6.4]
	at org.apache.hc.client5.http.impl.classic.HttpRequestRetryExec.execute(HttpRequestRetryExec.java:112) ~[httpclient5-5.6.4.jar:5.6.4]
	at org.apache.hc.client5.http.impl.classic.ExecChainElement.execute(ExecChainElement.java:51) ~[httpclient5-5.6.4.jar:5.6.4]
	at org.apache.hc.client5.http.impl.classic.RedirectExec.execute(RedirectExec.java:110) ~[httpclient5-5.6.4.jar:5.6.4]
	at org.apache.hc.client5.http.impl.classic.ExecChainElement.execute(ExecChainElement.java:51) ~[httpclient5-5.6.4.jar:5.6.4]
	at org.apache.hc.client5.http.impl.classic.InternalHttpClient.doExecute(InternalHttpClient.java:186) ~[httpclient5-5.6.4.jar:5.6.4]
	at org.apache.hc.client5.http.impl.classic.CloseableHttpClient.execute(CloseableHttpClient.java:87) ~[httpclient5-5.6.4.jar:5.6.4]
	at org.apache.hc.client5.http.impl.classic.CloseableHttpClient.execute(CloseableHttpClient.java:55) ~[httpclient5-5.6.4.jar:5.6.4]
	at org.apache.hc.client5.http.classic.HttpClient.executeOpen(HttpClient.java:183) ~[httpclient5-5.6.4.jar:5.6.4]
	at org.springframework.http.client.HttpComponentsClientHttpRequest.executeInternal(HttpComponentsClientHttpRequest.java:99) ~[spring-web-7.0.9.jar:7.0.9]
	at org.springframework.http.client.AbstractStreamingClientHttpRequest.executeInternal(AbstractStreamingClientHttpRequest.java:87) ~[spring-web-7.0.9.jar:7.0.9]
	at org.springframework.http.client.AbstractClientHttpRequest.execute(AbstractClientHttpRequest.java:80) ~[spring-web-7.0.9.jar:7.0.9]
	at org.springframework.http.client.AbstractBufferingClientHttpRequest.executeWithRequestAndBody(AbstractBufferingClientHttpRequest.java:89) ~[spring-web-7.0.9.jar:7.0.9]
	at org.springframework.http.client.InterceptingClientHttpRequest$EndOfChainRequestExecution.execute(InterceptingClientHttpRequest.java:102) ~[spring-web-7.0.9.jar:7.0.9]
	at org.springframework.cloud.netflix.eureka.http.RestClientTransportClientFactory.lambda$newClient$2(RestClientTransportClientFactory.java:98) ~[spring-cloud-netflix-eureka-client-5.0.2.jar:5.0.2]
	at org.springframework.http.client.ClientHttpRequestInterceptor.lambda$apply$0(ClientHttpRequestInterceptor.java:89) ~[spring-web-7.0.9.jar:7.0.9]
	at org.springframework.http.client.InterceptingClientHttpRequest.executeInternal(InterceptingClientHttpRequest.java:73) ~[spring-web-7.0.9.jar:7.0.9]
	at org.springframework.http.client.AbstractBufferingClientHttpRequest.executeInternal(AbstractBufferingClientHttpRequest.java:50) ~[spring-web-7.0.9.jar:7.0.9]
	at org.springframework.http.client.AbstractClientHttpRequest.execute(AbstractClientHttpRequest.java:80) ~[spring-web-7.0.9.jar:7.0.9]
	at org.springframework.web.client.DefaultRestClient$DefaultRequestBodyUriSpec.exchangeInternal(DefaultRestClient.java:614) ~[spring-web-7.0.9.jar:7.0.9]
	... 24 common frames omitted

2026-10-07T20:33:08.805+02:00  WARN 25288 --- [api-gateway] [DiscoveryClient-InstanceInfoReplicator-%d] [                                                 ] c.n.d.s.t.d.RetryableEurekaHttpClient    : Request execution failed with message: I/O error on POST request for "http://localhost:8761/eureka/apps/API-GATEWAY": Connect to http://localhost:8761 failed: Connection refused: getsockopt
2026-10-07T20:33:08.805+02:00  WARN 25288 --- [api-gateway] [DiscoveryClient-InstanceInfoReplicator-%d] [                                                 ] com.netflix.discovery.DiscoveryClient    : DiscoveryClient_API-GATEWAY/Kamil:api-gateway:8080 - registration failed Cannot execute request on any known server

com.netflix.discovery.shared.transport.TransportException: Cannot execute request on any known server
	at com.netflix.discovery.shared.transport.decorator.RetryableEurekaHttpClient.execute(RetryableEurekaHttpClient.java:112) ~[eureka-client-2.0.6.jar:2.0.6]
	at com.netflix.discovery.shared.transport.decorator.EurekaHttpClientDecorator.register(EurekaHttpClientDecorator.java:56) ~[eureka-client-2.0.6.jar:2.0.6]
	at com.netflix.discovery.shared.transport.decorator.EurekaHttpClientDecorator$1.execute(EurekaHttpClientDecorator.java:59) ~[eureka-client-2.0.6.jar:2.0.6]
	at com.netflix.discovery.shared.transport.decorator.SessionedEurekaHttpClient.execute(SessionedEurekaHttpClient.java:76) ~[eureka-client-2.0.6.jar:2.0.6]
	at com.netflix.discovery.shared.transport.decorator.EurekaHttpClientDecorator.register(EurekaHttpClientDecorator.java:56) ~[eureka-client-2.0.6.jar:2.0.6]
	at com.netflix.discovery.DiscoveryClient.register(DiscoveryClient.java:843) ~[eureka-client-2.0.6.jar:2.0.6]
	at com.netflix.discovery.InstanceInfoReplicator.run(InstanceInfoReplicator.java:125) ~[eureka-client-2.0.6.jar:2.0.6]
	at com.netflix.discovery.InstanceInfoReplicator$2.run(InstanceInfoReplicator.java:105) ~[eureka-client-2.0.6.jar:2.0.6]
	at java.base/java.util.concurrent.Executors$RunnableAdapter.call(Executors.java:545) ~[na:na]
	at java.base/java.util.concurrent.FutureTask.run(FutureTask.java:328) ~[na:na]
	at java.base/java.util.concurrent.ScheduledThreadPoolExecutor$ScheduledFutureTask.run(ScheduledThreadPoolExecutor.java:309) ~[na:na]
	at java.base/java.util.concurrent.ThreadPoolExecutor.runWorker(ThreadPoolExecutor.java:1095) ~[na:na]
	at java.base/java.util.concurrent.ThreadPoolExecutor$Worker.run(ThreadPoolExecutor.java:619) ~[na:na]
	at java.base/java.lang.Thread.run(Thread.java:1447) ~[na:na]

2026-10-07T20:33:08.806+02:00  WARN 25288 --- [api-gateway] [DiscoveryClient-InstanceInfoReplicator-%d] [                                                 ] c.n.discovery.InstanceInfoReplicator     : There was a problem with the instance info replicator

com.netflix.discovery.shared.transport.TransportException: Cannot execute request on any known server
	at com.netflix.discovery.shared.transport.decorator.RetryableEurekaHttpClient.execute(RetryableEurekaHttpClient.java:112) ~[eureka-client-2.0.6.jar:2.0.6]
	at com.netflix.discovery.shared.transport.decorator.EurekaHttpClientDecorator.register(EurekaHttpClientDecorator.java:56) ~[eureka-client-2.0.6.jar:2.0.6]
	at com.netflix.discovery.shared.transport.decorator.EurekaHttpClientDecorator$1.execute(EurekaHttpClientDecorator.java:59) ~[eureka-client-2.0.6.jar:2.0.6]
	at com.netflix.discovery.shared.transport.decorator.SessionedEurekaHttpClient.execute(SessionedEurekaHttpClient.java:76) ~[eureka-client-2.0.6.jar:2.0.6]
	at com.netflix.discovery.shared.transport.decorator.EurekaHttpClientDecorator.register(EurekaHttpClientDecorator.java:56) ~[eureka-client-2.0.6.jar:2.0.6]
	at com.netflix.discovery.DiscoveryClient.register(DiscoveryClient.java:843) ~[eureka-client-2.0.6.jar:2.0.6]
	at com.netflix.discovery.InstanceInfoReplicator.run(InstanceInfoReplicator.java:125) ~[eureka-client-2.0.6.jar:2.0.6]
	at com.netflix.discovery.InstanceInfoReplicator$2.run(InstanceInfoReplicator.java:105) ~[eureka-client-2.0.6.jar:2.0.6]
	at java.base/java.util.concurrent.Executors$RunnableAdapter.call(Executors.java:545) ~[na:na]
	at java.base/java.util.concurrent.FutureTask.run(FutureTask.java:328) ~[na:na]
	at java.base/java.util.concurrent.ScheduledThreadPoolExecutor$ScheduledFutureTask.run(ScheduledThreadPoolExecutor.java:309) ~[na:na]
	at java.base/java.util.concurrent.ThreadPoolExecutor.runWorker(ThreadPoolExecutor.java:1095) ~[na:na]
	at java.base/java.util.concurrent.ThreadPoolExecutor$Worker.run(ThreadPoolExecutor.java:619) ~[na:na]
	at java.base/java.lang.Thread.run(Thread.java:1447) ~[na:na]

2026-10-07T20:33:09.430+02:00  INFO 25288 --- [api-gateway] [SpringApplicationShutdownHook] [                                                 ] com.netflix.discovery.DiscoveryClient    : Shutting down DiscoveryClient ...
2026-10-07T20:33:12.431+02:00  INFO 25288 --- [api-gateway] [SpringApplicationShutdownHook] [                                                 ] com.netflix.discovery.DiscoveryClient    : Unregistering ...
2026-10-07T20:33:12.441+02:00  INFO 25288 --- [api-gateway] [SpringApplicationShutdownHook] [                                                 ] c.n.d.s.t.d.RedirectingEurekaHttpClient  : Request execution error. endpoint=DefaultEndpoint{ serviceUrl='http://localhost:8761/eureka/}, exception=I/O error on DELETE request for "http://localhost:8761/eureka/apps/API-GATEWAY/Kamil:api-gateway:8080": Connect to http://localhost:8761 failed: Connection refused: getsockopt

org.springframework.web.client.ResourceAccessException: I/O error on DELETE request for "http://localhost:8761/eureka/apps/API-GATEWAY/Kamil:api-gateway:8080": Connect to http://localhost:8761 failed: Connection refused: getsockopt
	at org.springframework.web.client.DefaultRestClient$DefaultRequestBodyUriSpec.createResourceAccessException(DefaultRestClient.java:779) ~[spring-web-7.0.9.jar:7.0.9]
	at org.springframework.web.client.DefaultRestClient$DefaultRequestBodyUriSpec.exchangeInternal(DefaultRestClient.java:624) ~[spring-web-7.0.9.jar:7.0.9]
	at org.springframework.web.client.DefaultRestClient$DefaultRequestBodyUriSpec.exchange(DefaultRestClient.java:572) ~[spring-web-7.0.9.jar:7.0.9]
	at org.springframework.web.client.RestClient$RequestHeadersSpec.exchange(RestClient.java:747) ~[spring-web-7.0.9.jar:7.0.9]
	at org.springframework.web.client.DefaultRestClient$DefaultResponseSpec.executeAndExtract(DefaultRestClient.java:924) ~[spring-web-7.0.9.jar:7.0.9]
	at org.springframework.web.client.DefaultRestClient$DefaultResponseSpec.toBodilessEntity(DefaultRestClient.java:888) ~[spring-web-7.0.9.jar:7.0.9]
	at org.springframework.cloud.netflix.eureka.http.RestClientEurekaHttpClient.cancel(RestClientEurekaHttpClient.java:73) ~[spring-cloud-netflix-eureka-client-5.0.2.jar:5.0.2]
	at com.netflix.discovery.shared.transport.decorator.EurekaHttpClientDecorator$2.execute(EurekaHttpClientDecorator.java:74) ~[eureka-client-2.0.6.jar:2.0.6]
	at com.netflix.discovery.shared.transport.decorator.RedirectingEurekaHttpClient.executeOnNewServer(RedirectingEurekaHttpClient.java:120) ~[eureka-client-2.0.6.jar:2.0.6]
	at com.netflix.discovery.shared.transport.decorator.RedirectingEurekaHttpClient.execute(RedirectingEurekaHttpClient.java:79) ~[eureka-client-2.0.6.jar:2.0.6]
	at com.netflix.discovery.shared.transport.decorator.EurekaHttpClientDecorator.cancel(EurekaHttpClientDecorator.java:71) ~[eureka-client-2.0.6.jar:2.0.6]
	at com.netflix.discovery.shared.transport.decorator.EurekaHttpClientDecorator$2.execute(EurekaHttpClientDecorator.java:74) ~[eureka-client-2.0.6.jar:2.0.6]
	at com.netflix.discovery.shared.transport.decorator.RetryableEurekaHttpClient.execute(RetryableEurekaHttpClient.java:120) ~[eureka-client-2.0.6.jar:2.0.6]
	at com.netflix.discovery.shared.transport.decorator.EurekaHttpClientDecorator.cancel(EurekaHttpClientDecorator.java:71) ~[eureka-client-2.0.6.jar:2.0.6]
	at com.netflix.discovery.shared.transport.decorator.EurekaHttpClientDecorator$2.execute(EurekaHttpClientDecorator.java:74) ~[eureka-client-2.0.6.jar:2.0.6]
	at com.netflix.discovery.shared.transport.decorator.SessionedEurekaHttpClient.execute(SessionedEurekaHttpClient.java:76) ~[eureka-client-2.0.6.jar:2.0.6]
	at com.netflix.discovery.shared.transport.decorator.EurekaHttpClientDecorator.cancel(EurekaHttpClientDecorator.java:71) ~[eureka-client-2.0.6.jar:2.0.6]
	at com.netflix.discovery.DiscoveryClient.unregister(DiscoveryClient.java:934) ~[eureka-client-2.0.6.jar:2.0.6]
	at com.netflix.discovery.DiscoveryClient.shutdown(DiscoveryClient.java:915) ~[eureka-client-2.0.6.jar:2.0.6]
	at java.base/jdk.internal.reflect.DirectMethodHandleAccessor.invoke(DirectMethodHandleAccessor.java:104) ~[na:na]
	at java.base/java.lang.reflect.Method.invoke(Method.java:565) ~[na:na]
	at org.springframework.beans.factory.annotation.InitDestroyAnnotationBeanPostProcessor$LifecycleMethod.invoke(InitDestroyAnnotationBeanPostProcessor.java:453) ~[spring-beans-7.0.9.jar:7.0.9]
	at org.springframework.beans.factory.annotation.InitDestroyAnnotationBeanPostProcessor$LifecycleMetadata.invokeDestroyMethods(InitDestroyAnnotationBeanPostProcessor.java:411) ~[spring-beans-7.0.9.jar:7.0.9]
	at org.springframework.beans.factory.annotation.InitDestroyAnnotationBeanPostProcessor.postProcessBeforeDestruction(InitDestroyAnnotationBeanPostProcessor.java:237) ~[spring-beans-7.0.9.jar:7.0.9]
	at org.springframework.beans.factory.support.DisposableBeanAdapter.destroy(DisposableBeanAdapter.java:200) ~[spring-beans-7.0.9.jar:7.0.9]
	at org.springframework.beans.factory.support.DisposableBeanAdapter.run(DisposableBeanAdapter.java:193) ~[spring-beans-7.0.9.jar:7.0.9]
	at org.springframework.cloud.context.scope.GenericScope$BeanLifecycleWrapper.destroy(GenericScope.java:387) ~[spring-cloud-context-5.0.3.jar:5.0.3]
	at org.springframework.cloud.context.scope.GenericScope.destroy(GenericScope.java:134) ~[spring-cloud-context-5.0.3.jar:5.0.3]
	at org.springframework.beans.factory.support.DisposableBeanAdapter.destroy(DisposableBeanAdapter.java:209) ~[spring-beans-7.0.9.jar:7.0.9]
	at org.springframework.beans.factory.support.DefaultSingletonBeanRegistry.destroyBean(DefaultSingletonBeanRegistry.java:795) ~[spring-beans-7.0.9.jar:7.0.9]
	at org.springframework.beans.factory.support.DefaultSingletonBeanRegistry.destroySingleton(DefaultSingletonBeanRegistry.java:745) ~[spring-beans-7.0.9.jar:7.0.9]
	at org.springframework.beans.factory.support.DefaultListableBeanFactory.destroySingleton(DefaultListableBeanFactory.java:1507) ~[spring-beans-7.0.9.jar:7.0.9]
	at org.springframework.beans.factory.support.DefaultSingletonBeanRegistry.destroySingletons(DefaultSingletonBeanRegistry.java:704) ~[spring-beans-7.0.9.jar:7.0.9]
	at org.springframework.beans.factory.support.DefaultListableBeanFactory.destroySingletons(DefaultListableBeanFactory.java:1500) ~[spring-beans-7.0.9.jar:7.0.9]
	at org.springframework.context.support.AbstractApplicationContext.destroyBeans(AbstractApplicationContext.java:1246) ~[spring-context-7.0.9.jar:7.0.9]
	at org.springframework.context.support.AbstractApplicationContext.doClose(AbstractApplicationContext.java:1207) ~[spring-context-7.0.9.jar:7.0.9]
	at org.springframework.boot.web.server.reactive.context.ReactiveWebServerApplicationContext.doClose(ReactiveWebServerApplicationContext.java:158) ~[spring-boot-web-server-4.1.1.jar:4.1.1]
	at org.springframework.context.support.AbstractApplicationContext.close(AbstractApplicationContext.java:1153) ~[spring-context-7.0.9.jar:7.0.9]
	at org.springframework.boot.SpringApplicationShutdownHook.closeAndWait(SpringApplicationShutdownHook.java:147) ~[spring-boot-4.1.1.jar:4.1.1]
	at java.base/java.lang.Iterable.forEach(Iterable.java:75) ~[na:na]
	at org.springframework.boot.SpringApplicationShutdownHook.run(SpringApplicationShutdownHook.java:116) ~[spring-boot-4.1.1.jar:4.1.1]
	at java.base/java.lang.Thread.run(Thread.java:1447) ~[na:na]
Caused by: org.apache.hc.client5.http.HttpHostConnectException: Connect to http://localhost:8761 failed: Connection refused: getsockopt
	at java.base/sun.nio.ch.Net.pollConnect(Native Method) ~[na:na]
	at java.base/sun.nio.ch.Net.pollConnectNow(Net.java:628) ~[na:na]
	at java.base/sun.nio.ch.NioSocketImpl.timedFinishConnect(NioSocketImpl.java:533) ~[na:na]
	at java.base/sun.nio.ch.NioSocketImpl.connect(NioSocketImpl.java:583) ~[na:na]
	at java.base/java.net.SocksSocketImpl.connect(SocksSocketImpl.java:282) ~[na:na]
	at java.base/java.net.Socket.connect(Socket.java:665) ~[na:na]
	at org.apache.hc.client5.http.impl.io.DefaultHttpClientConnectionOperator.connect(DefaultHttpClientConnectionOperator.java:219) ~[httpclient5-5.6.4.jar:5.6.4]
	at org.apache.hc.client5.http.impl.io.PoolingHttpClientConnectionManager.connect(PoolingHttpClientConnectionManager.java:547) ~[httpclient5-5.6.4.jar:5.6.4]
	at org.apache.hc.client5.http.impl.classic.InternalExecRuntime.connectEndpoint(InternalExecRuntime.java:164) ~[httpclient5-5.6.4.jar:5.6.4]
	at org.apache.hc.client5.http.impl.classic.InternalExecRuntime.connectEndpoint(InternalExecRuntime.java:174) ~[httpclient5-5.6.4.jar:5.6.4]
	at org.apache.hc.client5.http.impl.classic.ConnectExec.execute(ConnectExec.java:144) ~[httpclient5-5.6.4.jar:5.6.4]
	at org.apache.hc.client5.http.impl.classic.ExecChainElement.execute(ExecChainElement.java:51) ~[httpclient5-5.6.4.jar:5.6.4]
	at org.apache.hc.client5.http.impl.classic.ProtocolExec.execute(ProtocolExec.java:192) ~[httpclient5-5.6.4.jar:5.6.4]
	at org.apache.hc.client5.http.impl.classic.ExecChainElement.execute(ExecChainElement.java:51) ~[httpclient5-5.6.4.jar:5.6.4]
	at org.apache.hc.client5.http.impl.classic.ContentCompressionExec.execute(ContentCompressionExec.java:138) ~[httpclient5-5.6.4.jar:5.6.4]
	at org.apache.hc.client5.http.impl.classic.ExecChainElement.execute(ExecChainElement.java:51) ~[httpclient5-5.6.4.jar:5.6.4]
	at org.apache.hc.client5.http.impl.classic.HttpRequestRetryExec.execute(HttpRequestRetryExec.java:112) ~[httpclient5-5.6.4.jar:5.6.4]
	at org.apache.hc.client5.http.impl.classic.ExecChainElement.execute(ExecChainElement.java:51) ~[httpclient5-5.6.4.jar:5.6.4]
	at org.apache.hc.client5.http.impl.classic.RedirectExec.execute(RedirectExec.java:110) ~[httpclient5-5.6.4.jar:5.6.4]
	at org.apache.hc.client5.http.impl.classic.ExecChainElement.execute(ExecChainElement.java:51) ~[httpclient5-5.6.4.jar:5.6.4]
	at org.apache.hc.client5.http.impl.classic.InternalHttpClient.doExecute(InternalHttpClient.java:186) ~[httpclient5-5.6.4.jar:5.6.4]
	at org.apache.hc.client5.http.impl.classic.CloseableHttpClient.execute(CloseableHttpClient.java:87) ~[httpclient5-5.6.4.jar:5.6.4]
	at org.apache.hc.client5.http.impl.classic.CloseableHttpClient.execute(CloseableHttpClient.java:55) ~[httpclient5-5.6.4.jar:5.6.4]
	at org.apache.hc.client5.http.classic.HttpClient.executeOpen(HttpClient.java:183) ~[httpclient5-5.6.4.jar:5.6.4]
	at org.springframework.http.client.HttpComponentsClientHttpRequest.executeInternal(HttpComponentsClientHttpRequest.java:99) ~[spring-web-7.0.9.jar:7.0.9]
	at org.springframework.http.client.AbstractStreamingClientHttpRequest.executeInternal(AbstractStreamingClientHttpRequest.java:87) ~[spring-web-7.0.9.jar:7.0.9]
	at org.springframework.http.client.AbstractClientHttpRequest.execute(AbstractClientHttpRequest.java:80) ~[spring-web-7.0.9.jar:7.0.9]
	at org.springframework.http.client.AbstractBufferingClientHttpRequest.executeWithRequestAndBody(AbstractBufferingClientHttpRequest.java:89) ~[spring-web-7.0.9.jar:7.0.9]
	at org.springframework.http.client.InterceptingClientHttpRequest$EndOfChainRequestExecution.execute(InterceptingClientHttpRequest.java:102) ~[spring-web-7.0.9.jar:7.0.9]
	at org.springframework.cloud.netflix.eureka.http.RestClientTransportClientFactory.lambda$newClient$2(RestClientTransportClientFactory.java:98) ~[spring-cloud-netflix-eureka-client-5.0.2.jar:5.0.2]
	at org.springframework.http.client.ClientHttpRequestInterceptor.lambda$apply$0(ClientHttpRequestInterceptor.java:89) ~[spring-web-7.0.9.jar:7.0.9]
	at org.springframework.http.client.InterceptingClientHttpRequest.executeInternal(InterceptingClientHttpRequest.java:73) ~[spring-web-7.0.9.jar:7.0.9]
	at org.springframework.http.client.AbstractBufferingClientHttpRequest.executeInternal(AbstractBufferingClientHttpRequest.java:50) ~[spring-web-7.0.9.jar:7.0.9]
	at org.springframework.http.client.AbstractClientHttpRequest.execute(AbstractClientHttpRequest.java:80) ~[spring-web-7.0.9.jar:7.0.9]
	at org.springframework.web.client.DefaultRestClient$DefaultRequestBodyUriSpec.exchangeInternal(DefaultRestClient.java:614) ~[spring-web-7.0.9.jar:7.0.9]
	... 40 common frames omitted

2026-10-07T20:33:12.444+02:00  WARN 25288 --- [api-gateway] [SpringApplicationShutdownHook] [                                                 ] c.n.d.s.t.d.RetryableEurekaHttpClient    : Request execution failed with message: I/O error on DELETE request for "http://localhost:8761/eureka/apps/API-GATEWAY/Kamil:api-gateway:8080": Connect to http://localhost:8761 failed: Connection refused: getsockopt
2026-10-07T20:33:12.444+02:00 ERROR 25288 --- [api-gateway] [SpringApplicationShutdownHook] [                                                 ] com.netflix.discovery.DiscoveryClient    : DiscoveryClient_API-GATEWAY/Kamil:api-gateway:8080 - de-registration failedCannot execute request on any known server

com.netflix.discovery.shared.transport.TransportException: Cannot execute request on any known server
	at com.netflix.discovery.shared.transport.decorator.RetryableEurekaHttpClient.execute(RetryableEurekaHttpClient.java:112) ~[eureka-client-2.0.6.jar:2.0.6]
	at com.netflix.discovery.shared.transport.decorator.EurekaHttpClientDecorator.cancel(EurekaHttpClientDecorator.java:71) ~[eureka-client-2.0.6.jar:2.0.6]
	at com.netflix.discovery.shared.transport.decorator.EurekaHttpClientDecorator$2.execute(EurekaHttpClientDecorator.java:74) ~[eureka-client-2.0.6.jar:2.0.6]
	at com.netflix.discovery.shared.transport.decorator.SessionedEurekaHttpClient.execute(SessionedEurekaHttpClient.java:76) ~[eureka-client-2.0.6.jar:2.0.6]
	at com.netflix.discovery.shared.transport.decorator.EurekaHttpClientDecorator.cancel(EurekaHttpClientDecorator.java:71) ~[eureka-client-2.0.6.jar:2.0.6]
	at com.netflix.discovery.DiscoveryClient.unregister(DiscoveryClient.java:934) ~[eureka-client-2.0.6.jar:2.0.6]
	at com.netflix.discovery.DiscoveryClient.shutdown(DiscoveryClient.java:915) ~[eureka-client-2.0.6.jar:2.0.6]
	at java.base/jdk.internal.reflect.DirectMethodHandleAccessor.invoke(DirectMethodHandleAccessor.java:104) ~[na:na]
	at java.base/java.lang.reflect.Method.invoke(Method.java:565) ~[na:na]
	at org.springframework.beans.factory.annotation.InitDestroyAnnotationBeanPostProcessor$LifecycleMethod.invoke(InitDestroyAnnotationBeanPostProcessor.java:453) ~[spring-beans-7.0.9.jar:7.0.9]
	at org.springframework.beans.factory.annotation.InitDestroyAnnotationBeanPostProcessor$LifecycleMetadata.invokeDestroyMethods(InitDestroyAnnotationBeanPostProcessor.java:411) ~[spring-beans-7.0.9.jar:7.0.9]
	at org.springframework.beans.factory.annotation.InitDestroyAnnotationBeanPostProcessor.postProcessBeforeDestruction(InitDestroyAnnotationBeanPostProcessor.java:237) ~[spring-beans-7.0.9.jar:7.0.9]
	at org.springframework.beans.factory.support.DisposableBeanAdapter.destroy(DisposableBeanAdapter.java:200) ~[spring-beans-7.0.9.jar:7.0.9]
	at org.springframework.beans.factory.support.DisposableBeanAdapter.run(DisposableBeanAdapter.java:193) ~[spring-beans-7.0.9.jar:7.0.9]
	at org.springframework.cloud.context.scope.GenericScope$BeanLifecycleWrapper.destroy(GenericScope.java:387) ~[spring-cloud-context-5.0.3.jar:5.0.3]
	at org.springframework.cloud.context.scope.GenericScope.destroy(GenericScope.java:134) ~[spring-cloud-context-5.0.3.jar:5.0.3]
	at org.springframework.beans.factory.support.DisposableBeanAdapter.destroy(DisposableBeanAdapter.java:209) ~[spring-beans-7.0.9.jar:7.0.9]
	at org.springframework.beans.factory.support.DefaultSingletonBeanRegistry.destroyBean(DefaultSingletonBeanRegistry.java:795) ~[spring-beans-7.0.9.jar:7.0.9]
	at org.springframework.beans.factory.support.DefaultSingletonBeanRegistry.destroySingleton(DefaultSingletonBeanRegistry.java:745) ~[spring-beans-7.0.9.jar:7.0.9]
	at org.springframework.beans.factory.support.DefaultListableBeanFactory.destroySingleton(DefaultListableBeanFactory.java:1507) ~[spring-beans-7.0.9.jar:7.0.9]
	at org.springframework.beans.factory.support.DefaultSingletonBeanRegistry.destroySingletons(DefaultSingletonBeanRegistry.java:704) ~[spring-beans-7.0.9.jar:7.0.9]
	at org.springframework.beans.factory.support.DefaultListableBeanFactory.destroySingletons(DefaultListableBeanFactory.java:1500) ~[spring-beans-7.0.9.jar:7.0.9]
	at org.springframework.context.support.AbstractApplicationContext.destroyBeans(AbstractApplicationContext.java:1246) ~[spring-context-7.0.9.jar:7.0.9]
	at org.springframework.context.support.AbstractApplicationContext.doClose(AbstractApplicationContext.java:1207) ~[spring-context-7.0.9.jar:7.0.9]
	at org.springframework.boot.web.server.reactive.context.ReactiveWebServerApplicationContext.doClose(ReactiveWebServerApplicationContext.java:158) ~[spring-boot-web-server-4.1.1.jar:4.1.1]
	at org.springframework.context.support.AbstractApplicationContext.close(AbstractApplicationContext.java:1153) ~[spring-context-7.0.9.jar:7.0.9]
	at org.springframework.boot.SpringApplicationShutdownHook.closeAndWait(SpringApplicationShutdownHook.java:147) ~[spring-boot-4.1.1.jar:4.1.1]
	at java.base/java.lang.Iterable.forEach(Iterable.java:75) ~[na:na]
	at org.springframework.boot.SpringApplicationShutdownHook.run(SpringApplicationShutdownHook.java:116) ~[spring-boot-4.1.1.jar:4.1.1]
	at java.base/java.lang.Thread.run(Thread.java:1447) ~[na:na]

2026-10-07T20:33:12.446+02:00  INFO 25288 --- [api-gateway] [SpringApplicationShutdownHook] [                                                 ] com.netflix.discovery.DiscoveryClient    : Completed shut down of DiscoveryClient
2026-10-07T20:34:53.291+02:00  INFO 17920 --- [api-gateway] [restartedMain] [                                                 ] c.ecommerce.gateway.GatewayApplication   : Starting GatewayApplication using Java 24.0.1 with PID 17920 (E:\Programy\Github\nowy-ecomerce\nowy\ecom\gateway\target\classes started by KPSzy in E:\Programy\Github\nowy-ecomerce\nowy\ecom)
2026-10-07T20:34:53.295+02:00  INFO 17920 --- [api-gateway] [restartedMain] [                                                 ] c.ecommerce.gateway.GatewayApplication   : No active profile set, falling back to 1 default profile: "default"
2026-10-07T20:34:53.349+02:00  INFO 17920 --- [api-gateway] [restartedMain] [                                                 ] o.s.c.c.c.ConfigServerConfigDataLoader   : Fetching config from server at : http://localhost:8888
2026-10-07T20:34:53.350+02:00  INFO 17920 --- [api-gateway] [restartedMain] [                                                 ] o.s.c.c.c.ConfigServerConfigDataLoader   : Located environment: name=api-gateway, profiles=[default], label=null, version=null, state=null
2026-10-07T20:34:53.352+02:00  INFO 17920 --- [api-gateway] [restartedMain] [                                                 ] .e.DevToolsPropertyDefaultsPostProcessor : Devtools property defaults active! Set 'spring.devtools.add-properties' to 'false' to disable
2026-10-07T20:34:54.433+02:00  INFO 17920 --- [api-gateway] [restartedMain] [                                                 ] o.s.cloud.context.scope.GenericScope     : BeanFactory id=eea85bbd-ac6c-3973-bd1a-7d34cde04504
2026-10-07T20:34:55.677+02:00  WARN 17920 --- [api-gateway] [restartedMain] [                                                 ] o.h.v.i.m.a.CascadingMetaDataBuilder     : HV000271: Using `@Valid` on a container (java.util.List) is deprecated. You should apply the annotation on the type argument(s). Affected element: routes
2026-10-07T20:34:55.890+02:00  INFO 17920 --- [api-gateway] [restartedMain] [                                                 ] o.s.c.g.r.RouteDefinitionRouteLocator    : Loaded RoutePredicateFactory [After]
2026-10-07T20:34:55.890+02:00  INFO 17920 --- [api-gateway] [restartedMain] [                                                 ] o.s.c.g.r.RouteDefinitionRouteLocator    : Loaded RoutePredicateFactory [Before]
2026-10-07T20:34:55.890+02:00  INFO 17920 --- [api-gateway] [restartedMain] [                                                 ] o.s.c.g.r.RouteDefinitionRouteLocator    : Loaded RoutePredicateFactory [Between]
2026-10-07T20:34:55.890+02:00  INFO 17920 --- [api-gateway] [restartedMain] [                                                 ] o.s.c.g.r.RouteDefinitionRouteLocator    : Loaded RoutePredicateFactory [Cookie]
2026-10-07T20:34:55.890+02:00  INFO 17920 --- [api-gateway] [restartedMain] [                                                 ] o.s.c.g.r.RouteDefinitionRouteLocator    : Loaded RoutePredicateFactory [Header]
2026-10-07T20:34:55.890+02:00  INFO 17920 --- [api-gateway] [restartedMain] [                                                 ] o.s.c.g.r.RouteDefinitionRouteLocator    : Loaded RoutePredicateFactory [Host]
2026-10-07T20:34:55.891+02:00  INFO 17920 --- [api-gateway] [restartedMain] [                                                 ] o.s.c.g.r.RouteDefinitionRouteLocator    : Loaded RoutePredicateFactory [Method]
2026-10-07T20:34:55.891+02:00  INFO 17920 --- [api-gateway] [restartedMain] [                                                 ] o.s.c.g.r.RouteDefinitionRouteLocator    : Loaded RoutePredicateFactory [Path]
2026-10-07T20:34:55.891+02:00  INFO 17920 --- [api-gateway] [restartedMain] [                                                 ] o.s.c.g.r.RouteDefinitionRouteLocator    : Loaded RoutePredicateFactory [Query]
2026-10-07T20:34:55.891+02:00  INFO 17920 --- [api-gateway] [restartedMain] [                                                 ] o.s.c.g.r.RouteDefinitionRouteLocator    : Loaded RoutePredicateFactory [ReadBody]
2026-10-07T20:34:55.891+02:00  INFO 17920 --- [api-gateway] [restartedMain] [                                                 ] o.s.c.g.r.RouteDefinitionRouteLocator    : Loaded RoutePredicateFactory [RemoteAddr]
2026-10-07T20:34:55.892+02:00  INFO 17920 --- [api-gateway] [restartedMain] [                                                 ] o.s.c.g.r.RouteDefinitionRouteLocator    : Loaded RoutePredicateFactory [Version]
2026-10-07T20:34:55.892+02:00  INFO 17920 --- [api-gateway] [restartedMain] [                                                 ] o.s.c.g.r.RouteDefinitionRouteLocator    : Loaded RoutePredicateFactory [XForwardedRemoteAddr]
2026-10-07T20:34:55.892+02:00  INFO 17920 --- [api-gateway] [restartedMain] [                                                 ] o.s.c.g.r.RouteDefinitionRouteLocator    : Loaded RoutePredicateFactory [Weight]
2026-10-07T20:34:55.892+02:00  INFO 17920 --- [api-gateway] [restartedMain] [                                                 ] o.s.c.g.r.RouteDefinitionRouteLocator    : Loaded RoutePredicateFactory [CloudFoundryRouteService]
2026-10-07T20:34:56.607+02:00  INFO 17920 --- [api-gateway] [restartedMain] [                                                 ] DiscoveryClientOptionalArgsConfiguration : Eureka HTTP Client uses RestClient.
2026-10-07T20:34:56.673+02:00  INFO 17920 --- [api-gateway] [restartedMain] [                                                 ] o.s.c.n.eureka.InstanceInfoFactory       : Setting initial instance status as: STARTING
2026-10-07T20:34:56.690+02:00  INFO 17920 --- [api-gateway] [restartedMain] [                                                 ] com.netflix.discovery.DiscoveryClient    : Initializing Eureka in region us-east-1
2026-10-07T20:34:56.693+02:00  INFO 17920 --- [api-gateway] [restartedMain] [                                                 ] c.n.d.s.r.aws.ConfigClusterResolver      : Resolving eureka endpoints via configuration
2026-10-07T20:34:56.700+02:00  INFO 17920 --- [api-gateway] [restartedMain] [                                                 ] com.netflix.discovery.DiscoveryClient    : Disable delta property : false
2026-10-07T20:34:56.701+02:00  INFO 17920 --- [api-gateway] [restartedMain] [                                                 ] com.netflix.discovery.DiscoveryClient    : Single vip registry refresh property : null
2026-10-07T20:34:56.701+02:00  INFO 17920 --- [api-gateway] [restartedMain] [                                                 ] com.netflix.discovery.DiscoveryClient    : Force full registry fetch : false
2026-10-07T20:34:56.701+02:00  INFO 17920 --- [api-gateway] [restartedMain] [                                                 ] com.netflix.discovery.DiscoveryClient    : Application is null : false
2026-10-07T20:34:56.701+02:00  INFO 17920 --- [api-gateway] [restartedMain] [                                                 ] com.netflix.discovery.DiscoveryClient    : Registered Applications size is zero : true
2026-10-07T20:34:56.701+02:00  INFO 17920 --- [api-gateway] [restartedMain] [                                                 ] com.netflix.discovery.DiscoveryClient    : Application version is -1: true
2026-10-07T20:34:56.702+02:00  INFO 17920 --- [api-gateway] [restartedMain] [                                                 ] com.netflix.discovery.DiscoveryClient    : Getting all instance registry info from the eureka server
2026-10-07T20:34:56.978+02:00  INFO 17920 --- [api-gateway] [restartedMain] [                                                 ] com.netflix.discovery.DiscoveryClient    : The response status is 200
2026-10-07T20:34:56.979+02:00  INFO 17920 --- [api-gateway] [restartedMain] [                                                 ] com.netflix.discovery.DiscoveryClient    : Starting heartbeat executor: renew interval is: 30
2026-10-07T20:34:56.981+02:00  INFO 17920 --- [api-gateway] [restartedMain] [                                                 ] c.n.discovery.InstanceInfoReplicator     : InstanceInfoReplicator onDemand update allowed rate per min is 4
2026-10-07T20:34:56.984+02:00  INFO 17920 --- [api-gateway] [restartedMain] [                                                 ] com.netflix.discovery.DiscoveryClient    : Discovery Client initialized at timestamp 1791398096984 with initial instances count: 3
2026-10-07T20:34:56.988+02:00  INFO 17920 --- [api-gateway] [restartedMain] [                                                 ] o.s.c.n.e.s.EurekaServiceRegistry        : Registering application API-GATEWAY with eureka with status UP
2026-10-07T20:34:56.989+02:00  INFO 17920 --- [api-gateway] [restartedMain] [                                                 ] com.netflix.discovery.DiscoveryClient    : Saw local status change event StatusChangeEvent [timestamp=1791398096989, current=UP, previous=STARTING]
2026-10-07T20:34:56.990+02:00  INFO 17920 --- [api-gateway] [DiscoveryClient-InstanceInfoReplicator-%d] [                                                 ] com.netflix.discovery.DiscoveryClient    : DiscoveryClient_API-GATEWAY/Kamil:api-gateway:8080: registering service...
2026-10-07T20:34:57.029+02:00  INFO 17920 --- [api-gateway] [DiscoveryClient-InstanceInfoReplicator-%d] [                                                 ] com.netflix.discovery.DiscoveryClient    : DiscoveryClient_API-GATEWAY/Kamil:api-gateway:8080 - registration status: 204
2026-10-07T20:34:57.106+02:00  INFO 17920 --- [api-gateway] [restartedMain] [                                                 ] o.s.boot.reactor.netty.NettyWebServer    : Netty started on port 8080 (http)
2026-10-07T20:34:57.108+02:00  INFO 17920 --- [api-gateway] [restartedMain] [                                                 ] .s.c.n.e.s.EurekaAutoServiceRegistration : Updating port to 8080
2026-10-07T20:34:57.122+02:00  INFO 17920 --- [api-gateway] [restartedMain] [                                                 ] c.ecommerce.gateway.GatewayApplication   : Started GatewayApplication in 4.859 seconds (process running for 5.728)
2026-10-07T20:37:55.313+02:00  INFO 17920 --- [api-gateway] [File Watcher] [                                                 ] rtingClassPathChangeChangedEventListener : Restarting due to 1 class path change (0 additions, 0 deletions, 1 modification)
2026-10-07T20:37:55.315+02:00  INFO 17920 --- [api-gateway] [Thread-1] [                                                 ] o.s.c.n.e.s.EurekaServiceRegistry        : Unregistering application API-GATEWAY with eureka with status DOWN
2026-10-07T20:37:55.316+02:00  INFO 17920 --- [api-gateway] [Thread-1] [                                                 ] com.netflix.discovery.DiscoveryClient    : Saw local status change event StatusChangeEvent [timestamp=1791398275316, current=DOWN, previous=UP]
2026-10-07T20:37:55.316+02:00  INFO 17920 --- [api-gateway] [DiscoveryClient-InstanceInfoReplicator-%d] [                                                 ] com.netflix.discovery.DiscoveryClient    : DiscoveryClient_API-GATEWAY/Kamil:api-gateway:8080: registering service...
2026-10-07T20:37:55.320+02:00  INFO 17920 --- [api-gateway] [Thread-1] [                                                 ] o.s.boot.reactor.netty.GracefulShutdown  : Commencing graceful shutdown. Waiting for active requests to complete
2026-10-07T20:37:55.323+02:00  INFO 17920 --- [api-gateway] [netty-shutdown] [                                                 ] o.s.boot.reactor.netty.GracefulShutdown  : Graceful shutdown complete
2026-10-07T20:37:55.325+02:00  INFO 17920 --- [api-gateway] [DiscoveryClient-InstanceInfoReplicator-%d] [                                                 ] com.netflix.discovery.DiscoveryClient    : DiscoveryClient_API-GATEWAY/Kamil:api-gateway:8080 - registration status: 204
2026-10-07T20:37:56.233+02:00  INFO 17920 --- [api-gateway] [Thread-1] [                                                 ] com.netflix.discovery.DiscoveryClient    : Shutting down DiscoveryClient ...
2026-10-07T20:37:59.235+02:00  WARN 17920 --- [api-gateway] [DiscoveryClient-%d] [                                                 ] c.netflix.discovery.TimedSupervisorTask  : task supervisor shutting down, can't accept the task
2026-10-07T20:37:59.235+02:00  INFO 17920 --- [api-gateway] [Thread-1] [                                                 ] com.netflix.discovery.DiscoveryClient    : Unregistering ...
2026-10-07T20:37:59.241+02:00  INFO 17920 --- [api-gateway] [Thread-1] [                                                 ] com.netflix.discovery.DiscoveryClient    : DiscoveryClient_API-GATEWAY/Kamil:api-gateway:8080 - deregister  status: 200
2026-10-07T20:37:59.242+02:00  INFO 17920 --- [api-gateway] [Thread-1] [                                                 ] com.netflix.discovery.DiscoveryClient    : Completed shut down of DiscoveryClient
2026-10-07T20:41:14.504+02:00  INFO 11384 --- [api-gateway] [restartedMain] [                                                 ] c.ecommerce.gateway.GatewayApplication   : Starting GatewayApplication using Java 24.0.1 with PID 11384 (E:\Programy\Github\nowy-ecomerce\nowy\ecom\gateway\target\classes started by KPSzy in E:\Programy\Github\nowy-ecomerce\nowy\ecom)
2026-10-07T20:41:14.508+02:00  INFO 11384 --- [api-gateway] [restartedMain] [                                                 ] c.ecommerce.gateway.GatewayApplication   : No active profile set, falling back to 1 default profile: "default"
2026-10-07T20:41:14.575+02:00  INFO 11384 --- [api-gateway] [restartedMain] [                                                 ] o.s.c.c.c.ConfigServerConfigDataLoader   : Fetching config from server at : http://localhost:8888
2026-10-07T20:41:14.575+02:00  INFO 11384 --- [api-gateway] [restartedMain] [                                                 ] o.s.c.c.c.ConfigServerConfigDataLoader   : Located environment: name=api-gateway, profiles=[default], label=null, version=null, state=null
2026-10-07T20:41:14.578+02:00  INFO 11384 --- [api-gateway] [restartedMain] [                                                 ] .e.DevToolsPropertyDefaultsPostProcessor : Devtools property defaults active! Set 'spring.devtools.add-properties' to 'false' to disable
2026-10-07T20:41:15.689+02:00  INFO 11384 --- [api-gateway] [restartedMain] [                                                 ] o.s.cloud.context.scope.GenericScope     : BeanFactory id=eea85bbd-ac6c-3973-bd1a-7d34cde04504
2026-10-07T20:41:16.887+02:00  WARN 11384 --- [api-gateway] [restartedMain] [                                                 ] o.h.v.i.m.a.CascadingMetaDataBuilder     : HV000271: Using `@Valid` on a container (java.util.List) is deprecated. You should apply the annotation on the type argument(s). Affected element: routes
2026-10-07T20:41:17.071+02:00  INFO 11384 --- [api-gateway] [restartedMain] [                                                 ] o.s.c.g.r.RouteDefinitionRouteLocator    : Loaded RoutePredicateFactory [After]
2026-10-07T20:41:17.072+02:00  INFO 11384 --- [api-gateway] [restartedMain] [                                                 ] o.s.c.g.r.RouteDefinitionRouteLocator    : Loaded RoutePredicateFactory [Before]
2026-10-07T20:41:17.072+02:00  INFO 11384 --- [api-gateway] [restartedMain] [                                                 ] o.s.c.g.r.RouteDefinitionRouteLocator    : Loaded RoutePredicateFactory [Between]
2026-10-07T20:41:17.072+02:00  INFO 11384 --- [api-gateway] [restartedMain] [                                                 ] o.s.c.g.r.RouteDefinitionRouteLocator    : Loaded RoutePredicateFactory [Cookie]
2026-10-07T20:41:17.072+02:00  INFO 11384 --- [api-gateway] [restartedMain] [                                                 ] o.s.c.g.r.RouteDefinitionRouteLocator    : Loaded RoutePredicateFactory [Header]
2026-10-07T20:41:17.072+02:00  INFO 11384 --- [api-gateway] [restartedMain] [                                                 ] o.s.c.g.r.RouteDefinitionRouteLocator    : Loaded RoutePredicateFactory [Host]
2026-10-07T20:41:17.072+02:00  INFO 11384 --- [api-gateway] [restartedMain] [                                                 ] o.s.c.g.r.RouteDefinitionRouteLocator    : Loaded RoutePredicateFactory [Method]
2026-10-07T20:41:17.072+02:00  INFO 11384 --- [api-gateway] [restartedMain] [                                                 ] o.s.c.g.r.RouteDefinitionRouteLocator    : Loaded RoutePredicateFactory [Path]
2026-10-07T20:41:17.073+02:00  INFO 11384 --- [api-gateway] [restartedMain] [                                                 ] o.s.c.g.r.RouteDefinitionRouteLocator    : Loaded RoutePredicateFactory [Query]
2026-10-07T20:41:17.073+02:00  INFO 11384 --- [api-gateway] [restartedMain] [                                                 ] o.s.c.g.r.RouteDefinitionRouteLocator    : Loaded RoutePredicateFactory [ReadBody]
2026-10-07T20:41:17.073+02:00  INFO 11384 --- [api-gateway] [restartedMain] [                                                 ] o.s.c.g.r.RouteDefinitionRouteLocator    : Loaded RoutePredicateFactory [RemoteAddr]
2026-10-07T20:41:17.073+02:00  INFO 11384 --- [api-gateway] [restartedMain] [                                                 ] o.s.c.g.r.RouteDefinitionRouteLocator    : Loaded RoutePredicateFactory [Version]
2026-10-07T20:41:17.073+02:00  INFO 11384 --- [api-gateway] [restartedMain] [                                                 ] o.s.c.g.r.RouteDefinitionRouteLocator    : Loaded RoutePredicateFactory [XForwardedRemoteAddr]
2026-10-07T20:41:17.073+02:00  INFO 11384 --- [api-gateway] [restartedMain] [                                                 ] o.s.c.g.r.RouteDefinitionRouteLocator    : Loaded RoutePredicateFactory [Weight]
2026-10-07T20:41:17.074+02:00  INFO 11384 --- [api-gateway] [restartedMain] [                                                 ] o.s.c.g.r.RouteDefinitionRouteLocator    : Loaded RoutePredicateFactory [CloudFoundryRouteService]
2026-10-07T20:41:17.566+02:00  INFO 11384 --- [api-gateway] [restartedMain] [                                                 ] DiscoveryClientOptionalArgsConfiguration : Eureka HTTP Client uses RestClient.
2026-10-07T20:41:17.658+02:00  INFO 11384 --- [api-gateway] [restartedMain] [                                                 ] o.s.c.n.eureka.InstanceInfoFactory       : Setting initial instance status as: STARTING
2026-10-07T20:41:17.676+02:00  INFO 11384 --- [api-gateway] [restartedMain] [                                                 ] com.netflix.discovery.DiscoveryClient    : Initializing Eureka in region us-east-1
2026-10-07T20:41:17.679+02:00  INFO 11384 --- [api-gateway] [restartedMain] [                                                 ] c.n.d.s.r.aws.ConfigClusterResolver      : Resolving eureka endpoints via configuration
2026-10-07T20:41:17.685+02:00  INFO 11384 --- [api-gateway] [restartedMain] [                                                 ] com.netflix.discovery.DiscoveryClient    : Disable delta property : false
2026-10-07T20:41:17.686+02:00  INFO 11384 --- [api-gateway] [restartedMain] [                                                 ] com.netflix.discovery.DiscoveryClient    : Single vip registry refresh property : null
2026-10-07T20:41:17.686+02:00  INFO 11384 --- [api-gateway] [restartedMain] [                                                 ] com.netflix.discovery.DiscoveryClient    : Force full registry fetch : false
2026-10-07T20:41:17.686+02:00  INFO 11384 --- [api-gateway] [restartedMain] [                                                 ] com.netflix.discovery.DiscoveryClient    : Application is null : false
2026-10-07T20:41:17.686+02:00  INFO 11384 --- [api-gateway] [restartedMain] [                                                 ] com.netflix.discovery.DiscoveryClient    : Registered Applications size is zero : true
2026-10-07T20:41:17.686+02:00  INFO 11384 --- [api-gateway] [restartedMain] [                                                 ] com.netflix.discovery.DiscoveryClient    : Application version is -1: true
2026-10-07T20:41:17.686+02:00  INFO 11384 --- [api-gateway] [restartedMain] [                                                 ] com.netflix.discovery.DiscoveryClient    : Getting all instance registry info from the eureka server
2026-10-07T20:41:17.929+02:00  INFO 11384 --- [api-gateway] [restartedMain] [                                                 ] com.netflix.discovery.DiscoveryClient    : The response status is 200
2026-10-07T20:41:17.931+02:00  INFO 11384 --- [api-gateway] [restartedMain] [                                                 ] com.netflix.discovery.DiscoveryClient    : Starting heartbeat executor: renew interval is: 30
2026-10-07T20:41:17.933+02:00  INFO 11384 --- [api-gateway] [restartedMain] [                                                 ] c.n.discovery.InstanceInfoReplicator     : InstanceInfoReplicator onDemand update allowed rate per min is 4
2026-10-07T20:41:17.935+02:00  INFO 11384 --- [api-gateway] [restartedMain] [                                                 ] com.netflix.discovery.DiscoveryClient    : Discovery Client initialized at timestamp 1791398477935 with initial instances count: 3
2026-10-07T20:41:17.939+02:00  INFO 11384 --- [api-gateway] [restartedMain] [                                                 ] o.s.c.n.e.s.EurekaServiceRegistry        : Registering application API-GATEWAY with eureka with status UP
2026-10-07T20:41:17.939+02:00  INFO 11384 --- [api-gateway] [restartedMain] [                                                 ] com.netflix.discovery.DiscoveryClient    : Saw local status change event StatusChangeEvent [timestamp=1791398477939, current=UP, previous=STARTING]
2026-10-07T20:41:17.942+02:00  INFO 11384 --- [api-gateway] [DiscoveryClient-InstanceInfoReplicator-%d] [                                                 ] com.netflix.discovery.DiscoveryClient    : DiscoveryClient_API-GATEWAY/Kamil:api-gateway:8080: registering service...
2026-10-07T20:41:17.987+02:00  INFO 11384 --- [api-gateway] [DiscoveryClient-InstanceInfoReplicator-%d] [                                                 ] com.netflix.discovery.DiscoveryClient    : DiscoveryClient_API-GATEWAY/Kamil:api-gateway:8080 - registration status: 204
2026-10-07T20:41:18.069+02:00  INFO 11384 --- [api-gateway] [restartedMain] [                                                 ] o.s.boot.reactor.netty.NettyWebServer    : Netty started on port 8080 (http)
2026-10-07T20:41:18.070+02:00  INFO 11384 --- [api-gateway] [restartedMain] [                                                 ] .s.c.n.e.s.EurekaAutoServiceRegistration : Updating port to 8080
2026-10-07T20:41:18.086+02:00  INFO 11384 --- [api-gateway] [restartedMain] [                                                 ] c.ecommerce.gateway.GatewayApplication   : Started GatewayApplication in 4.491 seconds (process running for 5.363)
2026-10-07T20:46:17.688+02:00  INFO 11384 --- [api-gateway] [AsyncResolver-bootstrap-executor-%d] [                                                 ] c.n.d.s.r.aws.ConfigClusterResolver      : Resolving eureka endpoints via configuration
2026-10-07T20:46:34.511+02:00  INFO 11384 --- [api-gateway] [SpringApplicationShutdownHook] [                                                 ] o.s.c.n.e.s.EurekaServiceRegistry        : Unregistering application API-GATEWAY with eureka with status DOWN
2026-10-07T20:46:34.511+02:00  INFO 11384 --- [api-gateway] [SpringApplicationShutdownHook] [                                                 ] com.netflix.discovery.DiscoveryClient    : Saw local status change event StatusChangeEvent [timestamp=1791398794511, current=DOWN, previous=UP]
2026-10-07T20:46:34.511+02:00  INFO 11384 --- [api-gateway] [DiscoveryClient-InstanceInfoReplicator-%d] [                                                 ] com.netflix.discovery.DiscoveryClient    : DiscoveryClient_API-GATEWAY/Kamil:api-gateway:8080: registering service...
2026-10-07T20:46:34.514+02:00  INFO 11384 --- [api-gateway] [SpringApplicationShutdownHook] [                                                 ] o.s.boot.reactor.netty.GracefulShutdown  : Commencing graceful shutdown. Waiting for active requests to complete
2026-10-07T20:46:34.515+02:00  INFO 11384 --- [api-gateway] [netty-shutdown] [                                                 ] o.s.boot.reactor.netty.GracefulShutdown  : Graceful shutdown complete
2026-10-07T20:46:34.517+02:00  INFO 11384 --- [api-gateway] [DiscoveryClient-InstanceInfoReplicator-%d] [                                                 ] com.netflix.discovery.DiscoveryClient    : DiscoveryClient_API-GATEWAY/Kamil:api-gateway:8080 - registration status: 204
2026-10-07T20:46:35.331+02:00  INFO 11384 --- [api-gateway] [SpringApplicationShutdownHook] [                                                 ] com.netflix.discovery.DiscoveryClient    : Shutting down DiscoveryClient ...
2026-10-07T20:46:38.333+02:00  INFO 11384 --- [api-gateway] [SpringApplicationShutdownHook] [                                                 ] com.netflix.discovery.DiscoveryClient    : Unregistering ...
2026-10-07T20:46:38.341+02:00  INFO 11384 --- [api-gateway] [SpringApplicationShutdownHook] [                                                 ] com.netflix.discovery.DiscoveryClient    : DiscoveryClient_API-GATEWAY/Kamil:api-gateway:8080 - deregister  status: 200
2026-10-07T20:46:38.341+02:00  INFO 11384 --- [api-gateway] [SpringApplicationShutdownHook] [                                                 ] com.netflix.discovery.DiscoveryClient    : Completed shut down of DiscoveryClient
2026-10-07T20:46:43.111+02:00  INFO 14024 --- [api-gateway] [restartedMain] [                                                 ] c.ecommerce.gateway.GatewayApplication   : Starting GatewayApplication using Java 24.0.1 with PID 14024 (E:\Programy\Github\nowy-ecomerce\nowy\ecom\gateway\target\classes started by KPSzy in E:\Programy\Github\nowy-ecomerce\nowy\ecom)
2026-10-07T20:46:43.118+02:00  INFO 14024 --- [api-gateway] [restartedMain] [                                                 ] c.ecommerce.gateway.GatewayApplication   : No active profile set, falling back to 1 default profile: "default"
2026-10-07T20:46:43.194+02:00  INFO 14024 --- [api-gateway] [restartedMain] [                                                 ] o.s.c.c.c.ConfigServerConfigDataLoader   : Fetching config from server at : http://localhost:8888
2026-10-07T20:46:43.194+02:00  INFO 14024 --- [api-gateway] [restartedMain] [                                                 ] o.s.c.c.c.ConfigServerConfigDataLoader   : Located environment: name=api-gateway, profiles=[default], label=null, version=null, state=null
2026-10-07T20:46:43.198+02:00  INFO 14024 --- [api-gateway] [restartedMain] [                                                 ] .e.DevToolsPropertyDefaultsPostProcessor : Devtools property defaults active! Set 'spring.devtools.add-properties' to 'false' to disable
2026-10-07T20:46:44.396+02:00  INFO 14024 --- [api-gateway] [restartedMain] [                                                 ] o.s.cloud.context.scope.GenericScope     : BeanFactory id=eea85bbd-ac6c-3973-bd1a-7d34cde04504
2026-10-07T20:46:45.775+02:00  WARN 14024 --- [api-gateway] [restartedMain] [                                                 ] o.h.v.i.m.a.CascadingMetaDataBuilder     : HV000271: Using `@Valid` on a container (java.util.List) is deprecated. You should apply the annotation on the type argument(s). Affected element: routes
2026-10-07T20:46:45.970+02:00  INFO 14024 --- [api-gateway] [restartedMain] [                                                 ] o.s.c.g.r.RouteDefinitionRouteLocator    : Loaded RoutePredicateFactory [After]
2026-10-07T20:46:45.970+02:00  INFO 14024 --- [api-gateway] [restartedMain] [                                                 ] o.s.c.g.r.RouteDefinitionRouteLocator    : Loaded RoutePredicateFactory [Before]
2026-10-07T20:46:45.970+02:00  INFO 14024 --- [api-gateway] [restartedMain] [                                                 ] o.s.c.g.r.RouteDefinitionRouteLocator    : Loaded RoutePredicateFactory [Between]
2026-10-07T20:46:45.970+02:00  INFO 14024 --- [api-gateway] [restartedMain] [                                                 ] o.s.c.g.r.RouteDefinitionRouteLocator    : Loaded RoutePredicateFactory [Cookie]
2026-10-07T20:46:45.971+02:00  INFO 14024 --- [api-gateway] [restartedMain] [                                                 ] o.s.c.g.r.RouteDefinitionRouteLocator    : Loaded RoutePredicateFactory [Header]
2026-10-07T20:46:45.971+02:00  INFO 14024 --- [api-gateway] [restartedMain] [                                                 ] o.s.c.g.r.RouteDefinitionRouteLocator    : Loaded RoutePredicateFactory [Host]
2026-10-07T20:46:45.971+02:00  INFO 14024 --- [api-gateway] [restartedMain] [                                                 ] o.s.c.g.r.RouteDefinitionRouteLocator    : Loaded RoutePredicateFactory [Method]
2026-10-07T20:46:45.971+02:00  INFO 14024 --- [api-gateway] [restartedMain] [                                                 ] o.s.c.g.r.RouteDefinitionRouteLocator    : Loaded RoutePredicateFactory [Path]
2026-10-07T20:46:45.971+02:00  INFO 14024 --- [api-gateway] [restartedMain] [                                                 ] o.s.c.g.r.RouteDefinitionRouteLocator    : Loaded RoutePredicateFactory [Query]
2026-10-07T20:46:45.972+02:00  INFO 14024 --- [api-gateway] [restartedMain] [                                                 ] o.s.c.g.r.RouteDefinitionRouteLocator    : Loaded RoutePredicateFactory [ReadBody]
2026-10-07T20:46:45.972+02:00  INFO 14024 --- [api-gateway] [restartedMain] [                                                 ] o.s.c.g.r.RouteDefinitionRouteLocator    : Loaded RoutePredicateFactory [RemoteAddr]
2026-10-07T20:46:45.972+02:00  INFO 14024 --- [api-gateway] [restartedMain] [                                                 ] o.s.c.g.r.RouteDefinitionRouteLocator    : Loaded RoutePredicateFactory [Version]
2026-10-07T20:46:45.972+02:00  INFO 14024 --- [api-gateway] [restartedMain] [                                                 ] o.s.c.g.r.RouteDefinitionRouteLocator    : Loaded RoutePredicateFactory [XForwardedRemoteAddr]
2026-10-07T20:46:45.972+02:00  INFO 14024 --- [api-gateway] [restartedMain] [                                                 ] o.s.c.g.r.RouteDefinitionRouteLocator    : Loaded RoutePredicateFactory [Weight]
2026-10-07T20:46:45.972+02:00  INFO 14024 --- [api-gateway] [restartedMain] [                                                 ] o.s.c.g.r.RouteDefinitionRouteLocator    : Loaded RoutePredicateFactory [CloudFoundryRouteService]
2026-10-07T20:46:46.471+02:00  INFO 14024 --- [api-gateway] [restartedMain] [                                                 ] DiscoveryClientOptionalArgsConfiguration : Eureka HTTP Client uses RestClient.
2026-10-07T20:46:46.563+02:00  INFO 14024 --- [api-gateway] [restartedMain] [                                                 ] o.s.c.n.eureka.InstanceInfoFactory       : Setting initial instance status as: STARTING
2026-10-07T20:46:46.581+02:00  INFO 14024 --- [api-gateway] [restartedMain] [                                                 ] com.netflix.discovery.DiscoveryClient    : Initializing Eureka in region us-east-1
2026-10-07T20:46:46.584+02:00  INFO 14024 --- [api-gateway] [restartedMain] [                                                 ] c.n.d.s.r.aws.ConfigClusterResolver      : Resolving eureka endpoints via configuration
2026-10-07T20:46:46.590+02:00  INFO 14024 --- [api-gateway] [restartedMain] [                                                 ] com.netflix.discovery.DiscoveryClient    : Disable delta property : false
2026-10-07T20:46:46.591+02:00  INFO 14024 --- [api-gateway] [restartedMain] [                                                 ] com.netflix.discovery.DiscoveryClient    : Single vip registry refresh property : null
2026-10-07T20:46:46.591+02:00  INFO 14024 --- [api-gateway] [restartedMain] [                                                 ] com.netflix.discovery.DiscoveryClient    : Force full registry fetch : false
2026-10-07T20:46:46.591+02:00  INFO 14024 --- [api-gateway] [restartedMain] [                                                 ] com.netflix.discovery.DiscoveryClient    : Application is null : false
2026-10-07T20:46:46.591+02:00  INFO 14024 --- [api-gateway] [restartedMain] [                                                 ] com.netflix.discovery.DiscoveryClient    : Registered Applications size is zero : true
2026-10-07T20:46:46.591+02:00  INFO 14024 --- [api-gateway] [restartedMain] [                                                 ] com.netflix.discovery.DiscoveryClient    : Application version is -1: true
2026-10-07T20:46:46.591+02:00  INFO 14024 --- [api-gateway] [restartedMain] [                                                 ] com.netflix.discovery.DiscoveryClient    : Getting all instance registry info from the eureka server
2026-10-07T20:46:46.813+02:00  INFO 14024 --- [api-gateway] [restartedMain] [                                                 ] com.netflix.discovery.DiscoveryClient    : The response status is 200
2026-10-07T20:46:46.815+02:00  INFO 14024 --- [api-gateway] [restartedMain] [                                                 ] com.netflix.discovery.DiscoveryClient    : Starting heartbeat executor: renew interval is: 30
2026-10-07T20:46:46.818+02:00  INFO 14024 --- [api-gateway] [restartedMain] [                                                 ] c.n.discovery.InstanceInfoReplicator     : InstanceInfoReplicator onDemand update allowed rate per min is 4
2026-10-07T20:46:46.820+02:00  INFO 14024 --- [api-gateway] [restartedMain] [                                                 ] com.netflix.discovery.DiscoveryClient    : Discovery Client initialized at timestamp 1791398806820 with initial instances count: 4
2026-10-07T20:46:46.824+02:00  INFO 14024 --- [api-gateway] [restartedMain] [                                                 ] o.s.c.n.e.s.EurekaServiceRegistry        : Registering application API-GATEWAY with eureka with status UP
2026-10-07T20:46:46.824+02:00  INFO 14024 --- [api-gateway] [restartedMain] [                                                 ] com.netflix.discovery.DiscoveryClient    : Saw local status change event StatusChangeEvent [timestamp=1791398806824, current=UP, previous=STARTING]
2026-10-07T20:46:46.826+02:00  INFO 14024 --- [api-gateway] [DiscoveryClient-InstanceInfoReplicator-%d] [                                                 ] com.netflix.discovery.DiscoveryClient    : DiscoveryClient_API-GATEWAY/Kamil:api-gateway:9999: registering service...
2026-10-07T20:46:46.865+02:00  INFO 14024 --- [api-gateway] [DiscoveryClient-InstanceInfoReplicator-%d] [                                                 ] com.netflix.discovery.DiscoveryClient    : DiscoveryClient_API-GATEWAY/Kamil:api-gateway:9999 - registration status: 204
2026-10-07T20:46:46.938+02:00  INFO 14024 --- [api-gateway] [restartedMain] [                                                 ] o.s.boot.reactor.netty.NettyWebServer    : Netty started on port 9999 (http)
2026-10-07T20:46:46.939+02:00  INFO 14024 --- [api-gateway] [restartedMain] [                                                 ] .s.c.n.e.s.EurekaAutoServiceRegistration : Updating port to 9999
2026-10-07T20:46:46.952+02:00  INFO 14024 --- [api-gateway] [restartedMain] [                                                 ] c.ecommerce.gateway.GatewayApplication   : Started GatewayApplication in 5.048 seconds (process running for 5.965)
2026-10-07T20:50:14.429+02:00  INFO 14024 --- [api-gateway] [SpringApplicationShutdownHook] [                                                 ] o.s.c.n.e.s.EurekaServiceRegistry        : Unregistering application API-GATEWAY with eureka with status DOWN
2026-10-07T20:50:14.429+02:00  INFO 14024 --- [api-gateway] [SpringApplicationShutdownHook] [                                                 ] com.netflix.discovery.DiscoveryClient    : Saw local status change event StatusChangeEvent [timestamp=1791399014429, current=DOWN, previous=UP]
2026-10-07T20:50:14.430+02:00  INFO 14024 --- [api-gateway] [DiscoveryClient-InstanceInfoReplicator-%d] [                                                 ] com.netflix.discovery.DiscoveryClient    : DiscoveryClient_API-GATEWAY/Kamil:api-gateway:9999: registering service...
2026-10-07T20:50:14.433+02:00  INFO 14024 --- [api-gateway] [SpringApplicationShutdownHook] [                                                 ] o.s.boot.reactor.netty.GracefulShutdown  : Commencing graceful shutdown. Waiting for active requests to complete
2026-10-07T20:50:14.435+02:00  INFO 14024 --- [api-gateway] [netty-shutdown] [                                                 ] o.s.boot.reactor.netty.GracefulShutdown  : Graceful shutdown complete
2026-10-07T20:50:14.436+02:00  INFO 14024 --- [api-gateway] [DiscoveryClient-InstanceInfoReplicator-%d] [                                                 ] com.netflix.discovery.DiscoveryClient    : DiscoveryClient_API-GATEWAY/Kamil:api-gateway:9999 - registration status: 204
2026-10-07T20:50:15.375+02:00  INFO 14024 --- [api-gateway] [SpringApplicationShutdownHook] [                                                 ] com.netflix.discovery.DiscoveryClient    : Shutting down DiscoveryClient ...
2026-10-07T20:50:18.377+02:00  INFO 14024 --- [api-gateway] [SpringApplicationShutdownHook] [                                                 ] com.netflix.discovery.DiscoveryClient    : Unregistering ...
2026-10-07T20:50:18.377+02:00  WARN 14024 --- [api-gateway] [DiscoveryClient-%d] [                                                 ] c.netflix.discovery.TimedSupervisorTask  : task supervisor shutting down, can't accept the task
2026-10-07T20:50:18.382+02:00  INFO 14024 --- [api-gateway] [SpringApplicationShutdownHook] [                                                 ] com.netflix.discovery.DiscoveryClient    : DiscoveryClient_API-GATEWAY/Kamil:api-gateway:9999 - deregister  status: 200
2026-10-07T20:50:18.383+02:00  INFO 14024 --- [api-gateway] [SpringApplicationShutdownHook] [                                                 ] com.netflix.discovery.DiscoveryClient    : Completed shut down of DiscoveryClient
2026-10-07T20:51:15.884+02:00  INFO 6336 --- [api-gateway] [restartedMain] [                                                 ] c.ecommerce.gateway.GatewayApplication   : Starting GatewayApplication using Java 24.0.1 with PID 6336 (E:\Programy\Github\nowy-ecomerce\nowy\ecom\gateway\target\classes started by KPSzy in E:\Programy\Github\nowy-ecomerce\nowy\ecom)
2026-10-07T20:51:15.890+02:00  INFO 6336 --- [api-gateway] [restartedMain] [                                                 ] c.ecommerce.gateway.GatewayApplication   : No active profile set, falling back to 1 default profile: "default"
2026-10-07T20:51:15.965+02:00  INFO 6336 --- [api-gateway] [restartedMain] [                                                 ] o.s.c.c.c.ConfigServerConfigDataLoader   : Fetching config from server at : http://localhost:8888
2026-10-07T20:51:15.966+02:00  INFO 6336 --- [api-gateway] [restartedMain] [                                                 ] o.s.c.c.c.ConfigServerConfigDataLoader   : Located environment: name=api-gateway, profiles=[default], label=null, version=null, state=null
2026-10-07T20:51:15.970+02:00  INFO 6336 --- [api-gateway] [restartedMain] [                                                 ] .e.DevToolsPropertyDefaultsPostProcessor : Devtools property defaults active! Set 'spring.devtools.add-properties' to 'false' to disable
2026-10-07T20:51:17.048+02:00  INFO 6336 --- [api-gateway] [restartedMain] [                                                 ] o.s.cloud.context.scope.GenericScope     : BeanFactory id=eea85bbd-ac6c-3973-bd1a-7d34cde04504
2026-10-07T20:51:18.322+02:00  WARN 6336 --- [api-gateway] [restartedMain] [                                                 ] o.h.v.i.m.a.CascadingMetaDataBuilder     : HV000271: Using `@Valid` on a container (java.util.List) is deprecated. You should apply the annotation on the type argument(s). Affected element: routes
2026-10-07T20:51:18.520+02:00  INFO 6336 --- [api-gateway] [restartedMain] [                                                 ] o.s.c.g.r.RouteDefinitionRouteLocator    : Loaded RoutePredicateFactory [After]
2026-10-07T20:51:18.520+02:00  INFO 6336 --- [api-gateway] [restartedMain] [                                                 ] o.s.c.g.r.RouteDefinitionRouteLocator    : Loaded RoutePredicateFactory [Before]
2026-10-07T20:51:18.520+02:00  INFO 6336 --- [api-gateway] [restartedMain] [                                                 ] o.s.c.g.r.RouteDefinitionRouteLocator    : Loaded RoutePredicateFactory [Between]
2026-10-07T20:51:18.520+02:00  INFO 6336 --- [api-gateway] [restartedMain] [                                                 ] o.s.c.g.r.RouteDefinitionRouteLocator    : Loaded RoutePredicateFactory [Cookie]
2026-10-07T20:51:18.520+02:00  INFO 6336 --- [api-gateway] [restartedMain] [                                                 ] o.s.c.g.r.RouteDefinitionRouteLocator    : Loaded RoutePredicateFactory [Header]
2026-10-07T20:51:18.521+02:00  INFO 6336 --- [api-gateway] [restartedMain] [                                                 ] o.s.c.g.r.RouteDefinitionRouteLocator    : Loaded RoutePredicateFactory [Host]
2026-10-07T20:51:18.521+02:00  INFO 6336 --- [api-gateway] [restartedMain] [                                                 ] o.s.c.g.r.RouteDefinitionRouteLocator    : Loaded RoutePredicateFactory [Method]
2026-10-07T20:51:18.522+02:00  INFO 6336 --- [api-gateway] [restartedMain] [                                                 ] o.s.c.g.r.RouteDefinitionRouteLocator    : Loaded RoutePredicateFactory [Path]
2026-10-07T20:51:18.522+02:00  INFO 6336 --- [api-gateway] [restartedMain] [                                                 ] o.s.c.g.r.RouteDefinitionRouteLocator    : Loaded RoutePredicateFactory [Query]
2026-10-07T20:51:18.522+02:00  INFO 6336 --- [api-gateway] [restartedMain] [                                                 ] o.s.c.g.r.RouteDefinitionRouteLocator    : Loaded RoutePredicateFactory [ReadBody]
2026-10-07T20:51:18.522+02:00  INFO 6336 --- [api-gateway] [restartedMain] [                                                 ] o.s.c.g.r.RouteDefinitionRouteLocator    : Loaded RoutePredicateFactory [RemoteAddr]
2026-10-07T20:51:18.522+02:00  INFO 6336 --- [api-gateway] [restartedMain] [                                                 ] o.s.c.g.r.RouteDefinitionRouteLocator    : Loaded RoutePredicateFactory [Version]
2026-10-07T20:51:18.523+02:00  INFO 6336 --- [api-gateway] [restartedMain] [                                                 ] o.s.c.g.r.RouteDefinitionRouteLocator    : Loaded RoutePredicateFactory [XForwardedRemoteAddr]
2026-10-07T20:51:18.523+02:00  INFO 6336 --- [api-gateway] [restartedMain] [                                                 ] o.s.c.g.r.RouteDefinitionRouteLocator    : Loaded RoutePredicateFactory [Weight]
2026-10-07T20:51:18.523+02:00  INFO 6336 --- [api-gateway] [restartedMain] [                                                 ] o.s.c.g.r.RouteDefinitionRouteLocator    : Loaded RoutePredicateFactory [CloudFoundryRouteService]
2026-10-07T20:51:19.181+02:00  INFO 6336 --- [api-gateway] [restartedMain] [                                                 ] DiscoveryClientOptionalArgsConfiguration : Eureka HTTP Client uses RestClient.
2026-10-07T20:51:19.267+02:00  INFO 6336 --- [api-gateway] [restartedMain] [                                                 ] o.s.c.n.eureka.InstanceInfoFactory       : Setting initial instance status as: STARTING
2026-10-07T20:51:19.287+02:00  INFO 6336 --- [api-gateway] [restartedMain] [                                                 ] com.netflix.discovery.DiscoveryClient    : Initializing Eureka in region us-east-1
2026-10-07T20:51:19.290+02:00  INFO 6336 --- [api-gateway] [restartedMain] [                                                 ] c.n.d.s.r.aws.ConfigClusterResolver      : Resolving eureka endpoints via configuration
2026-10-07T20:51:19.299+02:00  INFO 6336 --- [api-gateway] [restartedMain] [                                                 ] com.netflix.discovery.DiscoveryClient    : Disable delta property : false
2026-10-07T20:51:19.299+02:00  INFO 6336 --- [api-gateway] [restartedMain] [                                                 ] com.netflix.discovery.DiscoveryClient    : Single vip registry refresh property : null
2026-10-07T20:51:19.299+02:00  INFO 6336 --- [api-gateway] [restartedMain] [                                                 ] com.netflix.discovery.DiscoveryClient    : Force full registry fetch : false
2026-10-07T20:51:19.299+02:00  INFO 6336 --- [api-gateway] [restartedMain] [                                                 ] com.netflix.discovery.DiscoveryClient    : Application is null : false
2026-10-07T20:51:19.299+02:00  INFO 6336 --- [api-gateway] [restartedMain] [                                                 ] com.netflix.discovery.DiscoveryClient    : Registered Applications size is zero : true
2026-10-07T20:51:19.299+02:00  INFO 6336 --- [api-gateway] [restartedMain] [                                                 ] com.netflix.discovery.DiscoveryClient    : Application version is -1: true
2026-10-07T20:51:19.300+02:00  INFO 6336 --- [api-gateway] [restartedMain] [                                                 ] com.netflix.discovery.DiscoveryClient    : Getting all instance registry info from the eureka server
2026-10-07T20:51:19.586+02:00  INFO 6336 --- [api-gateway] [restartedMain] [                                                 ] com.netflix.discovery.DiscoveryClient    : The response status is 200
2026-10-07T20:51:19.588+02:00  INFO 6336 --- [api-gateway] [restartedMain] [                                                 ] com.netflix.discovery.DiscoveryClient    : Starting heartbeat executor: renew interval is: 30
2026-10-07T20:51:19.591+02:00  INFO 6336 --- [api-gateway] [restartedMain] [                                                 ] c.n.discovery.InstanceInfoReplicator     : InstanceInfoReplicator onDemand update allowed rate per min is 4
2026-10-07T20:51:19.594+02:00  INFO 6336 --- [api-gateway] [restartedMain] [                                                 ] com.netflix.discovery.DiscoveryClient    : Discovery Client initialized at timestamp 1791399079594 with initial instances count: 3
2026-10-07T20:51:19.599+02:00  INFO 6336 --- [api-gateway] [restartedMain] [                                                 ] o.s.c.n.e.s.EurekaServiceRegistry        : Registering application API-GATEWAY with eureka with status UP
2026-10-07T20:51:19.600+02:00  INFO 6336 --- [api-gateway] [restartedMain] [                                                 ] com.netflix.discovery.DiscoveryClient    : Saw local status change event StatusChangeEvent [timestamp=1791399079600, current=UP, previous=STARTING]
2026-10-07T20:51:19.601+02:00  INFO 6336 --- [api-gateway] [DiscoveryClient-InstanceInfoReplicator-%d] [                                                 ] com.netflix.discovery.DiscoveryClient    : DiscoveryClient_API-GATEWAY/Kamil:api-gateway:8080: registering service...
2026-10-07T20:51:19.640+02:00  INFO 6336 --- [api-gateway] [DiscoveryClient-InstanceInfoReplicator-%d] [                                                 ] com.netflix.discovery.DiscoveryClient    : DiscoveryClient_API-GATEWAY/Kamil:api-gateway:8080 - registration status: 204
2026-10-07T20:51:19.717+02:00  INFO 6336 --- [api-gateway] [restartedMain] [                                                 ] o.s.boot.reactor.netty.NettyWebServer    : Netty started on port 8080 (http)
2026-10-07T20:51:19.718+02:00  INFO 6336 --- [api-gateway] [restartedMain] [                                                 ] .s.c.n.e.s.EurekaAutoServiceRegistration : Updating port to 8080
2026-10-07T20:51:19.732+02:00  INFO 6336 --- [api-gateway] [restartedMain] [                                                 ] c.ecommerce.gateway.GatewayApplication   : Started GatewayApplication in 4.857 seconds (process running for 5.754)
2026-10-07T20:51:41.427+02:00  INFO 6336 --- [api-gateway] [SpringApplicationShutdownHook] [                                                 ] o.s.c.n.e.s.EurekaServiceRegistry        : Unregistering application API-GATEWAY with eureka with status DOWN
2026-10-07T20:51:41.428+02:00  INFO 6336 --- [api-gateway] [SpringApplicationShutdownHook] [                                                 ] com.netflix.discovery.DiscoveryClient    : Saw local status change event StatusChangeEvent [timestamp=1791399101428, current=DOWN, previous=UP]
2026-10-07T20:51:41.428+02:00  INFO 6336 --- [api-gateway] [DiscoveryClient-InstanceInfoReplicator-%d] [                                                 ] com.netflix.discovery.DiscoveryClient    : DiscoveryClient_API-GATEWAY/Kamil:api-gateway:8080: registering service...
2026-10-07T20:51:41.433+02:00  INFO 6336 --- [api-gateway] [SpringApplicationShutdownHook] [                                                 ] o.s.boot.reactor.netty.GracefulShutdown  : Commencing graceful shutdown. Waiting for active requests to complete
2026-10-07T20:51:41.437+02:00  INFO 6336 --- [api-gateway] [DiscoveryClient-InstanceInfoReplicator-%d] [                                                 ] com.netflix.discovery.DiscoveryClient    : DiscoveryClient_API-GATEWAY/Kamil:api-gateway:8080 - registration status: 204
2026-10-07T20:51:41.438+02:00  INFO 6336 --- [api-gateway] [netty-shutdown] [                                                 ] o.s.boot.reactor.netty.GracefulShutdown  : Graceful shutdown complete
2026-10-07T20:51:41.711+02:00  INFO 6336 --- [api-gateway] [SpringApplicationShutdownHook] [                                                 ] com.netflix.discovery.DiscoveryClient    : Shutting down DiscoveryClient ...
2026-10-07T20:51:44.713+02:00  INFO 6336 --- [api-gateway] [SpringApplicationShutdownHook] [                                                 ] com.netflix.discovery.DiscoveryClient    : Unregistering ...
2026-10-07T20:51:44.738+02:00  INFO 6336 --- [api-gateway] [SpringApplicationShutdownHook] [                                                 ] c.n.d.s.t.d.RedirectingEurekaHttpClient  : Request execution error. endpoint=DefaultEndpoint{ serviceUrl='http://localhost:8761/eureka/} exception=I/O error on DELETE request for "http://localhost:8761/eureka/apps/API-GATEWAY/Kamil:api-gateway:8080": Connect to http://localhost:8761 failed: Connection refused: getsockopt

org.springframework.web.client.ResourceAccessException: I/O error on DELETE request for "http://localhost:8761/eureka/apps/API-GATEWAY/Kamil:api-gateway:8080": Connect to http://localhost:8761 failed: Connection refused: getsockopt
	at org.springframework.web.client.DefaultRestClient$DefaultRequestBodyUriSpec.createResourceAccessException(DefaultRestClient.java:779) ~[spring-web-7.0.9.jar:7.0.9]
	at org.springframework.web.client.DefaultRestClient$DefaultRequestBodyUriSpec.exchangeInternal(DefaultRestClient.java:624) ~[spring-web-7.0.9.jar:7.0.9]
	at org.springframework.web.client.DefaultRestClient$DefaultRequestBodyUriSpec.exchange(DefaultRestClient.java:572) ~[spring-web-7.0.9.jar:7.0.9]
	at org.springframework.web.client.RestClient$RequestHeadersSpec.exchange(RestClient.java:747) ~[spring-web-7.0.9.jar:7.0.9]
	at org.springframework.web.client.DefaultRestClient$DefaultResponseSpec.executeAndExtract(DefaultRestClient.java:924) ~[spring-web-7.0.9.jar:7.0.9]
	at org.springframework.web.client.DefaultRestClient$DefaultResponseSpec.toBodilessEntity(DefaultRestClient.java:888) ~[spring-web-7.0.9.jar:7.0.9]
	at org.springframework.cloud.netflix.eureka.http.RestClientEurekaHttpClient.cancel(RestClientEurekaHttpClient.java:73) ~[spring-cloud-netflix-eureka-client-5.0.2.jar:5.0.2]
	at com.netflix.discovery.shared.transport.decorator.EurekaHttpClientDecorator$2.execute(EurekaHttpClientDecorator.java:74) ~[eureka-client-2.0.6.jar:2.0.6]
	at com.netflix.discovery.shared.transport.decorator.RedirectingEurekaHttpClient.execute(RedirectingEurekaHttpClient.java:90) ~[eureka-client-2.0.6.jar:2.0.6]
	at com.netflix.discovery.shared.transport.decorator.EurekaHttpClientDecorator.cancel(EurekaHttpClientDecorator.java:71) ~[eureka-client-2.0.6.jar:2.0.6]
	at com.netflix.discovery.shared.transport.decorator.EurekaHttpClientDecorator$2.execute(EurekaHttpClientDecorator.java:74) ~[eureka-client-2.0.6.jar:2.0.6]
	at com.netflix.discovery.shared.transport.decorator.RetryableEurekaHttpClient.execute(RetryableEurekaHttpClient.java:120) ~[eureka-client-2.0.6.jar:2.0.6]
	at com.netflix.discovery.shared.transport.decorator.EurekaHttpClientDecorator.cancel(EurekaHttpClientDecorator.java:71) ~[eureka-client-2.0.6.jar:2.0.6]
	at com.netflix.discovery.shared.transport.decorator.EurekaHttpClientDecorator$2.execute(EurekaHttpClientDecorator.java:74) ~[eureka-client-2.0.6.jar:2.0.6]
	at com.netflix.discovery.shared.transport.decorator.SessionedEurekaHttpClient.execute(SessionedEurekaHttpClient.java:76) ~[eureka-client-2.0.6.jar:2.0.6]
	at com.netflix.discovery.shared.transport.decorator.EurekaHttpClientDecorator.cancel(EurekaHttpClientDecorator.java:71) ~[eureka-client-2.0.6.jar:2.0.6]
	at com.netflix.discovery.DiscoveryClient.unregister(DiscoveryClient.java:934) ~[eureka-client-2.0.6.jar:2.0.6]
	at com.netflix.discovery.DiscoveryClient.shutdown(DiscoveryClient.java:915) ~[eureka-client-2.0.6.jar:2.0.6]
	at java.base/jdk.internal.reflect.DirectMethodHandleAccessor.invoke(DirectMethodHandleAccessor.java:104) ~[na:na]
	at java.base/java.lang.reflect.Method.invoke(Method.java:565) ~[na:na]
	at org.springframework.beans.factory.annotation.InitDestroyAnnotationBeanPostProcessor$LifecycleMethod.invoke(InitDestroyAnnotationBeanPostProcessor.java:453) ~[spring-beans-7.0.9.jar:7.0.9]
	at org.springframework.beans.factory.annotation.InitDestroyAnnotationBeanPostProcessor$LifecycleMetadata.invokeDestroyMethods(InitDestroyAnnotationBeanPostProcessor.java:411) ~[spring-beans-7.0.9.jar:7.0.9]
	at org.springframework.beans.factory.annotation.InitDestroyAnnotationBeanPostProcessor.postProcessBeforeDestruction(InitDestroyAnnotationBeanPostProcessor.java:237) ~[spring-beans-7.0.9.jar:7.0.9]
	at org.springframework.beans.factory.support.DisposableBeanAdapter.destroy(DisposableBeanAdapter.java:200) ~[spring-beans-7.0.9.jar:7.0.9]
	at org.springframework.beans.factory.support.DisposableBeanAdapter.run(DisposableBeanAdapter.java:193) ~[spring-beans-7.0.9.jar:7.0.9]
	at org.springframework.cloud.context.scope.GenericScope$BeanLifecycleWrapper.destroy(GenericScope.java:387) ~[spring-cloud-context-5.0.3.jar:5.0.3]
	at org.springframework.cloud.context.scope.GenericScope.destroy(GenericScope.java:134) ~[spring-cloud-context-5.0.3.jar:5.0.3]
	at org.springframework.beans.factory.support.DisposableBeanAdapter.destroy(DisposableBeanAdapter.java:209) ~[spring-beans-7.0.9.jar:7.0.9]
	at org.springframework.beans.factory.support.DefaultSingletonBeanRegistry.destroyBean(DefaultSingletonBeanRegistry.java:795) ~[spring-beans-7.0.9.jar:7.0.9]
	at org.springframework.beans.factory.support.DefaultSingletonBeanRegistry.destroySingleton(DefaultSingletonBeanRegistry.java:745) ~[spring-beans-7.0.9.jar:7.0.9]
	at org.springframework.beans.factory.support.DefaultListableBeanFactory.destroySingleton(DefaultListableBeanFactory.java:1507) ~[spring-beans-7.0.9.jar:7.0.9]
	at org.springframework.beans.factory.support.DefaultSingletonBeanRegistry.destroySingletons(DefaultSingletonBeanRegistry.java:704) ~[spring-beans-7.0.9.jar:7.0.9]
	at org.springframework.beans.factory.support.DefaultListableBeanFactory.destroySingletons(DefaultListableBeanFactory.java:1500) ~[spring-beans-7.0.9.jar:7.0.9]
	at org.springframework.context.support.AbstractApplicationContext.destroyBeans(AbstractApplicationContext.java:1246) ~[spring-context-7.0.9.jar:7.0.9]
	at org.springframework.context.support.AbstractApplicationContext.doClose(AbstractApplicationContext.java:1207) ~[spring-context-7.0.9.jar:7.0.9]
	at org.springframework.boot.web.server.reactive.context.ReactiveWebServerApplicationContext.doClose(ReactiveWebServerApplicationContext.java:158) ~[spring-boot-web-server-4.1.1.jar:4.1.1]
	at org.springframework.context.support.AbstractApplicationContext.close(AbstractApplicationContext.java:1153) ~[spring-context-7.0.9.jar:7.0.9]
	at org.springframework.boot.SpringApplicationShutdownHook.closeAndWait(SpringApplicationShutdownHook.java:147) ~[spring-boot-4.1.1.jar:4.1.1]
	at java.base/java.lang.Iterable.forEach(Iterable.java:75) ~[na:na]
	at org.springframework.boot.SpringApplicationShutdownHook.run(SpringApplicationShutdownHook.java:116) ~[spring-boot-4.1.1.jar:4.1.1]
	at java.base/java.lang.Thread.run(Thread.java:1447) ~[na:na]
Caused by: org.apache.hc.client5.http.HttpHostConnectException: Connect to http://localhost:8761 failed: Connection refused: getsockopt
	at java.base/sun.nio.ch.Net.pollConnect(Native Method) ~[na:na]
	at java.base/sun.nio.ch.Net.pollConnectNow(Net.java:628) ~[na:na]
	at java.base/sun.nio.ch.NioSocketImpl.timedFinishConnect(NioSocketImpl.java:533) ~[na:na]
	at java.base/sun.nio.ch.NioSocketImpl.connect(NioSocketImpl.java:583) ~[na:na]
	at java.base/java.net.SocksSocketImpl.connect(SocksSocketImpl.java:282) ~[na:na]
	at java.base/java.net.Socket.connect(Socket.java:665) ~[na:na]
	at org.apache.hc.client5.http.impl.io.DefaultHttpClientConnectionOperator.connect(DefaultHttpClientConnectionOperator.java:219) ~[httpclient5-5.6.4.jar:5.6.4]
	at org.apache.hc.client5.http.impl.io.PoolingHttpClientConnectionManager.connect(PoolingHttpClientConnectionManager.java:547) ~[httpclient5-5.6.4.jar:5.6.4]
	at org.apache.hc.client5.http.impl.classic.InternalExecRuntime.connectEndpoint(InternalExecRuntime.java:164) ~[httpclient5-5.6.4.jar:5.6.4]
	at org.apache.hc.client5.http.impl.classic.InternalExecRuntime.connectEndpoint(InternalExecRuntime.java:174) ~[httpclient5-5.6.4.jar:5.6.4]
	at org.apache.hc.client5.http.impl.classic.ConnectExec.execute(ConnectExec.java:144) ~[httpclient5-5.6.4.jar:5.6.4]
	at org.apache.hc.client5.http.impl.classic.ExecChainElement.execute(ExecChainElement.java:51) ~[httpclient5-5.6.4.jar:5.6.4]
	at org.apache.hc.client5.http.impl.classic.ProtocolExec.execute(ProtocolExec.java:192) ~[httpclient5-5.6.4.jar:5.6.4]
	at org.apache.hc.client5.http.impl.classic.ExecChainElement.execute(ExecChainElement.java:51) ~[httpclient5-5.6.4.jar:5.6.4]
	at org.apache.hc.client5.http.impl.classic.ContentCompressionExec.execute(ContentCompressionExec.java:138) ~[httpclient5-5.6.4.jar:5.6.4]
	at org.apache.hc.client5.http.impl.classic.ExecChainElement.execute(ExecChainElement.java:51) ~[httpclient5-5.6.4.jar:5.6.4]
	at org.apache.hc.client5.http.impl.classic.HttpRequestRetryExec.execute(HttpRequestRetryExec.java:112) ~[httpclient5-5.6.4.jar:5.6.4]
	at org.apache.hc.client5.http.impl.classic.ExecChainElement.execute(ExecChainElement.java:51) ~[httpclient5-5.6.4.jar:5.6.4]
	at org.apache.hc.client5.http.impl.classic.RedirectExec.execute(RedirectExec.java:110) ~[httpclient5-5.6.4.jar:5.6.4]
	at org.apache.hc.client5.http.impl.classic.ExecChainElement.execute(ExecChainElement.java:51) ~[httpclient5-5.6.4.jar:5.6.4]
	at org.apache.hc.client5.http.impl.classic.InternalHttpClient.doExecute(InternalHttpClient.java:186) ~[httpclient5-5.6.4.jar:5.6.4]
	at org.apache.hc.client5.http.impl.classic.CloseableHttpClient.execute(CloseableHttpClient.java:87) ~[httpclient5-5.6.4.jar:5.6.4]
	at org.apache.hc.client5.http.impl.classic.CloseableHttpClient.execute(CloseableHttpClient.java:55) ~[httpclient5-5.6.4.jar:5.6.4]
	at org.apache.hc.client5.http.classic.HttpClient.executeOpen(HttpClient.java:183) ~[httpclient5-5.6.4.jar:5.6.4]
	at org.springframework.http.client.HttpComponentsClientHttpRequest.executeInternal(HttpComponentsClientHttpRequest.java:99) ~[spring-web-7.0.9.jar:7.0.9]
	at org.springframework.http.client.AbstractStreamingClientHttpRequest.executeInternal(AbstractStreamingClientHttpRequest.java:87) ~[spring-web-7.0.9.jar:7.0.9]
	at org.springframework.http.client.AbstractClientHttpRequest.execute(AbstractClientHttpRequest.java:80) ~[spring-web-7.0.9.jar:7.0.9]
	at org.springframework.http.client.AbstractBufferingClientHttpRequest.executeWithRequestAndBody(AbstractBufferingClientHttpRequest.java:89) ~[spring-web-7.0.9.jar:7.0.9]
	at org.springframework.http.client.InterceptingClientHttpRequest$EndOfChainRequestExecution.execute(InterceptingClientHttpRequest.java:102) ~[spring-web-7.0.9.jar:7.0.9]
	at org.springframework.cloud.netflix.eureka.http.RestClientTransportClientFactory.lambda$newClient$2(RestClientTransportClientFactory.java:98) ~[spring-cloud-netflix-eureka-client-5.0.2.jar:5.0.2]
	at org.springframework.http.client.ClientHttpRequestInterceptor.lambda$apply$0(ClientHttpRequestInterceptor.java:89) ~[spring-web-7.0.9.jar:7.0.9]
	at org.springframework.http.client.InterceptingClientHttpRequest.executeInternal(InterceptingClientHttpRequest.java:73) ~[spring-web-7.0.9.jar:7.0.9]
	at org.springframework.http.client.AbstractBufferingClientHttpRequest.executeInternal(AbstractBufferingClientHttpRequest.java:50) ~[spring-web-7.0.9.jar:7.0.9]
	at org.springframework.http.client.AbstractClientHttpRequest.execute(AbstractClientHttpRequest.java:80) ~[spring-web-7.0.9.jar:7.0.9]
	at org.springframework.web.client.DefaultRestClient$DefaultRequestBodyUriSpec.exchangeInternal(DefaultRestClient.java:614) ~[spring-web-7.0.9.jar:7.0.9]
	... 39 common frames omitted

2026-10-07T20:51:44.742+02:00  WARN 6336 --- [api-gateway] [SpringApplicationShutdownHook] [                                                 ] c.n.d.s.t.d.RetryableEurekaHttpClient    : Request execution failed with message: I/O error on DELETE request for "http://localhost:8761/eureka/apps/API-GATEWAY/Kamil:api-gateway:8080": Connect to http://localhost:8761 failed: Connection refused: getsockopt
2026-10-07T20:51:44.749+02:00  INFO 6336 --- [api-gateway] [SpringApplicationShutdownHook] [                                                 ] c.n.d.s.t.d.RedirectingEurekaHttpClient  : Request execution error. endpoint=DefaultEndpoint{ serviceUrl='http://localhost:8761/eureka/}, exception=I/O error on DELETE request for "http://localhost:8761/eureka/apps/API-GATEWAY/Kamil:api-gateway:8080": Connect to http://localhost:8761 failed: Connection refused: getsockopt

org.springframework.web.client.ResourceAccessException: I/O error on DELETE request for "http://localhost:8761/eureka/apps/API-GATEWAY/Kamil:api-gateway:8080": Connect to http://localhost:8761 failed: Connection refused: getsockopt
	at org.springframework.web.client.DefaultRestClient$DefaultRequestBodyUriSpec.createResourceAccessException(DefaultRestClient.java:779) ~[spring-web-7.0.9.jar:7.0.9]
	at org.springframework.web.client.DefaultRestClient$DefaultRequestBodyUriSpec.exchangeInternal(DefaultRestClient.java:624) ~[spring-web-7.0.9.jar:7.0.9]
	at org.springframework.web.client.DefaultRestClient$DefaultRequestBodyUriSpec.exchange(DefaultRestClient.java:572) ~[spring-web-7.0.9.jar:7.0.9]
	at org.springframework.web.client.RestClient$RequestHeadersSpec.exchange(RestClient.java:747) ~[spring-web-7.0.9.jar:7.0.9]
	at org.springframework.web.client.DefaultRestClient$DefaultResponseSpec.executeAndExtract(DefaultRestClient.java:924) ~[spring-web-7.0.9.jar:7.0.9]
	at org.springframework.web.client.DefaultRestClient$DefaultResponseSpec.toBodilessEntity(DefaultRestClient.java:888) ~[spring-web-7.0.9.jar:7.0.9]
	at org.springframework.cloud.netflix.eureka.http.RestClientEurekaHttpClient.cancel(RestClientEurekaHttpClient.java:73) ~[spring-cloud-netflix-eureka-client-5.0.2.jar:5.0.2]
	at com.netflix.discovery.shared.transport.decorator.EurekaHttpClientDecorator$2.execute(EurekaHttpClientDecorator.java:74) ~[eureka-client-2.0.6.jar:2.0.6]
	at com.netflix.discovery.shared.transport.decorator.RedirectingEurekaHttpClient.executeOnNewServer(RedirectingEurekaHttpClient.java:120) ~[eureka-client-2.0.6.jar:2.0.6]
	at com.netflix.discovery.shared.transport.decorator.RedirectingEurekaHttpClient.execute(RedirectingEurekaHttpClient.java:79) ~[eureka-client-2.0.6.jar:2.0.6]
	at com.netflix.discovery.shared.transport.decorator.EurekaHttpClientDecorator.cancel(EurekaHttpClientDecorator.java:71) ~[eureka-client-2.0.6.jar:2.0.6]
	at com.netflix.discovery.shared.transport.decorator.EurekaHttpClientDecorator$2.execute(EurekaHttpClientDecorator.java:74) ~[eureka-client-2.0.6.jar:2.0.6]
	at com.netflix.discovery.shared.transport.decorator.RetryableEurekaHttpClient.execute(RetryableEurekaHttpClient.java:120) ~[eureka-client-2.0.6.jar:2.0.6]
	at com.netflix.discovery.shared.transport.decorator.EurekaHttpClientDecorator.cancel(EurekaHttpClientDecorator.java:71) ~[eureka-client-2.0.6.jar:2.0.6]
	at com.netflix.discovery.shared.transport.decorator.EurekaHttpClientDecorator$2.execute(EurekaHttpClientDecorator.java:74) ~[eureka-client-2.0.6.jar:2.0.6]
	at com.netflix.discovery.shared.transport.decorator.SessionedEurekaHttpClient.execute(SessionedEurekaHttpClient.java:76) ~[eureka-client-2.0.6.jar:2.0.6]
	at com.netflix.discovery.shared.transport.decorator.EurekaHttpClientDecorator.cancel(EurekaHttpClientDecorator.java:71) ~[eureka-client-2.0.6.jar:2.0.6]
	at com.netflix.discovery.DiscoveryClient.unregister(DiscoveryClient.java:934) ~[eureka-client-2.0.6.jar:2.0.6]
	at com.netflix.discovery.DiscoveryClient.shutdown(DiscoveryClient.java:915) ~[eureka-client-2.0.6.jar:2.0.6]
	at java.base/jdk.internal.reflect.DirectMethodHandleAccessor.invoke(DirectMethodHandleAccessor.java:104) ~[na:na]
	at java.base/java.lang.reflect.Method.invoke(Method.java:565) ~[na:na]
	at org.springframework.beans.factory.annotation.InitDestroyAnnotationBeanPostProcessor$LifecycleMethod.invoke(InitDestroyAnnotationBeanPostProcessor.java:453) ~[spring-beans-7.0.9.jar:7.0.9]
	at org.springframework.beans.factory.annotation.InitDestroyAnnotationBeanPostProcessor$LifecycleMetadata.invokeDestroyMethods(InitDestroyAnnotationBeanPostProcessor.java:411) ~[spring-beans-7.0.9.jar:7.0.9]
	at org.springframework.beans.factory.annotation.InitDestroyAnnotationBeanPostProcessor.postProcessBeforeDestruction(InitDestroyAnnotationBeanPostProcessor.java:237) ~[spring-beans-7.0.9.jar:7.0.9]
	at org.springframework.beans.factory.support.DisposableBeanAdapter.destroy(DisposableBeanAdapter.java:200) ~[spring-beans-7.0.9.jar:7.0.9]
	at org.springframework.beans.factory.support.DisposableBeanAdapter.run(DisposableBeanAdapter.java:193) ~[spring-beans-7.0.9.jar:7.0.9]
	at org.springframework.cloud.context.scope.GenericScope$BeanLifecycleWrapper.destroy(GenericScope.java:387) ~[spring-cloud-context-5.0.3.jar:5.0.3]
	at org.springframework.cloud.context.scope.GenericScope.destroy(GenericScope.java:134) ~[spring-cloud-context-5.0.3.jar:5.0.3]
	at org.springframework.beans.factory.support.DisposableBeanAdapter.destroy(DisposableBeanAdapter.java:209) ~[spring-beans-7.0.9.jar:7.0.9]
	at org.springframework.beans.factory.support.DefaultSingletonBeanRegistry.destroyBean(DefaultSingletonBeanRegistry.java:795) ~[spring-beans-7.0.9.jar:7.0.9]
	at org.springframework.beans.factory.support.DefaultSingletonBeanRegistry.destroySingleton(DefaultSingletonBeanRegistry.java:745) ~[spring-beans-7.0.9.jar:7.0.9]
	at org.springframework.beans.factory.support.DefaultListableBeanFactory.destroySingleton(DefaultListableBeanFactory.java:1507) ~[spring-beans-7.0.9.jar:7.0.9]
	at org.springframework.beans.factory.support.DefaultSingletonBeanRegistry.destroySingletons(DefaultSingletonBeanRegistry.java:704) ~[spring-beans-7.0.9.jar:7.0.9]
	at org.springframework.beans.factory.support.DefaultListableBeanFactory.destroySingletons(DefaultListableBeanFactory.java:1500) ~[spring-beans-7.0.9.jar:7.0.9]
	at org.springframework.context.support.AbstractApplicationContext.destroyBeans(AbstractApplicationContext.java:1246) ~[spring-context-7.0.9.jar:7.0.9]
	at org.springframework.context.support.AbstractApplicationContext.doClose(AbstractApplicationContext.java:1207) ~[spring-context-7.0.9.jar:7.0.9]
	at org.springframework.boot.web.server.reactive.context.ReactiveWebServerApplicationContext.doClose(ReactiveWebServerApplicationContext.java:158) ~[spring-boot-web-server-4.1.1.jar:4.1.1]
	at org.springframework.context.support.AbstractApplicationContext.close(AbstractApplicationContext.java:1153) ~[spring-context-7.0.9.jar:7.0.9]
	at org.springframework.boot.SpringApplicationShutdownHook.closeAndWait(SpringApplicationShutdownHook.java:147) ~[spring-boot-4.1.1.jar:4.1.1]
	at java.base/java.lang.Iterable.forEach(Iterable.java:75) ~[na:na]
	at org.springframework.boot.SpringApplicationShutdownHook.run(SpringApplicationShutdownHook.java:116) ~[spring-boot-4.1.1.jar:4.1.1]
	at java.base/java.lang.Thread.run(Thread.java:1447) ~[na:na]
Caused by: org.apache.hc.client5.http.HttpHostConnectException: Connect to http://localhost:8761 failed: Connection refused: getsockopt
	at java.base/sun.nio.ch.Net.pollConnect(Native Method) ~[na:na]
	at java.base/sun.nio.ch.Net.pollConnectNow(Net.java:628) ~[na:na]
	at java.base/sun.nio.ch.NioSocketImpl.timedFinishConnect(NioSocketImpl.java:533) ~[na:na]
	at java.base/sun.nio.ch.NioSocketImpl.connect(NioSocketImpl.java:583) ~[na:na]
	at java.base/java.net.SocksSocketImpl.connect(SocksSocketImpl.java:282) ~[na:na]
	at java.base/java.net.Socket.connect(Socket.java:665) ~[na:na]
	at org.apache.hc.client5.http.impl.io.DefaultHttpClientConnectionOperator.connect(DefaultHttpClientConnectionOperator.java:219) ~[httpclient5-5.6.4.jar:5.6.4]
	at org.apache.hc.client5.http.impl.io.PoolingHttpClientConnectionManager.connect(PoolingHttpClientConnectionManager.java:547) ~[httpclient5-5.6.4.jar:5.6.4]
	at org.apache.hc.client5.http.impl.classic.InternalExecRuntime.connectEndpoint(InternalExecRuntime.java:164) ~[httpclient5-5.6.4.jar:5.6.4]
	at org.apache.hc.client5.http.impl.classic.InternalExecRuntime.connectEndpoint(InternalExecRuntime.java:174) ~[httpclient5-5.6.4.jar:5.6.4]
	at org.apache.hc.client5.http.impl.classic.ConnectExec.execute(ConnectExec.java:144) ~[httpclient5-5.6.4.jar:5.6.4]
	at org.apache.hc.client5.http.impl.classic.ExecChainElement.execute(ExecChainElement.java:51) ~[httpclient5-5.6.4.jar:5.6.4]
	at org.apache.hc.client5.http.impl.classic.ProtocolExec.execute(ProtocolExec.java:192) ~[httpclient5-5.6.4.jar:5.6.4]
	at org.apache.hc.client5.http.impl.classic.ExecChainElement.execute(ExecChainElement.java:51) ~[httpclient5-5.6.4.jar:5.6.4]
	at org.apache.hc.client5.http.impl.classic.ContentCompressionExec.execute(ContentCompressionExec.java:138) ~[httpclient5-5.6.4.jar:5.6.4]
	at org.apache.hc.client5.http.impl.classic.ExecChainElement.execute(ExecChainElement.java:51) ~[httpclient5-5.6.4.jar:5.6.4]
	at org.apache.hc.client5.http.impl.classic.HttpRequestRetryExec.execute(HttpRequestRetryExec.java:112) ~[httpclient5-5.6.4.jar:5.6.4]
	at org.apache.hc.client5.http.impl.classic.ExecChainElement.execute(ExecChainElement.java:51) ~[httpclient5-5.6.4.jar:5.6.4]
	at org.apache.hc.client5.http.impl.classic.RedirectExec.execute(RedirectExec.java:110) ~[httpclient5-5.6.4.jar:5.6.4]
	at org.apache.hc.client5.http.impl.classic.ExecChainElement.execute(ExecChainElement.java:51) ~[httpclient5-5.6.4.jar:5.6.4]
	at org.apache.hc.client5.http.impl.classic.InternalHttpClient.doExecute(InternalHttpClient.java:186) ~[httpclient5-5.6.4.jar:5.6.4]
	at org.apache.hc.client5.http.impl.classic.CloseableHttpClient.execute(CloseableHttpClient.java:87) ~[httpclient5-5.6.4.jar:5.6.4]
	at org.apache.hc.client5.http.impl.classic.CloseableHttpClient.execute(CloseableHttpClient.java:55) ~[httpclient5-5.6.4.jar:5.6.4]
	at org.apache.hc.client5.http.classic.HttpClient.executeOpen(HttpClient.java:183) ~[httpclient5-5.6.4.jar:5.6.4]
	at org.springframework.http.client.HttpComponentsClientHttpRequest.executeInternal(HttpComponentsClientHttpRequest.java:99) ~[spring-web-7.0.9.jar:7.0.9]
	at org.springframework.http.client.AbstractStreamingClientHttpRequest.executeInternal(AbstractStreamingClientHttpRequest.java:87) ~[spring-web-7.0.9.jar:7.0.9]
	at org.springframework.http.client.AbstractClientHttpRequest.execute(AbstractClientHttpRequest.java:80) ~[spring-web-7.0.9.jar:7.0.9]
	at org.springframework.http.client.AbstractBufferingClientHttpRequest.executeWithRequestAndBody(AbstractBufferingClientHttpRequest.java:89) ~[spring-web-7.0.9.jar:7.0.9]
	at org.springframework.http.client.InterceptingClientHttpRequest$EndOfChainRequestExecution.execute(InterceptingClientHttpRequest.java:102) ~[spring-web-7.0.9.jar:7.0.9]
	at org.springframework.cloud.netflix.eureka.http.RestClientTransportClientFactory.lambda$newClient$2(RestClientTransportClientFactory.java:98) ~[spring-cloud-netflix-eureka-client-5.0.2.jar:5.0.2]
	at org.springframework.http.client.ClientHttpRequestInterceptor.lambda$apply$0(ClientHttpRequestInterceptor.java:89) ~[spring-web-7.0.9.jar:7.0.9]
	at org.springframework.http.client.InterceptingClientHttpRequest.executeInternal(InterceptingClientHttpRequest.java:73) ~[spring-web-7.0.9.jar:7.0.9]
	at org.springframework.http.client.AbstractBufferingClientHttpRequest.executeInternal(AbstractBufferingClientHttpRequest.java:50) ~[spring-web-7.0.9.jar:7.0.9]
	at org.springframework.http.client.AbstractClientHttpRequest.execute(AbstractClientHttpRequest.java:80) ~[spring-web-7.0.9.jar:7.0.9]
	at org.springframework.web.client.DefaultRestClient$DefaultRequestBodyUriSpec.exchangeInternal(DefaultRestClient.java:614) ~[spring-web-7.0.9.jar:7.0.9]
	... 40 common frames omitted

2026-10-07T20:51:44.750+02:00  WARN 6336 --- [api-gateway] [SpringApplicationShutdownHook] [                                                 ] c.n.d.s.t.d.RetryableEurekaHttpClient    : Request execution failed with message: I/O error on DELETE request for "http://localhost:8761/eureka/apps/API-GATEWAY/Kamil:api-gateway:8080": Connect to http://localhost:8761 failed: Connection refused: getsockopt
2026-10-07T20:51:44.751+02:00 ERROR 6336 --- [api-gateway] [SpringApplicationShutdownHook] [                                                 ] com.netflix.discovery.DiscoveryClient    : DiscoveryClient_API-GATEWAY/Kamil:api-gateway:8080 - de-registration failedCannot execute request on any known server

com.netflix.discovery.shared.transport.TransportException: Cannot execute request on any known server
	at com.netflix.discovery.shared.transport.decorator.RetryableEurekaHttpClient.execute(RetryableEurekaHttpClient.java:112) ~[eureka-client-2.0.6.jar:2.0.6]
	at com.netflix.discovery.shared.transport.decorator.EurekaHttpClientDecorator.cancel(EurekaHttpClientDecorator.java:71) ~[eureka-client-2.0.6.jar:2.0.6]
	at com.netflix.discovery.shared.transport.decorator.EurekaHttpClientDecorator$2.execute(EurekaHttpClientDecorator.java:74) ~[eureka-client-2.0.6.jar:2.0.6]
	at com.netflix.discovery.shared.transport.decorator.SessionedEurekaHttpClient.execute(SessionedEurekaHttpClient.java:76) ~[eureka-client-2.0.6.jar:2.0.6]
	at com.netflix.discovery.shared.transport.decorator.EurekaHttpClientDecorator.cancel(EurekaHttpClientDecorator.java:71) ~[eureka-client-2.0.6.jar:2.0.6]
	at com.netflix.discovery.DiscoveryClient.unregister(DiscoveryClient.java:934) ~[eureka-client-2.0.6.jar:2.0.6]
	at com.netflix.discovery.DiscoveryClient.shutdown(DiscoveryClient.java:915) ~[eureka-client-2.0.6.jar:2.0.6]
	at java.base/jdk.internal.reflect.DirectMethodHandleAccessor.invoke(DirectMethodHandleAccessor.java:104) ~[na:na]
	at java.base/java.lang.reflect.Method.invoke(Method.java:565) ~[na:na]
	at org.springframework.beans.factory.annotation.InitDestroyAnnotationBeanPostProcessor$LifecycleMethod.invoke(InitDestroyAnnotationBeanPostProcessor.java:453) ~[spring-beans-7.0.9.jar:7.0.9]
	at org.springframework.beans.factory.annotation.InitDestroyAnnotationBeanPostProcessor$LifecycleMetadata.invokeDestroyMethods(InitDestroyAnnotationBeanPostProcessor.java:411) ~[spring-beans-7.0.9.jar:7.0.9]
	at org.springframework.beans.factory.annotation.InitDestroyAnnotationBeanPostProcessor.postProcessBeforeDestruction(InitDestroyAnnotationBeanPostProcessor.java:237) ~[spring-beans-7.0.9.jar:7.0.9]
	at org.springframework.beans.factory.support.DisposableBeanAdapter.destroy(DisposableBeanAdapter.java:200) ~[spring-beans-7.0.9.jar:7.0.9]
	at org.springframework.beans.factory.support.DisposableBeanAdapter.run(DisposableBeanAdapter.java:193) ~[spring-beans-7.0.9.jar:7.0.9]
	at org.springframework.cloud.context.scope.GenericScope$BeanLifecycleWrapper.destroy(GenericScope.java:387) ~[spring-cloud-context-5.0.3.jar:5.0.3]
	at org.springframework.cloud.context.scope.GenericScope.destroy(GenericScope.java:134) ~[spring-cloud-context-5.0.3.jar:5.0.3]
	at org.springframework.beans.factory.support.DisposableBeanAdapter.destroy(DisposableBeanAdapter.java:209) ~[spring-beans-7.0.9.jar:7.0.9]
	at org.springframework.beans.factory.support.DefaultSingletonBeanRegistry.destroyBean(DefaultSingletonBeanRegistry.java:795) ~[spring-beans-7.0.9.jar:7.0.9]
	at org.springframework.beans.factory.support.DefaultSingletonBeanRegistry.destroySingleton(DefaultSingletonBeanRegistry.java:745) ~[spring-beans-7.0.9.jar:7.0.9]
	at org.springframework.beans.factory.support.DefaultListableBeanFactory.destroySingleton(DefaultListableBeanFactory.java:1507) ~[spring-beans-7.0.9.jar:7.0.9]
	at org.springframework.beans.factory.support.DefaultSingletonBeanRegistry.destroySingletons(DefaultSingletonBeanRegistry.java:704) ~[spring-beans-7.0.9.jar:7.0.9]
	at org.springframework.beans.factory.support.DefaultListableBeanFactory.destroySingletons(DefaultListableBeanFactory.java:1500) ~[spring-beans-7.0.9.jar:7.0.9]
	at org.springframework.context.support.AbstractApplicationContext.destroyBeans(AbstractApplicationContext.java:1246) ~[spring-context-7.0.9.jar:7.0.9]
	at org.springframework.context.support.AbstractApplicationContext.doClose(AbstractApplicationContext.java:1207) ~[spring-context-7.0.9.jar:7.0.9]
	at org.springframework.boot.web.server.reactive.context.ReactiveWebServerApplicationContext.doClose(ReactiveWebServerApplicationContext.java:158) ~[spring-boot-web-server-4.1.1.jar:4.1.1]
	at org.springframework.context.support.AbstractApplicationContext.close(AbstractApplicationContext.java:1153) ~[spring-context-7.0.9.jar:7.0.9]
	at org.springframework.boot.SpringApplicationShutdownHook.closeAndWait(SpringApplicationShutdownHook.java:147) ~[spring-boot-4.1.1.jar:4.1.1]
	at java.base/java.lang.Iterable.forEach(Iterable.java:75) ~[na:na]
	at org.springframework.boot.SpringApplicationShutdownHook.run(SpringApplicationShutdownHook.java:116) ~[spring-boot-4.1.1.jar:4.1.1]
	at java.base/java.lang.Thread.run(Thread.java:1447) ~[na:na]

2026-10-07T20:51:44.752+02:00  INFO 6336 --- [api-gateway] [SpringApplicationShutdownHook] [                                                 ] com.netflix.discovery.DiscoveryClient    : Completed shut down of DiscoveryClient
2026-10-07T20:52:17.108+02:00  INFO 10876 --- [api-gateway] [restartedMain] [                                                 ] c.ecommerce.gateway.GatewayApplication   : Starting GatewayApplication using Java 24.0.1 with PID 10876 (E:\Programy\Github\nowy-ecomerce\nowy\ecom\gateway\target\classes started by KPSzy in E:\Programy\Github\nowy-ecomerce\nowy\ecom)
2026-10-07T20:52:17.113+02:00  INFO 10876 --- [api-gateway] [restartedMain] [                                                 ] c.ecommerce.gateway.GatewayApplication   : No active profile set, falling back to 1 default profile: "default"
2026-10-07T20:52:17.174+02:00  INFO 10876 --- [api-gateway] [restartedMain] [                                                 ] o.s.c.c.c.ConfigServerConfigDataLoader   : Fetching config from server at : http://localhost:8888
2026-10-07T20:52:17.174+02:00  INFO 10876 --- [api-gateway] [restartedMain] [                                                 ] o.s.c.c.c.ConfigServerConfigDataLoader   : Located environment: name=api-gateway, profiles=[default], label=null, version=null, state=null
2026-10-07T20:52:17.177+02:00  INFO 10876 --- [api-gateway] [restartedMain] [                                                 ] .e.DevToolsPropertyDefaultsPostProcessor : Devtools property defaults active! Set 'spring.devtools.add-properties' to 'false' to disable
2026-10-07T20:52:18.206+02:00  INFO 10876 --- [api-gateway] [restartedMain] [                                                 ] o.s.cloud.context.scope.GenericScope     : BeanFactory id=eea85bbd-ac6c-3973-bd1a-7d34cde04504
2026-10-07T20:52:19.728+02:00  WARN 10876 --- [api-gateway] [restartedMain] [                                                 ] o.h.v.i.m.a.CascadingMetaDataBuilder     : HV000271: Using `@Valid` on a container (java.util.List) is deprecated. You should apply the annotation on the type argument(s). Affected element: routes
2026-10-07T20:52:19.950+02:00  INFO 10876 --- [api-gateway] [restartedMain] [                                                 ] o.s.c.g.r.RouteDefinitionRouteLocator    : Loaded RoutePredicateFactory [After]
2026-10-07T20:52:19.951+02:00  INFO 10876 --- [api-gateway] [restartedMain] [                                                 ] o.s.c.g.r.RouteDefinitionRouteLocator    : Loaded RoutePredicateFactory [Before]
2026-10-07T20:52:19.951+02:00  INFO 10876 --- [api-gateway] [restartedMain] [                                                 ] o.s.c.g.r.RouteDefinitionRouteLocator    : Loaded RoutePredicateFactory [Between]
2026-10-07T20:52:19.951+02:00  INFO 10876 --- [api-gateway] [restartedMain] [                                                 ] o.s.c.g.r.RouteDefinitionRouteLocator    : Loaded RoutePredicateFactory [Cookie]
2026-10-07T20:52:19.951+02:00  INFO 10876 --- [api-gateway] [restartedMain] [                                                 ] o.s.c.g.r.RouteDefinitionRouteLocator    : Loaded RoutePredicateFactory [Header]
2026-10-07T20:52:19.951+02:00  INFO 10876 --- [api-gateway] [restartedMain] [                                                 ] o.s.c.g.r.RouteDefinitionRouteLocator    : Loaded RoutePredicateFactory [Host]
2026-10-07T20:52:19.951+02:00  INFO 10876 --- [api-gateway] [restartedMain] [                                                 ] o.s.c.g.r.RouteDefinitionRouteLocator    : Loaded RoutePredicateFactory [Method]
2026-10-07T20:52:19.951+02:00  INFO 10876 --- [api-gateway] [restartedMain] [                                                 ] o.s.c.g.r.RouteDefinitionRouteLocator    : Loaded RoutePredicateFactory [Path]
2026-10-07T20:52:19.952+02:00  INFO 10876 --- [api-gateway] [restartedMain] [                                                 ] o.s.c.g.r.RouteDefinitionRouteLocator    : Loaded RoutePredicateFactory [Query]
2026-10-07T20:52:19.952+02:00  INFO 10876 --- [api-gateway] [restartedMain] [                                                 ] o.s.c.g.r.RouteDefinitionRouteLocator    : Loaded RoutePredicateFactory [ReadBody]
2026-10-07T20:52:19.952+02:00  INFO 10876 --- [api-gateway] [restartedMain] [                                                 ] o.s.c.g.r.RouteDefinitionRouteLocator    : Loaded RoutePredicateFactory [RemoteAddr]
2026-10-07T20:52:19.952+02:00  INFO 10876 --- [api-gateway] [restartedMain] [                                                 ] o.s.c.g.r.RouteDefinitionRouteLocator    : Loaded RoutePredicateFactory [Version]
2026-10-07T20:52:19.952+02:00  INFO 10876 --- [api-gateway] [restartedMain] [                                                 ] o.s.c.g.r.RouteDefinitionRouteLocator    : Loaded RoutePredicateFactory [XForwardedRemoteAddr]
2026-10-07T20:52:19.952+02:00  INFO 10876 --- [api-gateway] [restartedMain] [                                                 ] o.s.c.g.r.RouteDefinitionRouteLocator    : Loaded RoutePredicateFactory [Weight]
2026-10-07T20:52:19.952+02:00  INFO 10876 --- [api-gateway] [restartedMain] [                                                 ] o.s.c.g.r.RouteDefinitionRouteLocator    : Loaded RoutePredicateFactory [CloudFoundryRouteService]
2026-10-07T20:52:20.611+02:00  INFO 10876 --- [api-gateway] [restartedMain] [                                                 ] DiscoveryClientOptionalArgsConfiguration : Eureka HTTP Client uses RestClient.
2026-10-07T20:52:20.669+02:00  INFO 10876 --- [api-gateway] [restartedMain] [                                                 ] o.s.c.n.eureka.InstanceInfoFactory       : Setting initial instance status as: STARTING
2026-10-07T20:52:20.700+02:00  INFO 10876 --- [api-gateway] [restartedMain] [                                                 ] com.netflix.discovery.DiscoveryClient    : Initializing Eureka in region us-east-1
2026-10-07T20:52:20.702+02:00  INFO 10876 --- [api-gateway] [restartedMain] [                                                 ] c.n.d.s.r.aws.ConfigClusterResolver      : Resolving eureka endpoints via configuration
2026-10-07T20:52:20.709+02:00  INFO 10876 --- [api-gateway] [restartedMain] [                                                 ] com.netflix.discovery.DiscoveryClient    : Disable delta property : false
2026-10-07T20:52:20.709+02:00  INFO 10876 --- [api-gateway] [restartedMain] [                                                 ] com.netflix.discovery.DiscoveryClient    : Single vip registry refresh property : null
2026-10-07T20:52:20.709+02:00  INFO 10876 --- [api-gateway] [restartedMain] [                                                 ] com.netflix.discovery.DiscoveryClient    : Force full registry fetch : false
2026-10-07T20:52:20.710+02:00  INFO 10876 --- [api-gateway] [restartedMain] [                                                 ] com.netflix.discovery.DiscoveryClient    : Application is null : false
2026-10-07T20:52:20.710+02:00  INFO 10876 --- [api-gateway] [restartedMain] [                                                 ] com.netflix.discovery.DiscoveryClient    : Registered Applications size is zero : true
2026-10-07T20:52:20.710+02:00  INFO 10876 --- [api-gateway] [restartedMain] [                                                 ] com.netflix.discovery.DiscoveryClient    : Application version is -1: true
2026-10-07T20:52:20.710+02:00  INFO 10876 --- [api-gateway] [restartedMain] [                                                 ] com.netflix.discovery.DiscoveryClient    : Getting all instance registry info from the eureka server
2026-10-07T20:52:21.031+02:00  INFO 10876 --- [api-gateway] [restartedMain] [                                                 ] com.netflix.discovery.DiscoveryClient    : The response status is 200
2026-10-07T20:52:21.033+02:00  INFO 10876 --- [api-gateway] [restartedMain] [                                                 ] com.netflix.discovery.DiscoveryClient    : Starting heartbeat executor: renew interval is: 30
2026-10-07T20:52:21.035+02:00  INFO 10876 --- [api-gateway] [restartedMain] [                                                 ] c.n.discovery.InstanceInfoReplicator     : InstanceInfoReplicator onDemand update allowed rate per min is 4
2026-10-07T20:52:21.036+02:00  INFO 10876 --- [api-gateway] [restartedMain] [                                                 ] com.netflix.discovery.DiscoveryClient    : Discovery Client initialized at timestamp 1791399141036 with initial instances count: 0
2026-10-07T20:52:21.039+02:00  INFO 10876 --- [api-gateway] [restartedMain] [                                                 ] o.s.c.n.e.s.EurekaServiceRegistry        : Registering application API-GATEWAY with eureka with status UP
2026-10-07T20:52:21.040+02:00  INFO 10876 --- [api-gateway] [restartedMain] [                                                 ] com.netflix.discovery.DiscoveryClient    : Saw local status change event StatusChangeEvent [timestamp=1791399141040, current=UP, previous=STARTING]
2026-10-07T20:52:21.041+02:00  INFO 10876 --- [api-gateway] [DiscoveryClient-InstanceInfoReplicator-%d] [                                                 ] com.netflix.discovery.DiscoveryClient    : DiscoveryClient_API-GATEWAY/Kamil:api-gateway:8080: registering service...
2026-10-07T20:52:21.117+02:00  INFO 10876 --- [api-gateway] [DiscoveryClient-InstanceInfoReplicator-%d] [                                                 ] com.netflix.discovery.DiscoveryClient    : DiscoveryClient_API-GATEWAY/Kamil:api-gateway:8080 - registration status: 204
2026-10-07T20:52:21.152+02:00  INFO 10876 --- [api-gateway] [restartedMain] [                                                 ] o.s.boot.reactor.netty.NettyWebServer    : Netty started on port 8080 (http)
2026-10-07T20:52:21.153+02:00  INFO 10876 --- [api-gateway] [restartedMain] [                                                 ] .s.c.n.e.s.EurekaAutoServiceRegistration : Updating port to 8080
2026-10-07T20:52:21.168+02:00  INFO 10876 --- [api-gateway] [restartedMain] [                                                 ] c.ecommerce.gateway.GatewayApplication   : Started GatewayApplication in 4.941 seconds (process running for 5.819)
2026-10-07T20:52:51.034+02:00  INFO 10876 --- [api-gateway] [DiscoveryClient-CacheRefreshExecutor-%d] [                                                 ] com.netflix.discovery.DiscoveryClient    : Disable delta property : false
2026-10-07T20:52:51.035+02:00  INFO 10876 --- [api-gateway] [DiscoveryClient-CacheRefreshExecutor-%d] [                                                 ] com.netflix.discovery.DiscoveryClient    : Single vip registry refresh property : null
2026-10-07T20:52:51.035+02:00  INFO 10876 --- [api-gateway] [DiscoveryClient-CacheRefreshExecutor-%d] [                                                 ] com.netflix.discovery.DiscoveryClient    : Force full registry fetch : false
2026-10-07T20:52:51.035+02:00  INFO 10876 --- [api-gateway] [DiscoveryClient-CacheRefreshExecutor-%d] [                                                 ] com.netflix.discovery.DiscoveryClient    : Application is null : false
2026-10-07T20:52:51.035+02:00  INFO 10876 --- [api-gateway] [DiscoveryClient-CacheRefreshExecutor-%d] [                                                 ] com.netflix.discovery.DiscoveryClient    : Registered Applications size is zero : true
2026-10-07T20:52:51.035+02:00  INFO 10876 --- [api-gateway] [DiscoveryClient-CacheRefreshExecutor-%d] [                                                 ] com.netflix.discovery.DiscoveryClient    : Application version is -1: false
2026-10-07T20:52:51.035+02:00  INFO 10876 --- [api-gateway] [DiscoveryClient-CacheRefreshExecutor-%d] [                                                 ] com.netflix.discovery.DiscoveryClient    : Getting all instance registry info from the eureka server
2026-10-07T20:52:51.056+02:00  INFO 10876 --- [api-gateway] [DiscoveryClient-CacheRefreshExecutor-%d] [                                                 ] com.netflix.discovery.DiscoveryClient    : The response status is 200
2026-10-07T20:57:20.713+02:00  INFO 10876 --- [api-gateway] [AsyncResolver-bootstrap-executor-%d] [                                                 ] c.n.d.s.r.aws.ConfigClusterResolver      : Resolving eureka endpoints via configuration
2026-10-07T21:01:20.881+02:00  INFO 10876 --- [api-gateway] [SpringApplicationShutdownHook] [                                                 ] o.s.c.n.e.s.EurekaServiceRegistry        : Unregistering application API-GATEWAY with eureka with status DOWN
2026-10-07T21:01:20.882+02:00  INFO 10876 --- [api-gateway] [SpringApplicationShutdownHook] [                                                 ] com.netflix.discovery.DiscoveryClient    : Saw local status change event StatusChangeEvent [timestamp=1791399680882, current=DOWN, previous=UP]
2026-10-07T21:01:20.883+02:00  INFO 10876 --- [api-gateway] [DiscoveryClient-InstanceInfoReplicator-%d] [                                                 ] com.netflix.discovery.DiscoveryClient    : DiscoveryClient_API-GATEWAY/Kamil:api-gateway:8080: registering service...
2026-10-07T21:01:20.885+02:00  INFO 10876 --- [api-gateway] [SpringApplicationShutdownHook] [                                                 ] o.s.boot.reactor.netty.GracefulShutdown  : Commencing graceful shutdown. Waiting for active requests to complete
2026-10-07T21:01:20.887+02:00  INFO 10876 --- [api-gateway] [netty-shutdown] [                                                 ] o.s.boot.reactor.netty.GracefulShutdown  : Graceful shutdown complete
2026-10-07T21:01:20.889+02:00  INFO 10876 --- [api-gateway] [DiscoveryClient-InstanceInfoReplicator-%d] [                                                 ] com.netflix.discovery.DiscoveryClient    : DiscoveryClient_API-GATEWAY/Kamil:api-gateway:8080 - registration status: 204
2026-10-07T21:01:20.907+02:00  INFO 10876 --- [api-gateway] [SpringApplicationShutdownHook] [                                                 ] com.netflix.discovery.DiscoveryClient    : Shutting down DiscoveryClient ...
2026-10-07T21:01:23.909+02:00  INFO 10876 --- [api-gateway] [SpringApplicationShutdownHook] [                                                 ] com.netflix.discovery.DiscoveryClient    : Unregistering ...
2026-10-07T21:01:23.909+02:00  WARN 10876 --- [api-gateway] [DiscoveryClient-%d] [                                                 ] c.netflix.discovery.TimedSupervisorTask  : task supervisor shutting down, can't accept the task
2026-10-07T21:01:23.917+02:00  INFO 10876 --- [api-gateway] [SpringApplicationShutdownHook] [                                                 ] com.netflix.discovery.DiscoveryClient    : DiscoveryClient_API-GATEWAY/Kamil:api-gateway:8080 - deregister  status: 200
2026-10-07T21:01:23.917+02:00  INFO 10876 --- [api-gateway] [SpringApplicationShutdownHook] [                                                 ] com.netflix.discovery.DiscoveryClient    : Completed shut down of DiscoveryClient
2026-10-07T21:01:27.005+02:00  INFO 33784 --- [api-gateway] [restartedMain] [                                                 ] c.ecommerce.gateway.GatewayApplication   : Starting GatewayApplication using Java 24.0.1 with PID 33784 (E:\Programy\Github\nowy-ecomerce\nowy\ecom\gateway\target\classes started by KPSzy in E:\Programy\Github\nowy-ecomerce\nowy\ecom)
2026-10-07T21:01:27.010+02:00  INFO 33784 --- [api-gateway] [restartedMain] [                                                 ] c.ecommerce.gateway.GatewayApplication   : No active profile set, falling back to 1 default profile: "default"
2026-10-07T21:01:27.073+02:00  INFO 33784 --- [api-gateway] [restartedMain] [                                                 ] o.s.c.c.c.ConfigServerConfigDataLoader   : Fetching config from server at : http://localhost:8888
2026-10-07T21:01:27.073+02:00  INFO 33784 --- [api-gateway] [restartedMain] [                                                 ] o.s.c.c.c.ConfigServerConfigDataLoader   : Located environment: name=api-gateway, profiles=[default], label=null, version=null, state=null
2026-10-07T21:01:27.077+02:00  INFO 33784 --- [api-gateway] [restartedMain] [                                                 ] .e.DevToolsPropertyDefaultsPostProcessor : Devtools property defaults active! Set 'spring.devtools.add-properties' to 'false' to disable
2026-10-07T21:01:28.174+02:00  INFO 33784 --- [api-gateway] [restartedMain] [                                                 ] o.s.cloud.context.scope.GenericScope     : BeanFactory id=eea85bbd-ac6c-3973-bd1a-7d34cde04504
2026-10-07T21:01:29.554+02:00  WARN 33784 --- [api-gateway] [restartedMain] [                                                 ] o.h.v.i.m.a.CascadingMetaDataBuilder     : HV000271: Using `@Valid` on a container (java.util.List) is deprecated. You should apply the annotation on the type argument(s). Affected element: routes
2026-10-07T21:01:29.637+02:00  WARN 33784 --- [api-gateway] [restartedMain] [                                                 ] o.h.v.i.m.a.CascadingMetaDataBuilder     : HV000271: Using `@Valid` on a container (java.util.List) is deprecated. You should apply the annotation on the type argument(s). Affected element: filters
2026-10-07T21:01:29.638+02:00  WARN 33784 --- [api-gateway] [restartedMain] [                                                 ] o.h.v.i.m.a.CascadingMetaDataBuilder     : HV000271: Using `@Valid` on a container (java.util.List) is deprecated. You should apply the annotation on the type argument(s). Affected element: predicates
2026-10-07T21:01:29.800+02:00  INFO 33784 --- [api-gateway] [restartedMain] [                                                 ] o.s.c.g.r.RouteDefinitionRouteLocator    : Loaded RoutePredicateFactory [After]
2026-10-07T21:01:29.800+02:00  INFO 33784 --- [api-gateway] [restartedMain] [                                                 ] o.s.c.g.r.RouteDefinitionRouteLocator    : Loaded RoutePredicateFactory [Before]
2026-10-07T21:01:29.800+02:00  INFO 33784 --- [api-gateway] [restartedMain] [                                                 ] o.s.c.g.r.RouteDefinitionRouteLocator    : Loaded RoutePredicateFactory [Between]
2026-10-07T21:01:29.800+02:00  INFO 33784 --- [api-gateway] [restartedMain] [                                                 ] o.s.c.g.r.RouteDefinitionRouteLocator    : Loaded RoutePredicateFactory [Cookie]
2026-10-07T21:01:29.801+02:00  INFO 33784 --- [api-gateway] [restartedMain] [                                                 ] o.s.c.g.r.RouteDefinitionRouteLocator    : Loaded RoutePredicateFactory [Header]
2026-10-07T21:01:29.801+02:00  INFO 33784 --- [api-gateway] [restartedMain] [                                                 ] o.s.c.g.r.RouteDefinitionRouteLocator    : Loaded RoutePredicateFactory [Host]
2026-10-07T21:01:29.801+02:00  INFO 33784 --- [api-gateway] [restartedMain] [                                                 ] o.s.c.g.r.RouteDefinitionRouteLocator    : Loaded RoutePredicateFactory [Method]
2026-10-07T21:01:29.801+02:00  INFO 33784 --- [api-gateway] [restartedMain] [                                                 ] o.s.c.g.r.RouteDefinitionRouteLocator    : Loaded RoutePredicateFactory [Path]
2026-10-07T21:01:29.801+02:00  INFO 33784 --- [api-gateway] [restartedMain] [                                                 ] o.s.c.g.r.RouteDefinitionRouteLocator    : Loaded RoutePredicateFactory [Query]
2026-10-07T21:01:29.801+02:00  INFO 33784 --- [api-gateway] [restartedMain] [                                                 ] o.s.c.g.r.RouteDefinitionRouteLocator    : Loaded RoutePredicateFactory [ReadBody]
2026-10-07T21:01:29.801+02:00  INFO 33784 --- [api-gateway] [restartedMain] [                                                 ] o.s.c.g.r.RouteDefinitionRouteLocator    : Loaded RoutePredicateFactory [RemoteAddr]
2026-10-07T21:01:29.802+02:00  INFO 33784 --- [api-gateway] [restartedMain] [                                                 ] o.s.c.g.r.RouteDefinitionRouteLocator    : Loaded RoutePredicateFactory [Version]
2026-10-07T21:01:29.803+02:00  INFO 33784 --- [api-gateway] [restartedMain] [                                                 ] o.s.c.g.r.RouteDefinitionRouteLocator    : Loaded RoutePredicateFactory [XForwardedRemoteAddr]
2026-10-07T21:01:29.803+02:00  INFO 33784 --- [api-gateway] [restartedMain] [                                                 ] o.s.c.g.r.RouteDefinitionRouteLocator    : Loaded RoutePredicateFactory [Weight]
2026-10-07T21:01:29.803+02:00  INFO 33784 --- [api-gateway] [restartedMain] [                                                 ] o.s.c.g.r.RouteDefinitionRouteLocator    : Loaded RoutePredicateFactory [CloudFoundryRouteService]
2026-10-07T21:01:30.454+02:00  INFO 33784 --- [api-gateway] [restartedMain] [                                                 ] DiscoveryClientOptionalArgsConfiguration : Eureka HTTP Client uses RestClient.
2026-10-07T21:01:30.538+02:00  INFO 33784 --- [api-gateway] [restartedMain] [                                                 ] o.s.c.n.eureka.InstanceInfoFactory       : Setting initial instance status as: STARTING
2026-10-07T21:01:30.558+02:00  INFO 33784 --- [api-gateway] [restartedMain] [                                                 ] com.netflix.discovery.DiscoveryClient    : Initializing Eureka in region us-east-1
2026-10-07T21:01:30.561+02:00  INFO 33784 --- [api-gateway] [restartedMain] [                                                 ] c.n.d.s.r.aws.ConfigClusterResolver      : Resolving eureka endpoints via configuration
2026-10-07T21:01:30.571+02:00  INFO 33784 --- [api-gateway] [restartedMain] [                                                 ] com.netflix.discovery.DiscoveryClient    : Disable delta property : false
2026-10-07T21:01:30.572+02:00  INFO 33784 --- [api-gateway] [restartedMain] [                                                 ] com.netflix.discovery.DiscoveryClient    : Single vip registry refresh property : null
2026-10-07T21:01:30.572+02:00  INFO 33784 --- [api-gateway] [restartedMain] [                                                 ] com.netflix.discovery.DiscoveryClient    : Force full registry fetch : false
2026-10-07T21:01:30.572+02:00  INFO 33784 --- [api-gateway] [restartedMain] [                                                 ] com.netflix.discovery.DiscoveryClient    : Application is null : false
2026-10-07T21:01:30.573+02:00  INFO 33784 --- [api-gateway] [restartedMain] [                                                 ] com.netflix.discovery.DiscoveryClient    : Registered Applications size is zero : true
2026-10-07T21:01:30.573+02:00  INFO 33784 --- [api-gateway] [restartedMain] [                                                 ] com.netflix.discovery.DiscoveryClient    : Application version is -1: true
2026-10-07T21:01:30.573+02:00  INFO 33784 --- [api-gateway] [restartedMain] [                                                 ] com.netflix.discovery.DiscoveryClient    : Getting all instance registry info from the eureka server
2026-10-07T21:01:30.847+02:00  INFO 33784 --- [api-gateway] [restartedMain] [                                                 ] com.netflix.discovery.DiscoveryClient    : The response status is 200
2026-10-07T21:01:30.849+02:00  INFO 33784 --- [api-gateway] [restartedMain] [                                                 ] com.netflix.discovery.DiscoveryClient    : Starting heartbeat executor: renew interval is: 30
2026-10-07T21:01:30.851+02:00  INFO 33784 --- [api-gateway] [restartedMain] [                                                 ] c.n.discovery.InstanceInfoReplicator     : InstanceInfoReplicator onDemand update allowed rate per min is 4
2026-10-07T21:01:30.852+02:00  INFO 33784 --- [api-gateway] [restartedMain] [                                                 ] com.netflix.discovery.DiscoveryClient    : Discovery Client initialized at timestamp 1791399690851 with initial instances count: 1
2026-10-07T21:01:30.857+02:00  INFO 33784 --- [api-gateway] [restartedMain] [                                                 ] o.s.c.n.e.s.EurekaServiceRegistry        : Registering application API-GATEWAY with eureka with status UP
2026-10-07T21:01:30.858+02:00  INFO 33784 --- [api-gateway] [restartedMain] [                                                 ] com.netflix.discovery.DiscoveryClient    : Saw local status change event StatusChangeEvent [timestamp=1791399690858, current=UP, previous=STARTING]
2026-10-07T21:01:30.859+02:00  INFO 33784 --- [api-gateway] [DiscoveryClient-InstanceInfoReplicator-%d] [                                                 ] com.netflix.discovery.DiscoveryClient    : DiscoveryClient_API-GATEWAY/Kamil:api-gateway:8080: registering service...
2026-10-07T21:01:30.903+02:00  INFO 33784 --- [api-gateway] [DiscoveryClient-InstanceInfoReplicator-%d] [                                                 ] com.netflix.discovery.DiscoveryClient    : DiscoveryClient_API-GATEWAY/Kamil:api-gateway:8080 - registration status: 204
2026-10-07T21:01:31.007+02:00  INFO 33784 --- [api-gateway] [restartedMain] [                                                 ] o.s.boot.reactor.netty.NettyWebServer    : Netty started on port 8080 (http)
2026-10-07T21:01:31.009+02:00  INFO 33784 --- [api-gateway] [restartedMain] [                                                 ] .s.c.n.e.s.EurekaAutoServiceRegistration : Updating port to 8080
2026-10-07T21:01:31.026+02:00  INFO 33784 --- [api-gateway] [restartedMain] [                                                 ] c.ecommerce.gateway.GatewayApplication   : Started GatewayApplication in 5.225 seconds (process running for 6.194)
2026-10-07T21:01:39.521+02:00 ERROR 33784 --- [api-gateway] [reactor-http-nio-3] [                                                 ] b.w.a.e.AbstractErrorWebExceptionHandler : [f811f87c-1]  500 Server Error for HTTP GET "/api/users/"

java.net.UnknownHostException: Failed to resolve 'user-service' [A(1)]
	at io.netty.resolver.dns.DnsResolveContext.finishResolve(DnsResolveContext.java:1139) ~[netty-resolver-dns-4.2.17.Final.jar:4.2.17.Final]
	Suppressed: The stacktrace has been enhanced by Reactor, refer to additional information below: 
Error has been observed at the following site(s):
	*__checkpoint ⇢ org.springframework.cloud.gateway.filter.WeightCalculatorWebFilter@4be73fca
	*__checkpoint ⇢ HTTP GET "/api/users/" [ExceptionHandlingWebHandler]
Original Stack Trace:
		at io.netty.resolver.dns.DnsResolveContext.finishResolve(DnsResolveContext.java:1139) ~[netty-resolver-dns-4.2.17.Final.jar:4.2.17.Final]
		at io.netty.resolver.dns.DnsResolveContext.tryToFinishResolve(DnsResolveContext.java:1086) ~[netty-resolver-dns-4.2.17.Final.jar:4.2.17.Final]
		at io.netty.resolver.dns.DnsResolveContext.query(DnsResolveContext.java:443) ~[netty-resolver-dns-4.2.17.Final.jar:4.2.17.Final]
		at io.netty.resolver.dns.DnsResolveContext.onResponse(DnsResolveContext.java:668) ~[netty-resolver-dns-4.2.17.Final.jar:4.2.17.Final]
		at io.netty.resolver.dns.DnsResolveContext.lambda$query$0(DnsResolveContext.java:499) ~[netty-resolver-dns-4.2.17.Final.jar:4.2.17.Final]
		at io.netty.util.concurrent.DefaultPromise.notifyListener0(DefaultPromise.java:604) ~[netty-common-4.2.17.Final.jar:4.2.17.Final]
		at io.netty.util.concurrent.DefaultPromise.notifyListeners0(DefaultPromise.java:597) ~[netty-common-4.2.17.Final.jar:4.2.17.Final]
		at io.netty.util.concurrent.DefaultPromise.notifyListenersNow(DefaultPromise.java:573) ~[netty-common-4.2.17.Final.jar:4.2.17.Final]
		at io.netty.util.concurrent.DefaultPromise.notifyListeners(DefaultPromise.java:506) ~[netty-common-4.2.17.Final.jar:4.2.17.Final]
		at io.netty.util.concurrent.DefaultPromise.setValue0(DefaultPromise.java:650) ~[netty-common-4.2.17.Final.jar:4.2.17.Final]
		at io.netty.util.concurrent.DefaultPromise.setSuccess0(DefaultPromise.java:639) ~[netty-common-4.2.17.Final.jar:4.2.17.Final]
		at io.netty.util.concurrent.DefaultPromise.trySuccess(DefaultPromise.java:119) ~[netty-common-4.2.17.Final.jar:4.2.17.Final]
		at io.netty.resolver.dns.DnsQueryContext.trySuccess(DnsQueryContext.java:305) ~[netty-resolver-dns-4.2.17.Final.jar:4.2.17.Final]
		at io.netty.resolver.dns.DnsQueryContext.finishSuccess(DnsQueryContext.java:296) ~[netty-resolver-dns-4.2.17.Final.jar:4.2.17.Final]
		at io.netty.resolver.dns.DnsNameResolver$DnsResponseHandler.channelRead(DnsNameResolver.java:1558) ~[netty-resolver-dns-4.2.17.Final.jar:4.2.17.Final]
		at io.netty.channel.AbstractChannelHandlerContext.fireChannelRead(AbstractChannelHandlerContext.java:357) ~[netty-transport-4.2.17.Final.jar:4.2.17.Final]
		at io.netty.handler.codec.MessageToMessageDecoder.channelRead(MessageToMessageDecoder.java:107) ~[netty-codec-base-4.2.17.Final.jar:4.2.17.Final]
		at io.netty.channel.AbstractChannelHandlerContext.fireChannelRead(AbstractChannelHandlerContext.java:357) ~[netty-transport-4.2.17.Final.jar:4.2.17.Final]
		at io.netty.channel.DefaultChannelPipeline$HeadContext.channelRead(DefaultChannelPipeline.java:1429) ~[netty-transport-4.2.17.Final.jar:4.2.17.Final]
		at io.netty.channel.DefaultChannelPipeline.fireChannelRead(DefaultChannelPipeline.java:918) ~[netty-transport-4.2.17.Final.jar:4.2.17.Final]
		at io.netty.channel.nio.AbstractNioMessageChannel$NioMessageUnsafe.read(AbstractNioMessageChannel.java:100) ~[netty-transport-4.2.17.Final.jar:4.2.17.Final]
		at io.netty.channel.nio.AbstractNioChannel$AbstractNioUnsafe.handle(AbstractNioChannel.java:445) ~[netty-transport-4.2.17.Final.jar:4.2.17.Final]
		at io.netty.channel.nio.NioIoHandler$DefaultNioRegistration.handle(NioIoHandler.java:388) ~[netty-transport-4.2.17.Final.jar:4.2.17.Final]
		at io.netty.channel.nio.NioIoHandler.processSelectedKey(NioIoHandler.java:596) ~[netty-transport-4.2.17.Final.jar:4.2.17.Final]
		at io.netty.channel.nio.NioIoHandler.processSelectedKeysOptimized(NioIoHandler.java:571) ~[netty-transport-4.2.17.Final.jar:4.2.17.Final]
		at io.netty.channel.nio.NioIoHandler.processSelectedKeys(NioIoHandler.java:512) ~[netty-transport-4.2.17.Final.jar:4.2.17.Final]
		at io.netty.channel.nio.NioIoHandler.run(NioIoHandler.java:484) ~[netty-transport-4.2.17.Final.jar:4.2.17.Final]
		at io.netty.channel.SingleThreadIoEventLoop.runIo(SingleThreadIoEventLoop.java:225) ~[netty-transport-4.2.17.Final.jar:4.2.17.Final]
		at io.netty.channel.SingleThreadIoEventLoop.run(SingleThreadIoEventLoop.java:196) ~[netty-transport-4.2.17.Final.jar:4.2.17.Final]
		at io.netty.util.concurrent.SingleThreadEventExecutor$5.run(SingleThreadEventExecutor.java:1204) ~[netty-common-4.2.17.Final.jar:4.2.17.Final]
		at io.netty.util.internal.ThreadExecutorMap$2.run(ThreadExecutorMap.java:74) ~[netty-common-4.2.17.Final.jar:4.2.17.Final]
		at io.netty.util.concurrent.FastThreadLocalRunnable.run(FastThreadLocalRunnable.java:30) ~[netty-common-4.2.17.Final.jar:4.2.17.Final]
		at java.base/java.lang.Thread.run(Thread.java:1447) ~[na:na]
Caused by: io.netty.resolver.dns.DnsErrorCauseException: Query failed with NXDOMAIN
	at io.netty.resolver.dns.DnsResolveContext.onResponse(..)(Unknown Source) ~[netty-resolver-dns-4.2.17.Final.jar:4.2.17.Final]

2026-10-07T21:01:40.740+02:00 ERROR 33784 --- [api-gateway] [reactor-http-nio-3] [                                                 ] b.w.a.e.AbstractErrorWebExceptionHandler : [f811f87c-2]  500 Server Error for HTTP GET "/api/users/"

java.net.UnknownHostException: Failed to resolve 'user-service' [A(1)]
	at io.netty.resolver.dns.DnsResolveContext.finishResolve(DnsResolveContext.java:1139) ~[netty-resolver-dns-4.2.17.Final.jar:4.2.17.Final]
	Suppressed: The stacktrace has been enhanced by Reactor, refer to additional information below: 
Error has been observed at the following site(s):
	*__checkpoint ⇢ org.springframework.cloud.gateway.filter.WeightCalculatorWebFilter@4be73fca
	*__checkpoint ⇢ HTTP GET "/api/users/" [ExceptionHandlingWebHandler]
Original Stack Trace:
		at io.netty.resolver.dns.DnsResolveContext.finishResolve(DnsResolveContext.java:1139) ~[netty-resolver-dns-4.2.17.Final.jar:4.2.17.Final]
		at io.netty.resolver.dns.DnsResolveContext.tryToFinishResolve(DnsResolveContext.java:1086) ~[netty-resolver-dns-4.2.17.Final.jar:4.2.17.Final]
		at io.netty.resolver.dns.DnsResolveContext.query(DnsResolveContext.java:443) ~[netty-resolver-dns-4.2.17.Final.jar:4.2.17.Final]
		at io.netty.resolver.dns.DnsResolveContext.onResponse(DnsResolveContext.java:668) ~[netty-resolver-dns-4.2.17.Final.jar:4.2.17.Final]
		at io.netty.resolver.dns.DnsResolveContext.lambda$query$0(DnsResolveContext.java:499) ~[netty-resolver-dns-4.2.17.Final.jar:4.2.17.Final]
		at io.netty.util.concurrent.DefaultPromise.notifyListener0(DefaultPromise.java:604) ~[netty-common-4.2.17.Final.jar:4.2.17.Final]
		at io.netty.util.concurrent.DefaultPromise.notifyListeners0(DefaultPromise.java:597) ~[netty-common-4.2.17.Final.jar:4.2.17.Final]
		at io.netty.util.concurrent.DefaultPromise.notifyListenersNow(DefaultPromise.java:573) ~[netty-common-4.2.17.Final.jar:4.2.17.Final]
		at io.netty.util.concurrent.DefaultPromise.notifyListeners(DefaultPromise.java:506) ~[netty-common-4.2.17.Final.jar:4.2.17.Final]
		at io.netty.util.concurrent.DefaultPromise.setValue0(DefaultPromise.java:650) ~[netty-common-4.2.17.Final.jar:4.2.17.Final]
		at io.netty.util.concurrent.DefaultPromise.setSuccess0(DefaultPromise.java:639) ~[netty-common-4.2.17.Final.jar:4.2.17.Final]
		at io.netty.util.concurrent.DefaultPromise.trySuccess(DefaultPromise.java:119) ~[netty-common-4.2.17.Final.jar:4.2.17.Final]
		at io.netty.resolver.dns.DnsQueryContext.trySuccess(DnsQueryContext.java:305) ~[netty-resolver-dns-4.2.17.Final.jar:4.2.17.Final]
		at io.netty.resolver.dns.DnsQueryContext.finishSuccess(DnsQueryContext.java:296) ~[netty-resolver-dns-4.2.17.Final.jar:4.2.17.Final]
		at io.netty.resolver.dns.DnsNameResolver$DnsResponseHandler.channelRead(DnsNameResolver.java:1558) ~[netty-resolver-dns-4.2.17.Final.jar:4.2.17.Final]
		at io.netty.channel.AbstractChannelHandlerContext.fireChannelRead(AbstractChannelHandlerContext.java:357) ~[netty-transport-4.2.17.Final.jar:4.2.17.Final]
		at io.netty.handler.codec.MessageToMessageDecoder.channelRead(MessageToMessageDecoder.java:107) ~[netty-codec-base-4.2.17.Final.jar:4.2.17.Final]
		at io.netty.channel.AbstractChannelHandlerContext.fireChannelRead(AbstractChannelHandlerContext.java:357) ~[netty-transport-4.2.17.Final.jar:4.2.17.Final]
		at io.netty.channel.DefaultChannelPipeline$HeadContext.channelRead(DefaultChannelPipeline.java:1429) ~[netty-transport-4.2.17.Final.jar:4.2.17.Final]
		at io.netty.channel.DefaultChannelPipeline.fireChannelRead(DefaultChannelPipeline.java:918) ~[netty-transport-4.2.17.Final.jar:4.2.17.Final]
		at io.netty.channel.nio.AbstractNioMessageChannel$NioMessageUnsafe.read(AbstractNioMessageChannel.java:100) ~[netty-transport-4.2.17.Final.jar:4.2.17.Final]
		at io.netty.channel.nio.AbstractNioChannel$AbstractNioUnsafe.handle(AbstractNioChannel.java:445) ~[netty-transport-4.2.17.Final.jar:4.2.17.Final]
		at io.netty.channel.nio.NioIoHandler$DefaultNioRegistration.handle(NioIoHandler.java:388) ~[netty-transport-4.2.17.Final.jar:4.2.17.Final]
		at io.netty.channel.nio.NioIoHandler.processSelectedKey(NioIoHandler.java:596) ~[netty-transport-4.2.17.Final.jar:4.2.17.Final]
		at io.netty.channel.nio.NioIoHandler.processSelectedKeysOptimized(NioIoHandler.java:571) ~[netty-transport-4.2.17.Final.jar:4.2.17.Final]
		at io.netty.channel.nio.NioIoHandler.processSelectedKeys(NioIoHandler.java:512) ~[netty-transport-4.2.17.Final.jar:4.2.17.Final]
		at io.netty.channel.nio.NioIoHandler.run(NioIoHandler.java:484) ~[netty-transport-4.2.17.Final.jar:4.2.17.Final]
		at io.netty.channel.SingleThreadIoEventLoop.runIo(SingleThreadIoEventLoop.java:225) ~[netty-transport-4.2.17.Final.jar:4.2.17.Final]
		at io.netty.channel.SingleThreadIoEventLoop.run(SingleThreadIoEventLoop.java:196) ~[netty-transport-4.2.17.Final.jar:4.2.17.Final]
		at io.netty.util.concurrent.SingleThreadEventExecutor$5.run(SingleThreadEventExecutor.java:1204) ~[netty-common-4.2.17.Final.jar:4.2.17.Final]
		at io.netty.util.internal.ThreadExecutorMap$2.run(ThreadExecutorMap.java:74) ~[netty-common-4.2.17.Final.jar:4.2.17.Final]
		at io.netty.util.concurrent.FastThreadLocalRunnable.run(FastThreadLocalRunnable.java:30) ~[netty-common-4.2.17.Final.jar:4.2.17.Final]
		at java.base/java.lang.Thread.run(Thread.java:1447) ~[na:na]
Caused by: io.netty.resolver.dns.DnsErrorCauseException: Query failed with NXDOMAIN
	at io.netty.resolver.dns.DnsResolveContext.onResponse(..)(Unknown Source) ~[netty-resolver-dns-4.2.17.Final.jar:4.2.17.Final]

2026-10-07T21:01:46.804+02:00 ERROR 33784 --- [api-gateway] [reactor-http-nio-3] [                                                 ] b.w.a.e.AbstractErrorWebExceptionHandler : [f811f87c-3]  500 Server Error for HTTP GET "/api/users"

java.net.UnknownHostException: Failed to resolve 'user-service' [A(1)]
	at io.netty.resolver.dns.DnsResolveContext.finishResolve(DnsResolveContext.java:1139) ~[netty-resolver-dns-4.2.17.Final.jar:4.2.17.Final]
	Suppressed: The stacktrace has been enhanced by Reactor, refer to additional information below: 
Error has been observed at the following site(s):
	*__checkpoint ⇢ org.springframework.cloud.gateway.filter.WeightCalculatorWebFilter@4be73fca
	*__checkpoint ⇢ HTTP GET "/api/users" [ExceptionHandlingWebHandler]
Original Stack Trace:
		at io.netty.resolver.dns.DnsResolveContext.finishResolve(DnsResolveContext.java:1139) ~[netty-resolver-dns-4.2.17.Final.jar:4.2.17.Final]
		at io.netty.resolver.dns.DnsResolveContext.tryToFinishResolve(DnsResolveContext.java:1086) ~[netty-resolver-dns-4.2.17.Final.jar:4.2.17.Final]
		at io.netty.resolver.dns.DnsResolveContext.query(DnsResolveContext.java:443) ~[netty-resolver-dns-4.2.17.Final.jar:4.2.17.Final]
		at io.netty.resolver.dns.DnsResolveContext.onResponse(DnsResolveContext.java:668) ~[netty-resolver-dns-4.2.17.Final.jar:4.2.17.Final]
		at io.netty.resolver.dns.DnsResolveContext.lambda$query$0(DnsResolveContext.java:499) ~[netty-resolver-dns-4.2.17.Final.jar:4.2.17.Final]
		at io.netty.util.concurrent.DefaultPromise.notifyListener0(DefaultPromise.java:604) ~[netty-common-4.2.17.Final.jar:4.2.17.Final]
		at io.netty.util.concurrent.DefaultPromise.notifyListeners0(DefaultPromise.java:597) ~[netty-common-4.2.17.Final.jar:4.2.17.Final]
		at io.netty.util.concurrent.DefaultPromise.notifyListenersNow(DefaultPromise.java:573) ~[netty-common-4.2.17.Final.jar:4.2.17.Final]
		at io.netty.util.concurrent.DefaultPromise.notifyListeners(DefaultPromise.java:506) ~[netty-common-4.2.17.Final.jar:4.2.17.Final]
		at io.netty.util.concurrent.DefaultPromise.setValue0(DefaultPromise.java:650) ~[netty-common-4.2.17.Final.jar:4.2.17.Final]
		at io.netty.util.concurrent.DefaultPromise.setSuccess0(DefaultPromise.java:639) ~[netty-common-4.2.17.Final.jar:4.2.17.Final]
		at io.netty.util.concurrent.DefaultPromise.trySuccess(DefaultPromise.java:119) ~[netty-common-4.2.17.Final.jar:4.2.17.Final]
		at io.netty.resolver.dns.DnsQueryContext.trySuccess(DnsQueryContext.java:305) ~[netty-resolver-dns-4.2.17.Final.jar:4.2.17.Final]
		at io.netty.resolver.dns.DnsQueryContext.finishSuccess(DnsQueryContext.java:296) ~[netty-resolver-dns-4.2.17.Final.jar:4.2.17.Final]
		at io.netty.resolver.dns.DnsNameResolver$DnsResponseHandler.channelRead(DnsNameResolver.java:1558) ~[netty-resolver-dns-4.2.17.Final.jar:4.2.17.Final]
		at io.netty.channel.AbstractChannelHandlerContext.fireChannelRead(AbstractChannelHandlerContext.java:357) ~[netty-transport-4.2.17.Final.jar:4.2.17.Final]
		at io.netty.handler.codec.MessageToMessageDecoder.channelRead(MessageToMessageDecoder.java:107) ~[netty-codec-base-4.2.17.Final.jar:4.2.17.Final]
		at io.netty.channel.AbstractChannelHandlerContext.fireChannelRead(AbstractChannelHandlerContext.java:357) ~[netty-transport-4.2.17.Final.jar:4.2.17.Final]
		at io.netty.channel.DefaultChannelPipeline$HeadContext.channelRead(DefaultChannelPipeline.java:1429) ~[netty-transport-4.2.17.Final.jar:4.2.17.Final]
		at io.netty.channel.DefaultChannelPipeline.fireChannelRead(DefaultChannelPipeline.java:918) ~[netty-transport-4.2.17.Final.jar:4.2.17.Final]
		at io.netty.channel.nio.AbstractNioMessageChannel$NioMessageUnsafe.read(AbstractNioMessageChannel.java:100) ~[netty-transport-4.2.17.Final.jar:4.2.17.Final]
		at io.netty.channel.nio.AbstractNioChannel$AbstractNioUnsafe.handle(AbstractNioChannel.java:445) ~[netty-transport-4.2.17.Final.jar:4.2.17.Final]
		at io.netty.channel.nio.NioIoHandler$DefaultNioRegistration.handle(NioIoHandler.java:388) ~[netty-transport-4.2.17.Final.jar:4.2.17.Final]
		at io.netty.channel.nio.NioIoHandler.processSelectedKey(NioIoHandler.java:596) ~[netty-transport-4.2.17.Final.jar:4.2.17.Final]
		at io.netty.channel.nio.NioIoHandler.processSelectedKeysOptimized(NioIoHandler.java:571) ~[netty-transport-4.2.17.Final.jar:4.2.17.Final]
		at io.netty.channel.nio.NioIoHandler.processSelectedKeys(NioIoHandler.java:512) ~[netty-transport-4.2.17.Final.jar:4.2.17.Final]
		at io.netty.channel.nio.NioIoHandler.run(NioIoHandler.java:484) ~[netty-transport-4.2.17.Final.jar:4.2.17.Final]
		at io.netty.channel.SingleThreadIoEventLoop.runIo(SingleThreadIoEventLoop.java:225) ~[netty-transport-4.2.17.Final.jar:4.2.17.Final]
		at io.netty.channel.SingleThreadIoEventLoop.run(SingleThreadIoEventLoop.java:196) ~[netty-transport-4.2.17.Final.jar:4.2.17.Final]
		at io.netty.util.concurrent.SingleThreadEventExecutor$5.run(SingleThreadEventExecutor.java:1204) ~[netty-common-4.2.17.Final.jar:4.2.17.Final]
		at io.netty.util.internal.ThreadExecutorMap$2.run(ThreadExecutorMap.java:74) ~[netty-common-4.2.17.Final.jar:4.2.17.Final]
		at io.netty.util.concurrent.FastThreadLocalRunnable.run(FastThreadLocalRunnable.java:30) ~[netty-common-4.2.17.Final.jar:4.2.17.Final]
		at java.base/java.lang.Thread.run(Thread.java:1447) ~[na:na]
Caused by: io.netty.resolver.dns.DnsErrorCauseException: Query failed with NXDOMAIN
	at io.netty.resolver.dns.DnsResolveContext.onResponse(..)(Unknown Source) ~[netty-resolver-dns-4.2.17.Final.jar:4.2.17.Final]

2026-10-07T21:01:47.987+02:00 ERROR 33784 --- [api-gateway] [reactor-http-nio-3] [                                                 ] b.w.a.e.AbstractErrorWebExceptionHandler : [f811f87c-4]  500 Server Error for HTTP GET "/api/users"

java.net.UnknownHostException: Failed to resolve 'user-service' [A(1)]
	at io.netty.resolver.dns.DnsResolveContext.finishResolve(DnsResolveContext.java:1139) ~[netty-resolver-dns-4.2.17.Final.jar:4.2.17.Final]
	Suppressed: The stacktrace has been enhanced by Reactor, refer to additional information below: 
Error has been observed at the following site(s):
	*__checkpoint ⇢ org.springframework.cloud.gateway.filter.WeightCalculatorWebFilter@4be73fca
	*__checkpoint ⇢ HTTP GET "/api/users" [ExceptionHandlingWebHandler]
Original Stack Trace:
		at io.netty.resolver.dns.DnsResolveContext.finishResolve(DnsResolveContext.java:1139) ~[netty-resolver-dns-4.2.17.Final.jar:4.2.17.Final]
		at io.netty.resolver.dns.DnsResolveContext.tryToFinishResolve(DnsResolveContext.java:1086) ~[netty-resolver-dns-4.2.17.Final.jar:4.2.17.Final]
		at io.netty.resolver.dns.DnsResolveContext.query(DnsResolveContext.java:443) ~[netty-resolver-dns-4.2.17.Final.jar:4.2.17.Final]
		at io.netty.resolver.dns.DnsResolveContext.onResponse(DnsResolveContext.java:668) ~[netty-resolver-dns-4.2.17.Final.jar:4.2.17.Final]
		at io.netty.resolver.dns.DnsResolveContext.lambda$query$0(DnsResolveContext.java:499) ~[netty-resolver-dns-4.2.17.Final.jar:4.2.17.Final]
		at io.netty.util.concurrent.DefaultPromise.notifyListener0(DefaultPromise.java:604) ~[netty-common-4.2.17.Final.jar:4.2.17.Final]
		at io.netty.util.concurrent.DefaultPromise.notifyListeners0(DefaultPromise.java:597) ~[netty-common-4.2.17.Final.jar:4.2.17.Final]
		at io.netty.util.concurrent.DefaultPromise.notifyListenersNow(DefaultPromise.java:573) ~[netty-common-4.2.17.Final.jar:4.2.17.Final]
		at io.netty.util.concurrent.DefaultPromise.notifyListeners(DefaultPromise.java:506) ~[netty-common-4.2.17.Final.jar:4.2.17.Final]
		at io.netty.util.concurrent.DefaultPromise.setValue0(DefaultPromise.java:650) ~[netty-common-4.2.17.Final.jar:4.2.17.Final]
		at io.netty.util.concurrent.DefaultPromise.setSuccess0(DefaultPromise.java:639) ~[netty-common-4.2.17.Final.jar:4.2.17.Final]
		at io.netty.util.concurrent.DefaultPromise.trySuccess(DefaultPromise.java:119) ~[netty-common-4.2.17.Final.jar:4.2.17.Final]
		at io.netty.resolver.dns.DnsQueryContext.trySuccess(DnsQueryContext.java:305) ~[netty-resolver-dns-4.2.17.Final.jar:4.2.17.Final]
		at io.netty.resolver.dns.DnsQueryContext.finishSuccess(DnsQueryContext.java:296) ~[netty-resolver-dns-4.2.17.Final.jar:4.2.17.Final]
		at io.netty.resolver.dns.DnsNameResolver$DnsResponseHandler.channelRead(DnsNameResolver.java:1558) ~[netty-resolver-dns-4.2.17.Final.jar:4.2.17.Final]
		at io.netty.channel.AbstractChannelHandlerContext.fireChannelRead(AbstractChannelHandlerContext.java:357) ~[netty-transport-4.2.17.Final.jar:4.2.17.Final]
		at io.netty.handler.codec.MessageToMessageDecoder.channelRead(MessageToMessageDecoder.java:107) ~[netty-codec-base-4.2.17.Final.jar:4.2.17.Final]
		at io.netty.channel.AbstractChannelHandlerContext.fireChannelRead(AbstractChannelHandlerContext.java:357) ~[netty-transport-4.2.17.Final.jar:4.2.17.Final]
		at io.netty.channel.DefaultChannelPipeline$HeadContext.channelRead(DefaultChannelPipeline.java:1429) ~[netty-transport-4.2.17.Final.jar:4.2.17.Final]
		at io.netty.channel.DefaultChannelPipeline.fireChannelRead(DefaultChannelPipeline.java:918) ~[netty-transport-4.2.17.Final.jar:4.2.17.Final]
		at io.netty.channel.nio.AbstractNioMessageChannel$NioMessageUnsafe.read(AbstractNioMessageChannel.java:100) ~[netty-transport-4.2.17.Final.jar:4.2.17.Final]
		at io.netty.channel.nio.AbstractNioChannel$AbstractNioUnsafe.handle(AbstractNioChannel.java:445) ~[netty-transport-4.2.17.Final.jar:4.2.17.Final]
		at io.netty.channel.nio.NioIoHandler$DefaultNioRegistration.handle(NioIoHandler.java:388) ~[netty-transport-4.2.17.Final.jar:4.2.17.Final]
		at io.netty.channel.nio.NioIoHandler.processSelectedKey(NioIoHandler.java:596) ~[netty-transport-4.2.17.Final.jar:4.2.17.Final]
		at io.netty.channel.nio.NioIoHandler.processSelectedKeysOptimized(NioIoHandler.java:571) ~[netty-transport-4.2.17.Final.jar:4.2.17.Final]
		at io.netty.channel.nio.NioIoHandler.processSelectedKeys(NioIoHandler.java:512) ~[netty-transport-4.2.17.Final.jar:4.2.17.Final]
		at io.netty.channel.nio.NioIoHandler.run(NioIoHandler.java:484) ~[netty-transport-4.2.17.Final.jar:4.2.17.Final]
		at io.netty.channel.SingleThreadIoEventLoop.runIo(SingleThreadIoEventLoop.java:225) ~[netty-transport-4.2.17.Final.jar:4.2.17.Final]
		at io.netty.channel.SingleThreadIoEventLoop.run(SingleThreadIoEventLoop.java:196) ~[netty-transport-4.2.17.Final.jar:4.2.17.Final]
		at io.netty.util.concurrent.SingleThreadEventExecutor$5.run(SingleThreadEventExecutor.java:1204) ~[netty-common-4.2.17.Final.jar:4.2.17.Final]
		at io.netty.util.internal.ThreadExecutorMap$2.run(ThreadExecutorMap.java:74) ~[netty-common-4.2.17.Final.jar:4.2.17.Final]
		at io.netty.util.concurrent.FastThreadLocalRunnable.run(FastThreadLocalRunnable.java:30) ~[netty-common-4.2.17.Final.jar:4.2.17.Final]
		at java.base/java.lang.Thread.run(Thread.java:1447) ~[na:na]
Caused by: io.netty.resolver.dns.DnsErrorCauseException: Query failed with NXDOMAIN
	at io.netty.resolver.dns.DnsResolveContext.onResponse(..)(Unknown Source) ~[netty-resolver-dns-4.2.17.Final.jar:4.2.17.Final]

2026-10-07T21:02:26.582+02:00  INFO 33784 --- [api-gateway] [SpringApplicationShutdownHook] [                                                 ] o.s.c.n.e.s.EurekaServiceRegistry        : Unregistering application API-GATEWAY with eureka with status DOWN
2026-10-07T21:02:26.582+02:00  INFO 33784 --- [api-gateway] [SpringApplicationShutdownHook] [                                                 ] com.netflix.discovery.DiscoveryClient    : Saw local status change event StatusChangeEvent [timestamp=1791399746582, current=DOWN, previous=UP]
2026-10-07T21:02:26.582+02:00  INFO 33784 --- [api-gateway] [DiscoveryClient-InstanceInfoReplicator-%d] [                                                 ] com.netflix.discovery.DiscoveryClient    : DiscoveryClient_API-GATEWAY/Kamil:api-gateway:8080: registering service...
2026-10-07T21:02:26.585+02:00  INFO 33784 --- [api-gateway] [SpringApplicationShutdownHook] [                                                 ] o.s.boot.reactor.netty.GracefulShutdown  : Commencing graceful shutdown. Waiting for active requests to complete
2026-10-07T21:02:26.586+02:00  INFO 33784 --- [api-gateway] [netty-shutdown] [                                                 ] o.s.boot.reactor.netty.GracefulShutdown  : Graceful shutdown complete
2026-10-07T21:02:26.598+02:00  INFO 33784 --- [api-gateway] [DiscoveryClient-InstanceInfoReplicator-%d] [                                                 ] c.n.d.s.t.d.RedirectingEurekaHttpClient  : Request execution error. endpoint=DefaultEndpoint{ serviceUrl='http://localhost:8761/eureka/} exception=I/O error on POST request for "http://localhost:8761/eureka/apps/API-GATEWAY": Connect to http://localhost:8761 failed: Connection refused: getsockopt

org.springframework.web.client.ResourceAccessException: I/O error on POST request for "http://localhost:8761/eureka/apps/API-GATEWAY": Connect to http://localhost:8761 failed: Connection refused: getsockopt
	at org.springframework.web.client.DefaultRestClient$DefaultRequestBodyUriSpec.createResourceAccessException(DefaultRestClient.java:779) ~[spring-web-7.0.9.jar:7.0.9]
	at org.springframework.web.client.DefaultRestClient$DefaultRequestBodyUriSpec.exchangeInternal(DefaultRestClient.java:624) ~[spring-web-7.0.9.jar:7.0.9]
	at org.springframework.web.client.DefaultRestClient$DefaultRequestBodyUriSpec.exchange(DefaultRestClient.java:572) ~[spring-web-7.0.9.jar:7.0.9]
	at org.springframework.web.client.RestClient$RequestHeadersSpec.exchange(RestClient.java:747) ~[spring-web-7.0.9.jar:7.0.9]
	at org.springframework.web.client.DefaultRestClient$DefaultResponseSpec.executeAndExtract(DefaultRestClient.java:924) ~[spring-web-7.0.9.jar:7.0.9]
	at org.springframework.web.client.DefaultRestClient$DefaultResponseSpec.toBodilessEntity(DefaultRestClient.java:888) ~[spring-web-7.0.9.jar:7.0.9]
	at org.springframework.cloud.netflix.eureka.http.RestClientEurekaHttpClient.register(RestClientEurekaHttpClient.java:64) ~[spring-cloud-netflix-eureka-client-5.0.2.jar:5.0.2]
	at com.netflix.discovery.shared.transport.decorator.EurekaHttpClientDecorator$1.execute(EurekaHttpClientDecorator.java:59) ~[eureka-client-2.0.6.jar:2.0.6]
	at com.netflix.discovery.shared.transport.decorator.RedirectingEurekaHttpClient.execute(RedirectingEurekaHttpClient.java:90) ~[eureka-client-2.0.6.jar:2.0.6]
	at com.netflix.discovery.shared.transport.decorator.EurekaHttpClientDecorator.register(EurekaHttpClientDecorator.java:56) ~[eureka-client-2.0.6.jar:2.0.6]
	at com.netflix.discovery.shared.transport.decorator.EurekaHttpClientDecorator$1.execute(EurekaHttpClientDecorator.java:59) ~[eureka-client-2.0.6.jar:2.0.6]
	at com.netflix.discovery.shared.transport.decorator.RetryableEurekaHttpClient.execute(RetryableEurekaHttpClient.java:120) ~[eureka-client-2.0.6.jar:2.0.6]
	at com.netflix.discovery.shared.transport.decorator.EurekaHttpClientDecorator.register(EurekaHttpClientDecorator.java:56) ~[eureka-client-2.0.6.jar:2.0.6]
	at com.netflix.discovery.shared.transport.decorator.EurekaHttpClientDecorator$1.execute(EurekaHttpClientDecorator.java:59) ~[eureka-client-2.0.6.jar:2.0.6]
	at com.netflix.discovery.shared.transport.decorator.SessionedEurekaHttpClient.execute(SessionedEurekaHttpClient.java:76) ~[eureka-client-2.0.6.jar:2.0.6]
	at com.netflix.discovery.shared.transport.decorator.EurekaHttpClientDecorator.register(EurekaHttpClientDecorator.java:56) ~[eureka-client-2.0.6.jar:2.0.6]
	at com.netflix.discovery.DiscoveryClient.register(DiscoveryClient.java:843) ~[eureka-client-2.0.6.jar:2.0.6]
	at com.netflix.discovery.InstanceInfoReplicator.run(InstanceInfoReplicator.java:125) ~[eureka-client-2.0.6.jar:2.0.6]
	at com.netflix.discovery.InstanceInfoReplicator$2.run(InstanceInfoReplicator.java:105) ~[eureka-client-2.0.6.jar:2.0.6]
	at java.base/java.util.concurrent.Executors$RunnableAdapter.call(Executors.java:545) ~[na:na]
	at java.base/java.util.concurrent.FutureTask.run(FutureTask.java:328) ~[na:na]
	at java.base/java.util.concurrent.ScheduledThreadPoolExecutor$ScheduledFutureTask.run(ScheduledThreadPoolExecutor.java:309) ~[na:na]
	at java.base/java.util.concurrent.ThreadPoolExecutor.runWorker(ThreadPoolExecutor.java:1095) ~[na:na]
	at java.base/java.util.concurrent.ThreadPoolExecutor$Worker.run(ThreadPoolExecutor.java:619) ~[na:na]
	at java.base/java.lang.Thread.run(Thread.java:1447) ~[na:na]
Caused by: org.apache.hc.client5.http.HttpHostConnectException: Connect to http://localhost:8761 failed: Connection refused: getsockopt
	at java.base/sun.nio.ch.Net.pollConnect(Native Method) ~[na:na]
	at java.base/sun.nio.ch.Net.pollConnectNow(Net.java:628) ~[na:na]
	at java.base/sun.nio.ch.NioSocketImpl.timedFinishConnect(NioSocketImpl.java:533) ~[na:na]
	at java.base/sun.nio.ch.NioSocketImpl.connect(NioSocketImpl.java:583) ~[na:na]
	at java.base/java.net.SocksSocketImpl.connect(SocksSocketImpl.java:282) ~[na:na]
	at java.base/java.net.Socket.connect(Socket.java:665) ~[na:na]
	at org.apache.hc.client5.http.impl.io.DefaultHttpClientConnectionOperator.connect(DefaultHttpClientConnectionOperator.java:219) ~[httpclient5-5.6.4.jar:5.6.4]
	at org.apache.hc.client5.http.impl.io.PoolingHttpClientConnectionManager.connect(PoolingHttpClientConnectionManager.java:547) ~[httpclient5-5.6.4.jar:5.6.4]
	at org.apache.hc.client5.http.impl.classic.InternalExecRuntime.connectEndpoint(InternalExecRuntime.java:164) ~[httpclient5-5.6.4.jar:5.6.4]
	at org.apache.hc.client5.http.impl.classic.InternalExecRuntime.connectEndpoint(InternalExecRuntime.java:174) ~[httpclient5-5.6.4.jar:5.6.4]
	at org.apache.hc.client5.http.impl.classic.ConnectExec.execute(ConnectExec.java:144) ~[httpclient5-5.6.4.jar:5.6.4]
	at org.apache.hc.client5.http.impl.classic.ExecChainElement.execute(ExecChainElement.java:51) ~[httpclient5-5.6.4.jar:5.6.4]
	at org.apache.hc.client5.http.impl.classic.ProtocolExec.execute(ProtocolExec.java:192) ~[httpclient5-5.6.4.jar:5.6.4]
	at org.apache.hc.client5.http.impl.classic.ExecChainElement.execute(ExecChainElement.java:51) ~[httpclient5-5.6.4.jar:5.6.4]
	at org.apache.hc.client5.http.impl.classic.ContentCompressionExec.execute(ContentCompressionExec.java:138) ~[httpclient5-5.6.4.jar:5.6.4]
	at org.apache.hc.client5.http.impl.classic.ExecChainElement.execute(ExecChainElement.java:51) ~[httpclient5-5.6.4.jar:5.6.4]
	at org.apache.hc.client5.http.impl.classic.HttpRequestRetryExec.execute(HttpRequestRetryExec.java:112) ~[httpclient5-5.6.4.jar:5.6.4]
	at org.apache.hc.client5.http.impl.classic.ExecChainElement.execute(ExecChainElement.java:51) ~[httpclient5-5.6.4.jar:5.6.4]
	at org.apache.hc.client5.http.impl.classic.RedirectExec.execute(RedirectExec.java:110) ~[httpclient5-5.6.4.jar:5.6.4]
	at org.apache.hc.client5.http.impl.classic.ExecChainElement.execute(ExecChainElement.java:51) ~[httpclient5-5.6.4.jar:5.6.4]
	at org.apache.hc.client5.http.impl.classic.InternalHttpClient.doExecute(InternalHttpClient.java:186) ~[httpclient5-5.6.4.jar:5.6.4]
	at org.apache.hc.client5.http.impl.classic.CloseableHttpClient.execute(CloseableHttpClient.java:87) ~[httpclient5-5.6.4.jar:5.6.4]
	at org.apache.hc.client5.http.impl.classic.CloseableHttpClient.execute(CloseableHttpClient.java:55) ~[httpclient5-5.6.4.jar:5.6.4]
	at org.apache.hc.client5.http.classic.HttpClient.executeOpen(HttpClient.java:183) ~[httpclient5-5.6.4.jar:5.6.4]
	at org.springframework.http.client.HttpComponentsClientHttpRequest.executeInternal(HttpComponentsClientHttpRequest.java:99) ~[spring-web-7.0.9.jar:7.0.9]
	at org.springframework.http.client.AbstractStreamingClientHttpRequest.executeInternal(AbstractStreamingClientHttpRequest.java:87) ~[spring-web-7.0.9.jar:7.0.9]
	at org.springframework.http.client.AbstractClientHttpRequest.execute(AbstractClientHttpRequest.java:80) ~[spring-web-7.0.9.jar:7.0.9]
	at org.springframework.http.client.AbstractBufferingClientHttpRequest.executeWithRequestAndBody(AbstractBufferingClientHttpRequest.java:89) ~[spring-web-7.0.9.jar:7.0.9]
	at org.springframework.http.client.InterceptingClientHttpRequest$EndOfChainRequestExecution.execute(InterceptingClientHttpRequest.java:102) ~[spring-web-7.0.9.jar:7.0.9]
	at org.springframework.cloud.netflix.eureka.http.RestClientTransportClientFactory.lambda$newClient$2(RestClientTransportClientFactory.java:98) ~[spring-cloud-netflix-eureka-client-5.0.2.jar:5.0.2]
	at org.springframework.http.client.ClientHttpRequestInterceptor.lambda$apply$0(ClientHttpRequestInterceptor.java:89) ~[spring-web-7.0.9.jar:7.0.9]
	at org.springframework.http.client.InterceptingClientHttpRequest.executeInternal(InterceptingClientHttpRequest.java:73) ~[spring-web-7.0.9.jar:7.0.9]
	at org.springframework.http.client.AbstractBufferingClientHttpRequest.executeInternal(AbstractBufferingClientHttpRequest.java:50) ~[spring-web-7.0.9.jar:7.0.9]
	at org.springframework.http.client.AbstractClientHttpRequest.execute(AbstractClientHttpRequest.java:80) ~[spring-web-7.0.9.jar:7.0.9]
	at org.springframework.web.client.DefaultRestClient$DefaultRequestBodyUriSpec.exchangeInternal(DefaultRestClient.java:614) ~[spring-web-7.0.9.jar:7.0.9]
	... 23 common frames omitted

2026-10-07T21:02:26.600+02:00  WARN 33784 --- [api-gateway] [DiscoveryClient-InstanceInfoReplicator-%d] [                                                 ] c.n.d.s.t.d.RetryableEurekaHttpClient    : Request execution failed with message: I/O error on POST request for "http://localhost:8761/eureka/apps/API-GATEWAY": Connect to http://localhost:8761 failed: Connection refused: getsockopt
2026-10-07T21:02:26.632+02:00  INFO 33784 --- [api-gateway] [DiscoveryClient-InstanceInfoReplicator-%d] [                                                 ] c.n.d.s.t.d.RedirectingEurekaHttpClient  : Request execution error. endpoint=DefaultEndpoint{ serviceUrl='http://localhost:8761/eureka/}, exception=I/O error on POST request for "http://localhost:8761/eureka/apps/API-GATEWAY": Connect to http://localhost:8761 failed: Connection refused: getsockopt

org.springframework.web.client.ResourceAccessException: I/O error on POST request for "http://localhost:8761/eureka/apps/API-GATEWAY": Connect to http://localhost:8761 failed: Connection refused: getsockopt
	at org.springframework.web.client.DefaultRestClient$DefaultRequestBodyUriSpec.createResourceAccessException(DefaultRestClient.java:779) ~[spring-web-7.0.9.jar:7.0.9]
	at org.springframework.web.client.DefaultRestClient$DefaultRequestBodyUriSpec.exchangeInternal(DefaultRestClient.java:624) ~[spring-web-7.0.9.jar:7.0.9]
	at org.springframework.web.client.DefaultRestClient$DefaultRequestBodyUriSpec.exchange(DefaultRestClient.java:572) ~[spring-web-7.0.9.jar:7.0.9]
	at org.springframework.web.client.RestClient$RequestHeadersSpec.exchange(RestClient.java:747) ~[spring-web-7.0.9.jar:7.0.9]
	at org.springframework.web.client.DefaultRestClient$DefaultResponseSpec.executeAndExtract(DefaultRestClient.java:924) ~[spring-web-7.0.9.jar:7.0.9]
	at org.springframework.web.client.DefaultRestClient$DefaultResponseSpec.toBodilessEntity(DefaultRestClient.java:888) ~[spring-web-7.0.9.jar:7.0.9]
	at org.springframework.cloud.netflix.eureka.http.RestClientEurekaHttpClient.register(RestClientEurekaHttpClient.java:64) ~[spring-cloud-netflix-eureka-client-5.0.2.jar:5.0.2]
	at com.netflix.discovery.shared.transport.decorator.EurekaHttpClientDecorator$1.execute(EurekaHttpClientDecorator.java:59) ~[eureka-client-2.0.6.jar:2.0.6]
	at com.netflix.discovery.shared.transport.decorator.RedirectingEurekaHttpClient.executeOnNewServer(RedirectingEurekaHttpClient.java:120) ~[eureka-client-2.0.6.jar:2.0.6]
	at com.netflix.discovery.shared.transport.decorator.RedirectingEurekaHttpClient.execute(RedirectingEurekaHttpClient.java:79) ~[eureka-client-2.0.6.jar:2.0.6]
	at com.netflix.discovery.shared.transport.decorator.EurekaHttpClientDecorator.register(EurekaHttpClientDecorator.java:56) ~[eureka-client-2.0.6.jar:2.0.6]
	at com.netflix.discovery.shared.transport.decorator.EurekaHttpClientDecorator$1.execute(EurekaHttpClientDecorator.java:59) ~[eureka-client-2.0.6.jar:2.0.6]
	at com.netflix.discovery.shared.transport.decorator.RetryableEurekaHttpClient.execute(RetryableEurekaHttpClient.java:120) ~[eureka-client-2.0.6.jar:2.0.6]
	at com.netflix.discovery.shared.transport.decorator.EurekaHttpClientDecorator.register(EurekaHttpClientDecorator.java:56) ~[eureka-client-2.0.6.jar:2.0.6]
	at com.netflix.discovery.shared.transport.decorator.EurekaHttpClientDecorator$1.execute(EurekaHttpClientDecorator.java:59) ~[eureka-client-2.0.6.jar:2.0.6]
	at com.netflix.discovery.shared.transport.decorator.SessionedEurekaHttpClient.execute(SessionedEurekaHttpClient.java:76) ~[eureka-client-2.0.6.jar:2.0.6]
	at com.netflix.discovery.shared.transport.decorator.EurekaHttpClientDecorator.register(EurekaHttpClientDecorator.java:56) ~[eureka-client-2.0.6.jar:2.0.6]
	at com.netflix.discovery.DiscoveryClient.register(DiscoveryClient.java:843) ~[eureka-client-2.0.6.jar:2.0.6]
	at com.netflix.discovery.InstanceInfoReplicator.run(InstanceInfoReplicator.java:125) ~[eureka-client-2.0.6.jar:2.0.6]
	at com.netflix.discovery.InstanceInfoReplicator$2.run(InstanceInfoReplicator.java:105) ~[eureka-client-2.0.6.jar:2.0.6]
	at java.base/java.util.concurrent.Executors$RunnableAdapter.call(Executors.java:545) ~[na:na]
	at java.base/java.util.concurrent.FutureTask.run(FutureTask.java:328) ~[na:na]
	at java.base/java.util.concurrent.ScheduledThreadPoolExecutor$ScheduledFutureTask.run(ScheduledThreadPoolExecutor.java:309) ~[na:na]
	at java.base/java.util.concurrent.ThreadPoolExecutor.runWorker(ThreadPoolExecutor.java:1095) ~[na:na]
	at java.base/java.util.concurrent.ThreadPoolExecutor$Worker.run(ThreadPoolExecutor.java:619) ~[na:na]
	at java.base/java.lang.Thread.run(Thread.java:1447) ~[na:na]
Caused by: org.apache.hc.client5.http.HttpHostConnectException: Connect to http://localhost:8761 failed: Connection refused: getsockopt
	at java.base/sun.nio.ch.Net.pollConnect(Native Method) ~[na:na]
	at java.base/sun.nio.ch.Net.pollConnectNow(Net.java:628) ~[na:na]
	at java.base/sun.nio.ch.NioSocketImpl.timedFinishConnect(NioSocketImpl.java:533) ~[na:na]
	at java.base/sun.nio.ch.NioSocketImpl.connect(NioSocketImpl.java:583) ~[na:na]
	at java.base/java.net.SocksSocketImpl.connect(SocksSocketImpl.java:282) ~[na:na]
	at java.base/java.net.Socket.connect(Socket.java:665) ~[na:na]
	at org.apache.hc.client5.http.impl.io.DefaultHttpClientConnectionOperator.connect(DefaultHttpClientConnectionOperator.java:219) ~[httpclient5-5.6.4.jar:5.6.4]
	at org.apache.hc.client5.http.impl.io.PoolingHttpClientConnectionManager.connect(PoolingHttpClientConnectionManager.java:547) ~[httpclient5-5.6.4.jar:5.6.4]
	at org.apache.hc.client5.http.impl.classic.InternalExecRuntime.connectEndpoint(InternalExecRuntime.java:164) ~[httpclient5-5.6.4.jar:5.6.4]
	at org.apache.hc.client5.http.impl.classic.InternalExecRuntime.connectEndpoint(InternalExecRuntime.java:174) ~[httpclient5-5.6.4.jar:5.6.4]
	at org.apache.hc.client5.http.impl.classic.ConnectExec.execute(ConnectExec.java:144) ~[httpclient5-5.6.4.jar:5.6.4]
	at org.apache.hc.client5.http.impl.classic.ExecChainElement.execute(ExecChainElement.java:51) ~[httpclient5-5.6.4.jar:5.6.4]
	at org.apache.hc.client5.http.impl.classic.ProtocolExec.execute(ProtocolExec.java:192) ~[httpclient5-5.6.4.jar:5.6.4]
	at org.apache.hc.client5.http.impl.classic.ExecChainElement.execute(ExecChainElement.java:51) ~[httpclient5-5.6.4.jar:5.6.4]
	at org.apache.hc.client5.http.impl.classic.ContentCompressionExec.execute(ContentCompressionExec.java:138) ~[httpclient5-5.6.4.jar:5.6.4]
	at org.apache.hc.client5.http.impl.classic.ExecChainElement.execute(ExecChainElement.java:51) ~[httpclient5-5.6.4.jar:5.6.4]
	at org.apache.hc.client5.http.impl.classic.HttpRequestRetryExec.execute(HttpRequestRetryExec.java:112) ~[httpclient5-5.6.4.jar:5.6.4]
	at org.apache.hc.client5.http.impl.classic.ExecChainElement.execute(ExecChainElement.java:51) ~[httpclient5-5.6.4.jar:5.6.4]
	at org.apache.hc.client5.http.impl.classic.RedirectExec.execute(RedirectExec.java:110) ~[httpclient5-5.6.4.jar:5.6.4]
	at org.apache.hc.client5.http.impl.classic.ExecChainElement.execute(ExecChainElement.java:51) ~[httpclient5-5.6.4.jar:5.6.4]
	at org.apache.hc.client5.http.impl.classic.InternalHttpClient.doExecute(InternalHttpClient.java:186) ~[httpclient5-5.6.4.jar:5.6.4]
	at org.apache.hc.client5.http.impl.classic.CloseableHttpClient.execute(CloseableHttpClient.java:87) ~[httpclient5-5.6.4.jar:5.6.4]
	at org.apache.hc.client5.http.impl.classic.CloseableHttpClient.execute(CloseableHttpClient.java:55) ~[httpclient5-5.6.4.jar:5.6.4]
	at org.apache.hc.client5.http.classic.HttpClient.executeOpen(HttpClient.java:183) ~[httpclient5-5.6.4.jar:5.6.4]
	at org.springframework.http.client.HttpComponentsClientHttpRequest.executeInternal(HttpComponentsClientHttpRequest.java:99) ~[spring-web-7.0.9.jar:7.0.9]
	at org.springframework.http.client.AbstractStreamingClientHttpRequest.executeInternal(AbstractStreamingClientHttpRequest.java:87) ~[spring-web-7.0.9.jar:7.0.9]
	at org.springframework.http.client.AbstractClientHttpRequest.execute(AbstractClientHttpRequest.java:80) ~[spring-web-7.0.9.jar:7.0.9]
	at org.springframework.http.client.AbstractBufferingClientHttpRequest.executeWithRequestAndBody(AbstractBufferingClientHttpRequest.java:89) ~[spring-web-7.0.9.jar:7.0.9]
	at org.springframework.http.client.InterceptingClientHttpRequest$EndOfChainRequestExecution.execute(InterceptingClientHttpRequest.java:102) ~[spring-web-7.0.9.jar:7.0.9]
	at org.springframework.cloud.netflix.eureka.http.RestClientTransportClientFactory.lambda$newClient$2(RestClientTransportClientFactory.java:98) ~[spring-cloud-netflix-eureka-client-5.0.2.jar:5.0.2]
	at org.springframework.http.client.ClientHttpRequestInterceptor.lambda$apply$0(ClientHttpRequestInterceptor.java:89) ~[spring-web-7.0.9.jar:7.0.9]
	at org.springframework.http.client.InterceptingClientHttpRequest.executeInternal(InterceptingClientHttpRequest.java:73) ~[spring-web-7.0.9.jar:7.0.9]
	at org.springframework.http.client.AbstractBufferingClientHttpRequest.executeInternal(AbstractBufferingClientHttpRequest.java:50) ~[spring-web-7.0.9.jar:7.0.9]
	at org.springframework.http.client.AbstractClientHttpRequest.execute(AbstractClientHttpRequest.java:80) ~[spring-web-7.0.9.jar:7.0.9]
	at org.springframework.web.client.DefaultRestClient$DefaultRequestBodyUriSpec.exchangeInternal(DefaultRestClient.java:614) ~[spring-web-7.0.9.jar:7.0.9]
	... 24 common frames omitted

2026-10-07T21:02:26.634+02:00  WARN 33784 --- [api-gateway] [DiscoveryClient-InstanceInfoReplicator-%d] [                                                 ] c.n.d.s.t.d.RetryableEurekaHttpClient    : Request execution failed with message: I/O error on POST request for "http://localhost:8761/eureka/apps/API-GATEWAY": Connect to http://localhost:8761 failed: Connection refused: getsockopt
2026-10-07T21:02:26.634+02:00  WARN 33784 --- [api-gateway] [DiscoveryClient-InstanceInfoReplicator-%d] [                                                 ] com.netflix.discovery.DiscoveryClient    : DiscoveryClient_API-GATEWAY/Kamil:api-gateway:8080 - registration failed Cannot execute request on any known server

com.netflix.discovery.shared.transport.TransportException: Cannot execute request on any known server
	at com.netflix.discovery.shared.transport.decorator.RetryableEurekaHttpClient.execute(RetryableEurekaHttpClient.java:112) ~[eureka-client-2.0.6.jar:2.0.6]
	at com.netflix.discovery.shared.transport.decorator.EurekaHttpClientDecorator.register(EurekaHttpClientDecorator.java:56) ~[eureka-client-2.0.6.jar:2.0.6]
	at com.netflix.discovery.shared.transport.decorator.EurekaHttpClientDecorator$1.execute(EurekaHttpClientDecorator.java:59) ~[eureka-client-2.0.6.jar:2.0.6]
	at com.netflix.discovery.shared.transport.decorator.SessionedEurekaHttpClient.execute(SessionedEurekaHttpClient.java:76) ~[eureka-client-2.0.6.jar:2.0.6]
	at com.netflix.discovery.shared.transport.decorator.EurekaHttpClientDecorator.register(EurekaHttpClientDecorator.java:56) ~[eureka-client-2.0.6.jar:2.0.6]
	at com.netflix.discovery.DiscoveryClient.register(DiscoveryClient.java:843) ~[eureka-client-2.0.6.jar:2.0.6]
	at com.netflix.discovery.InstanceInfoReplicator.run(InstanceInfoReplicator.java:125) ~[eureka-client-2.0.6.jar:2.0.6]
	at com.netflix.discovery.InstanceInfoReplicator$2.run(InstanceInfoReplicator.java:105) ~[eureka-client-2.0.6.jar:2.0.6]
	at java.base/java.util.concurrent.Executors$RunnableAdapter.call(Executors.java:545) ~[na:na]
	at java.base/java.util.concurrent.FutureTask.run(FutureTask.java:328) ~[na:na]
	at java.base/java.util.concurrent.ScheduledThreadPoolExecutor$ScheduledFutureTask.run(ScheduledThreadPoolExecutor.java:309) ~[na:na]
	at java.base/java.util.concurrent.ThreadPoolExecutor.runWorker(ThreadPoolExecutor.java:1095) ~[na:na]
	at java.base/java.util.concurrent.ThreadPoolExecutor$Worker.run(ThreadPoolExecutor.java:619) ~[na:na]
	at java.base/java.lang.Thread.run(Thread.java:1447) ~[na:na]

2026-10-07T21:02:26.635+02:00  WARN 33784 --- [api-gateway] [DiscoveryClient-InstanceInfoReplicator-%d] [                                                 ] c.n.discovery.InstanceInfoReplicator     : There was a problem with the instance info replicator

com.netflix.discovery.shared.transport.TransportException: Cannot execute request on any known server
	at com.netflix.discovery.shared.transport.decorator.RetryableEurekaHttpClient.execute(RetryableEurekaHttpClient.java:112) ~[eureka-client-2.0.6.jar:2.0.6]
	at com.netflix.discovery.shared.transport.decorator.EurekaHttpClientDecorator.register(EurekaHttpClientDecorator.java:56) ~[eureka-client-2.0.6.jar:2.0.6]
	at com.netflix.discovery.shared.transport.decorator.EurekaHttpClientDecorator$1.execute(EurekaHttpClientDecorator.java:59) ~[eureka-client-2.0.6.jar:2.0.6]
	at com.netflix.discovery.shared.transport.decorator.SessionedEurekaHttpClient.execute(SessionedEurekaHttpClient.java:76) ~[eureka-client-2.0.6.jar:2.0.6]
	at com.netflix.discovery.shared.transport.decorator.EurekaHttpClientDecorator.register(EurekaHttpClientDecorator.java:56) ~[eureka-client-2.0.6.jar:2.0.6]
	at com.netflix.discovery.DiscoveryClient.register(DiscoveryClient.java:843) ~[eureka-client-2.0.6.jar:2.0.6]
	at com.netflix.discovery.InstanceInfoReplicator.run(InstanceInfoReplicator.java:125) ~[eureka-client-2.0.6.jar:2.0.6]
	at com.netflix.discovery.InstanceInfoReplicator$2.run(InstanceInfoReplicator.java:105) ~[eureka-client-2.0.6.jar:2.0.6]
	at java.base/java.util.concurrent.Executors$RunnableAdapter.call(Executors.java:545) ~[na:na]
	at java.base/java.util.concurrent.FutureTask.run(FutureTask.java:328) ~[na:na]
	at java.base/java.util.concurrent.ScheduledThreadPoolExecutor$ScheduledFutureTask.run(ScheduledThreadPoolExecutor.java:309) ~[na:na]
	at java.base/java.util.concurrent.ThreadPoolExecutor.runWorker(ThreadPoolExecutor.java:1095) ~[na:na]
	at java.base/java.util.concurrent.ThreadPoolExecutor$Worker.run(ThreadPoolExecutor.java:619) ~[na:na]
	at java.base/java.lang.Thread.run(Thread.java:1447) ~[na:na]

2026-10-07T21:02:27.079+02:00  INFO 33784 --- [api-gateway] [SpringApplicationShutdownHook] [                                                 ] com.netflix.discovery.DiscoveryClient    : Shutting down DiscoveryClient ...
2026-10-07T21:02:30.080+02:00  INFO 33784 --- [api-gateway] [SpringApplicationShutdownHook] [                                                 ] com.netflix.discovery.DiscoveryClient    : Unregistering ...
2026-10-07T21:02:30.089+02:00  INFO 33784 --- [api-gateway] [SpringApplicationShutdownHook] [                                                 ] c.n.d.s.t.d.RedirectingEurekaHttpClient  : Request execution error. endpoint=DefaultEndpoint{ serviceUrl='http://localhost:8761/eureka/}, exception=I/O error on DELETE request for "http://localhost:8761/eureka/apps/API-GATEWAY/Kamil:api-gateway:8080": Connect to http://localhost:8761 failed: Connection refused: getsockopt

org.springframework.web.client.ResourceAccessException: I/O error on DELETE request for "http://localhost:8761/eureka/apps/API-GATEWAY/Kamil:api-gateway:8080": Connect to http://localhost:8761 failed: Connection refused: getsockopt
	at org.springframework.web.client.DefaultRestClient$DefaultRequestBodyUriSpec.createResourceAccessException(DefaultRestClient.java:779) ~[spring-web-7.0.9.jar:7.0.9]
	at org.springframework.web.client.DefaultRestClient$DefaultRequestBodyUriSpec.exchangeInternal(DefaultRestClient.java:624) ~[spring-web-7.0.9.jar:7.0.9]
	at org.springframework.web.client.DefaultRestClient$DefaultRequestBodyUriSpec.exchange(DefaultRestClient.java:572) ~[spring-web-7.0.9.jar:7.0.9]
	at org.springframework.web.client.RestClient$RequestHeadersSpec.exchange(RestClient.java:747) ~[spring-web-7.0.9.jar:7.0.9]
	at org.springframework.web.client.DefaultRestClient$DefaultResponseSpec.executeAndExtract(DefaultRestClient.java:924) ~[spring-web-7.0.9.jar:7.0.9]
	at org.springframework.web.client.DefaultRestClient$DefaultResponseSpec.toBodilessEntity(DefaultRestClient.java:888) ~[spring-web-7.0.9.jar:7.0.9]
	at org.springframework.cloud.netflix.eureka.http.RestClientEurekaHttpClient.cancel(RestClientEurekaHttpClient.java:73) ~[spring-cloud-netflix-eureka-client-5.0.2.jar:5.0.2]
	at com.netflix.discovery.shared.transport.decorator.EurekaHttpClientDecorator$2.execute(EurekaHttpClientDecorator.java:74) ~[eureka-client-2.0.6.jar:2.0.6]
	at com.netflix.discovery.shared.transport.decorator.RedirectingEurekaHttpClient.executeOnNewServer(RedirectingEurekaHttpClient.java:120) ~[eureka-client-2.0.6.jar:2.0.6]
	at com.netflix.discovery.shared.transport.decorator.RedirectingEurekaHttpClient.execute(RedirectingEurekaHttpClient.java:79) ~[eureka-client-2.0.6.jar:2.0.6]
	at com.netflix.discovery.shared.transport.decorator.EurekaHttpClientDecorator.cancel(EurekaHttpClientDecorator.java:71) ~[eureka-client-2.0.6.jar:2.0.6]
	at com.netflix.discovery.shared.transport.decorator.EurekaHttpClientDecorator$2.execute(EurekaHttpClientDecorator.java:74) ~[eureka-client-2.0.6.jar:2.0.6]
	at com.netflix.discovery.shared.transport.decorator.RetryableEurekaHttpClient.execute(RetryableEurekaHttpClient.java:120) ~[eureka-client-2.0.6.jar:2.0.6]
	at com.netflix.discovery.shared.transport.decorator.EurekaHttpClientDecorator.cancel(EurekaHttpClientDecorator.java:71) ~[eureka-client-2.0.6.jar:2.0.6]
	at com.netflix.discovery.shared.transport.decorator.EurekaHttpClientDecorator$2.execute(EurekaHttpClientDecorator.java:74) ~[eureka-client-2.0.6.jar:2.0.6]
	at com.netflix.discovery.shared.transport.decorator.SessionedEurekaHttpClient.execute(SessionedEurekaHttpClient.java:76) ~[eureka-client-2.0.6.jar:2.0.6]
	at com.netflix.discovery.shared.transport.decorator.EurekaHttpClientDecorator.cancel(EurekaHttpClientDecorator.java:71) ~[eureka-client-2.0.6.jar:2.0.6]
	at com.netflix.discovery.DiscoveryClient.unregister(DiscoveryClient.java:934) ~[eureka-client-2.0.6.jar:2.0.6]
	at com.netflix.discovery.DiscoveryClient.shutdown(DiscoveryClient.java:915) ~[eureka-client-2.0.6.jar:2.0.6]
	at java.base/jdk.internal.reflect.DirectMethodHandleAccessor.invoke(DirectMethodHandleAccessor.java:104) ~[na:na]
	at java.base/java.lang.reflect.Method.invoke(Method.java:565) ~[na:na]
	at org.springframework.beans.factory.annotation.InitDestroyAnnotationBeanPostProcessor$LifecycleMethod.invoke(InitDestroyAnnotationBeanPostProcessor.java:453) ~[spring-beans-7.0.9.jar:7.0.9]
	at org.springframework.beans.factory.annotation.InitDestroyAnnotationBeanPostProcessor$LifecycleMetadata.invokeDestroyMethods(InitDestroyAnnotationBeanPostProcessor.java:411) ~[spring-beans-7.0.9.jar:7.0.9]
	at org.springframework.beans.factory.annotation.InitDestroyAnnotationBeanPostProcessor.postProcessBeforeDestruction(InitDestroyAnnotationBeanPostProcessor.java:237) ~[spring-beans-7.0.9.jar:7.0.9]
	at org.springframework.beans.factory.support.DisposableBeanAdapter.destroy(DisposableBeanAdapter.java:200) ~[spring-beans-7.0.9.jar:7.0.9]
	at org.springframework.beans.factory.support.DisposableBeanAdapter.run(DisposableBeanAdapter.java:193) ~[spring-beans-7.0.9.jar:7.0.9]
	at org.springframework.cloud.context.scope.GenericScope$BeanLifecycleWrapper.destroy(GenericScope.java:387) ~[spring-cloud-context-5.0.3.jar:5.0.3]
	at org.springframework.cloud.context.scope.GenericScope.destroy(GenericScope.java:134) ~[spring-cloud-context-5.0.3.jar:5.0.3]
	at org.springframework.beans.factory.support.DisposableBeanAdapter.destroy(DisposableBeanAdapter.java:209) ~[spring-beans-7.0.9.jar:7.0.9]
	at org.springframework.beans.factory.support.DefaultSingletonBeanRegistry.destroyBean(DefaultSingletonBeanRegistry.java:795) ~[spring-beans-7.0.9.jar:7.0.9]
	at org.springframework.beans.factory.support.DefaultSingletonBeanRegistry.destroySingleton(DefaultSingletonBeanRegistry.java:745) ~[spring-beans-7.0.9.jar:7.0.9]
	at org.springframework.beans.factory.support.DefaultListableBeanFactory.destroySingleton(DefaultListableBeanFactory.java:1507) ~[spring-beans-7.0.9.jar:7.0.9]
	at org.springframework.beans.factory.support.DefaultSingletonBeanRegistry.destroySingletons(DefaultSingletonBeanRegistry.java:704) ~[spring-beans-7.0.9.jar:7.0.9]
	at org.springframework.beans.factory.support.DefaultListableBeanFactory.destroySingletons(DefaultListableBeanFactory.java:1500) ~[spring-beans-7.0.9.jar:7.0.9]
	at org.springframework.context.support.AbstractApplicationContext.destroyBeans(AbstractApplicationContext.java:1246) ~[spring-context-7.0.9.jar:7.0.9]
	at org.springframework.context.support.AbstractApplicationContext.doClose(AbstractApplicationContext.java:1207) ~[spring-context-7.0.9.jar:7.0.9]
	at org.springframework.boot.web.server.reactive.context.ReactiveWebServerApplicationContext.doClose(ReactiveWebServerApplicationContext.java:158) ~[spring-boot-web-server-4.1.1.jar:4.1.1]
	at org.springframework.context.support.AbstractApplicationContext.close(AbstractApplicationContext.java:1153) ~[spring-context-7.0.9.jar:7.0.9]
	at org.springframework.boot.SpringApplicationShutdownHook.closeAndWait(SpringApplicationShutdownHook.java:147) ~[spring-boot-4.1.1.jar:4.1.1]
	at java.base/java.lang.Iterable.forEach(Iterable.java:75) ~[na:na]
	at org.springframework.boot.SpringApplicationShutdownHook.run(SpringApplicationShutdownHook.java:116) ~[spring-boot-4.1.1.jar:4.1.1]
	at java.base/java.lang.Thread.run(Thread.java:1447) ~[na:na]
Caused by: org.apache.hc.client5.http.HttpHostConnectException: Connect to http://localhost:8761 failed: Connection refused: getsockopt
	at java.base/sun.nio.ch.Net.pollConnect(Native Method) ~[na:na]
	at java.base/sun.nio.ch.Net.pollConnectNow(Net.java:628) ~[na:na]
	at java.base/sun.nio.ch.NioSocketImpl.timedFinishConnect(NioSocketImpl.java:533) ~[na:na]
	at java.base/sun.nio.ch.NioSocketImpl.connect(NioSocketImpl.java:583) ~[na:na]
	at java.base/java.net.SocksSocketImpl.connect(SocksSocketImpl.java:282) ~[na:na]
	at java.base/java.net.Socket.connect(Socket.java:665) ~[na:na]
	at org.apache.hc.client5.http.impl.io.DefaultHttpClientConnectionOperator.connect(DefaultHttpClientConnectionOperator.java:219) ~[httpclient5-5.6.4.jar:5.6.4]
	at org.apache.hc.client5.http.impl.io.PoolingHttpClientConnectionManager.connect(PoolingHttpClientConnectionManager.java:547) ~[httpclient5-5.6.4.jar:5.6.4]
	at org.apache.hc.client5.http.impl.classic.InternalExecRuntime.connectEndpoint(InternalExecRuntime.java:164) ~[httpclient5-5.6.4.jar:5.6.4]
	at org.apache.hc.client5.http.impl.classic.InternalExecRuntime.connectEndpoint(InternalExecRuntime.java:174) ~[httpclient5-5.6.4.jar:5.6.4]
	at org.apache.hc.client5.http.impl.classic.ConnectExec.execute(ConnectExec.java:144) ~[httpclient5-5.6.4.jar:5.6.4]
	at org.apache.hc.client5.http.impl.classic.ExecChainElement.execute(ExecChainElement.java:51) ~[httpclient5-5.6.4.jar:5.6.4]
	at org.apache.hc.client5.http.impl.classic.ProtocolExec.execute(ProtocolExec.java:192) ~[httpclient5-5.6.4.jar:5.6.4]
	at org.apache.hc.client5.http.impl.classic.ExecChainElement.execute(ExecChainElement.java:51) ~[httpclient5-5.6.4.jar:5.6.4]
	at org.apache.hc.client5.http.impl.classic.ContentCompressionExec.execute(ContentCompressionExec.java:138) ~[httpclient5-5.6.4.jar:5.6.4]
	at org.apache.hc.client5.http.impl.classic.ExecChainElement.execute(ExecChainElement.java:51) ~[httpclient5-5.6.4.jar:5.6.4]
	at org.apache.hc.client5.http.impl.classic.HttpRequestRetryExec.execute(HttpRequestRetryExec.java:112) ~[httpclient5-5.6.4.jar:5.6.4]
	at org.apache.hc.client5.http.impl.classic.ExecChainElement.execute(ExecChainElement.java:51) ~[httpclient5-5.6.4.jar:5.6.4]
	at org.apache.hc.client5.http.impl.classic.RedirectExec.execute(RedirectExec.java:110) ~[httpclient5-5.6.4.jar:5.6.4]
	at org.apache.hc.client5.http.impl.classic.ExecChainElement.execute(ExecChainElement.java:51) ~[httpclient5-5.6.4.jar:5.6.4]
	at org.apache.hc.client5.http.impl.classic.InternalHttpClient.doExecute(InternalHttpClient.java:186) ~[httpclient5-5.6.4.jar:5.6.4]
	at org.apache.hc.client5.http.impl.classic.CloseableHttpClient.execute(CloseableHttpClient.java:87) ~[httpclient5-5.6.4.jar:5.6.4]
	at org.apache.hc.client5.http.impl.classic.CloseableHttpClient.execute(CloseableHttpClient.java:55) ~[httpclient5-5.6.4.jar:5.6.4]
	at org.apache.hc.client5.http.classic.HttpClient.executeOpen(HttpClient.java:183) ~[httpclient5-5.6.4.jar:5.6.4]
	at org.springframework.http.client.HttpComponentsClientHttpRequest.executeInternal(HttpComponentsClientHttpRequest.java:99) ~[spring-web-7.0.9.jar:7.0.9]
	at org.springframework.http.client.AbstractStreamingClientHttpRequest.executeInternal(AbstractStreamingClientHttpRequest.java:87) ~[spring-web-7.0.9.jar:7.0.9]
	at org.springframework.http.client.AbstractClientHttpRequest.execute(AbstractClientHttpRequest.java:80) ~[spring-web-7.0.9.jar:7.0.9]
	at org.springframework.http.client.AbstractBufferingClientHttpRequest.executeWithRequestAndBody(AbstractBufferingClientHttpRequest.java:89) ~[spring-web-7.0.9.jar:7.0.9]
	at org.springframework.http.client.InterceptingClientHttpRequest$EndOfChainRequestExecution.execute(InterceptingClientHttpRequest.java:102) ~[spring-web-7.0.9.jar:7.0.9]
	at org.springframework.cloud.netflix.eureka.http.RestClientTransportClientFactory.lambda$newClient$2(RestClientTransportClientFactory.java:98) ~[spring-cloud-netflix-eureka-client-5.0.2.jar:5.0.2]
	at org.springframework.http.client.ClientHttpRequestInterceptor.lambda$apply$0(ClientHttpRequestInterceptor.java:89) ~[spring-web-7.0.9.jar:7.0.9]
	at org.springframework.http.client.InterceptingClientHttpRequest.executeInternal(InterceptingClientHttpRequest.java:73) ~[spring-web-7.0.9.jar:7.0.9]
	at org.springframework.http.client.AbstractBufferingClientHttpRequest.executeInternal(AbstractBufferingClientHttpRequest.java:50) ~[spring-web-7.0.9.jar:7.0.9]
	at org.springframework.http.client.AbstractClientHttpRequest.execute(AbstractClientHttpRequest.java:80) ~[spring-web-7.0.9.jar:7.0.9]
	at org.springframework.web.client.DefaultRestClient$DefaultRequestBodyUriSpec.exchangeInternal(DefaultRestClient.java:614) ~[spring-web-7.0.9.jar:7.0.9]
	... 40 common frames omitted

2026-10-07T21:02:30.091+02:00  WARN 33784 --- [api-gateway] [SpringApplicationShutdownHook] [                                                 ] c.n.d.s.t.d.RetryableEurekaHttpClient    : Request execution failed with message: I/O error on DELETE request for "http://localhost:8761/eureka/apps/API-GATEWAY/Kamil:api-gateway:8080": Connect to http://localhost:8761 failed: Connection refused: getsockopt
2026-10-07T21:02:30.091+02:00 ERROR 33784 --- [api-gateway] [SpringApplicationShutdownHook] [                                                 ] com.netflix.discovery.DiscoveryClient    : DiscoveryClient_API-GATEWAY/Kamil:api-gateway:8080 - de-registration failedCannot execute request on any known server

com.netflix.discovery.shared.transport.TransportException: Cannot execute request on any known server
	at com.netflix.discovery.shared.transport.decorator.RetryableEurekaHttpClient.execute(RetryableEurekaHttpClient.java:112) ~[eureka-client-2.0.6.jar:2.0.6]
	at com.netflix.discovery.shared.transport.decorator.EurekaHttpClientDecorator.cancel(EurekaHttpClientDecorator.java:71) ~[eureka-client-2.0.6.jar:2.0.6]
	at com.netflix.discovery.shared.transport.decorator.EurekaHttpClientDecorator$2.execute(EurekaHttpClientDecorator.java:74) ~[eureka-client-2.0.6.jar:2.0.6]
	at com.netflix.discovery.shared.transport.decorator.SessionedEurekaHttpClient.execute(SessionedEurekaHttpClient.java:76) ~[eureka-client-2.0.6.jar:2.0.6]
	at com.netflix.discovery.shared.transport.decorator.EurekaHttpClientDecorator.cancel(EurekaHttpClientDecorator.java:71) ~[eureka-client-2.0.6.jar:2.0.6]
	at com.netflix.discovery.DiscoveryClient.unregister(DiscoveryClient.java:934) ~[eureka-client-2.0.6.jar:2.0.6]
	at com.netflix.discovery.DiscoveryClient.shutdown(DiscoveryClient.java:915) ~[eureka-client-2.0.6.jar:2.0.6]
	at java.base/jdk.internal.reflect.DirectMethodHandleAccessor.invoke(DirectMethodHandleAccessor.java:104) ~[na:na]
	at java.base/java.lang.reflect.Method.invoke(Method.java:565) ~[na:na]
	at org.springframework.beans.factory.annotation.InitDestroyAnnotationBeanPostProcessor$LifecycleMethod.invoke(InitDestroyAnnotationBeanPostProcessor.java:453) ~[spring-beans-7.0.9.jar:7.0.9]
	at org.springframework.beans.factory.annotation.InitDestroyAnnotationBeanPostProcessor$LifecycleMetadata.invokeDestroyMethods(InitDestroyAnnotationBeanPostProcessor.java:411) ~[spring-beans-7.0.9.jar:7.0.9]
	at org.springframework.beans.factory.annotation.InitDestroyAnnotationBeanPostProcessor.postProcessBeforeDestruction(InitDestroyAnnotationBeanPostProcessor.java:237) ~[spring-beans-7.0.9.jar:7.0.9]
	at org.springframework.beans.factory.support.DisposableBeanAdapter.destroy(DisposableBeanAdapter.java:200) ~[spring-beans-7.0.9.jar:7.0.9]
	at org.springframework.beans.factory.support.DisposableBeanAdapter.run(DisposableBeanAdapter.java:193) ~[spring-beans-7.0.9.jar:7.0.9]
	at org.springframework.cloud.context.scope.GenericScope$BeanLifecycleWrapper.destroy(GenericScope.java:387) ~[spring-cloud-context-5.0.3.jar:5.0.3]
	at org.springframework.cloud.context.scope.GenericScope.destroy(GenericScope.java:134) ~[spring-cloud-context-5.0.3.jar:5.0.3]
	at org.springframework.beans.factory.support.DisposableBeanAdapter.destroy(DisposableBeanAdapter.java:209) ~[spring-beans-7.0.9.jar:7.0.9]
	at org.springframework.beans.factory.support.DefaultSingletonBeanRegistry.destroyBean(DefaultSingletonBeanRegistry.java:795) ~[spring-beans-7.0.9.jar:7.0.9]
	at org.springframework.beans.factory.support.DefaultSingletonBeanRegistry.destroySingleton(DefaultSingletonBeanRegistry.java:745) ~[spring-beans-7.0.9.jar:7.0.9]
	at org.springframework.beans.factory.support.DefaultListableBeanFactory.destroySingleton(DefaultListableBeanFactory.java:1507) ~[spring-beans-7.0.9.jar:7.0.9]
	at org.springframework.beans.factory.support.DefaultSingletonBeanRegistry.destroySingletons(DefaultSingletonBeanRegistry.java:704) ~[spring-beans-7.0.9.jar:7.0.9]
	at org.springframework.beans.factory.support.DefaultListableBeanFactory.destroySingletons(DefaultListableBeanFactory.java:1500) ~[spring-beans-7.0.9.jar:7.0.9]
	at org.springframework.context.support.AbstractApplicationContext.destroyBeans(AbstractApplicationContext.java:1246) ~[spring-context-7.0.9.jar:7.0.9]
	at org.springframework.context.support.AbstractApplicationContext.doClose(AbstractApplicationContext.java:1207) ~[spring-context-7.0.9.jar:7.0.9]
	at org.springframework.boot.web.server.reactive.context.ReactiveWebServerApplicationContext.doClose(ReactiveWebServerApplicationContext.java:158) ~[spring-boot-web-server-4.1.1.jar:4.1.1]
	at org.springframework.context.support.AbstractApplicationContext.close(AbstractApplicationContext.java:1153) ~[spring-context-7.0.9.jar:7.0.9]
	at org.springframework.boot.SpringApplicationShutdownHook.closeAndWait(SpringApplicationShutdownHook.java:147) ~[spring-boot-4.1.1.jar:4.1.1]
	at java.base/java.lang.Iterable.forEach(Iterable.java:75) ~[na:na]
	at org.springframework.boot.SpringApplicationShutdownHook.run(SpringApplicationShutdownHook.java:116) ~[spring-boot-4.1.1.jar:4.1.1]
	at java.base/java.lang.Thread.run(Thread.java:1447) ~[na:na]

2026-10-07T21:02:30.092+02:00  INFO 33784 --- [api-gateway] [SpringApplicationShutdownHook] [                                                 ] com.netflix.discovery.DiscoveryClient    : Completed shut down of DiscoveryClient
2026-10-07T21:02:55.906+02:00  INFO 10220 --- [api-gateway] [restartedMain] [                                                 ] c.ecommerce.gateway.GatewayApplication   : Starting GatewayApplication using Java 24.0.1 with PID 10220 (E:\Programy\Github\nowy-ecomerce\nowy\ecom\gateway\target\classes started by KPSzy in E:\Programy\Github\nowy-ecomerce\nowy\ecom)
2026-10-07T21:02:55.911+02:00  INFO 10220 --- [api-gateway] [restartedMain] [                                                 ] c.ecommerce.gateway.GatewayApplication   : No active profile set, falling back to 1 default profile: "default"
2026-10-07T21:02:55.965+02:00  INFO 10220 --- [api-gateway] [restartedMain] [                                                 ] o.s.c.c.c.ConfigServerConfigDataLoader   : Fetching config from server at : http://localhost:8888
2026-10-07T21:02:55.966+02:00  INFO 10220 --- [api-gateway] [restartedMain] [                                                 ] o.s.c.c.c.ConfigServerConfigDataLoader   : Located environment: name=api-gateway, profiles=[default], label=null, version=null, state=null
2026-10-07T21:02:55.970+02:00  INFO 10220 --- [api-gateway] [restartedMain] [                                                 ] .e.DevToolsPropertyDefaultsPostProcessor : Devtools property defaults active! Set 'spring.devtools.add-properties' to 'false' to disable
2026-10-07T21:02:57.035+02:00  INFO 10220 --- [api-gateway] [restartedMain] [                                                 ] o.s.cloud.context.scope.GenericScope     : BeanFactory id=eea85bbd-ac6c-3973-bd1a-7d34cde04504
2026-10-07T21:02:58.413+02:00  WARN 10220 --- [api-gateway] [restartedMain] [                                                 ] o.h.v.i.m.a.CascadingMetaDataBuilder     : HV000271: Using `@Valid` on a container (java.util.List) is deprecated. You should apply the annotation on the type argument(s). Affected element: routes
2026-10-07T21:02:58.472+02:00  WARN 10220 --- [api-gateway] [restartedMain] [                                                 ] o.h.v.i.m.a.CascadingMetaDataBuilder     : HV000271: Using `@Valid` on a container (java.util.List) is deprecated. You should apply the annotation on the type argument(s). Affected element: predicates
2026-10-07T21:02:58.473+02:00  WARN 10220 --- [api-gateway] [restartedMain] [                                                 ] o.h.v.i.m.a.CascadingMetaDataBuilder     : HV000271: Using `@Valid` on a container (java.util.List) is deprecated. You should apply the annotation on the type argument(s). Affected element: filters
2026-10-07T21:02:58.597+02:00  INFO 10220 --- [api-gateway] [restartedMain] [                                                 ] o.s.c.g.r.RouteDefinitionRouteLocator    : Loaded RoutePredicateFactory [After]
2026-10-07T21:02:58.597+02:00  INFO 10220 --- [api-gateway] [restartedMain] [                                                 ] o.s.c.g.r.RouteDefinitionRouteLocator    : Loaded RoutePredicateFactory [Before]
2026-10-07T21:02:58.597+02:00  INFO 10220 --- [api-gateway] [restartedMain] [                                                 ] o.s.c.g.r.RouteDefinitionRouteLocator    : Loaded RoutePredicateFactory [Between]
2026-10-07T21:02:58.597+02:00  INFO 10220 --- [api-gateway] [restartedMain] [                                                 ] o.s.c.g.r.RouteDefinitionRouteLocator    : Loaded RoutePredicateFactory [Cookie]
2026-10-07T21:02:58.598+02:00  INFO 10220 --- [api-gateway] [restartedMain] [                                                 ] o.s.c.g.r.RouteDefinitionRouteLocator    : Loaded RoutePredicateFactory [Header]
2026-10-07T21:02:58.598+02:00  INFO 10220 --- [api-gateway] [restartedMain] [                                                 ] o.s.c.g.r.RouteDefinitionRouteLocator    : Loaded RoutePredicateFactory [Host]
2026-10-07T21:02:58.598+02:00  INFO 10220 --- [api-gateway] [restartedMain] [                                                 ] o.s.c.g.r.RouteDefinitionRouteLocator    : Loaded RoutePredicateFactory [Method]
2026-10-07T21:02:58.598+02:00  INFO 10220 --- [api-gateway] [restartedMain] [                                                 ] o.s.c.g.r.RouteDefinitionRouteLocator    : Loaded RoutePredicateFactory [Path]
2026-10-07T21:02:58.598+02:00  INFO 10220 --- [api-gateway] [restartedMain] [                                                 ] o.s.c.g.r.RouteDefinitionRouteLocator    : Loaded RoutePredicateFactory [Query]
2026-10-07T21:02:58.598+02:00  INFO 10220 --- [api-gateway] [restartedMain] [                                                 ] o.s.c.g.r.RouteDefinitionRouteLocator    : Loaded RoutePredicateFactory [ReadBody]
2026-10-07T21:02:58.598+02:00  INFO 10220 --- [api-gateway] [restartedMain] [                                                 ] o.s.c.g.r.RouteDefinitionRouteLocator    : Loaded RoutePredicateFactory [RemoteAddr]
2026-10-07T21:02:58.599+02:00  INFO 10220 --- [api-gateway] [restartedMain] [                                                 ] o.s.c.g.r.RouteDefinitionRouteLocator    : Loaded RoutePredicateFactory [Version]
2026-10-07T21:02:58.599+02:00  INFO 10220 --- [api-gateway] [restartedMain] [                                                 ] o.s.c.g.r.RouteDefinitionRouteLocator    : Loaded RoutePredicateFactory [XForwardedRemoteAddr]
2026-10-07T21:02:58.599+02:00  INFO 10220 --- [api-gateway] [restartedMain] [                                                 ] o.s.c.g.r.RouteDefinitionRouteLocator    : Loaded RoutePredicateFactory [Weight]
2026-10-07T21:02:58.599+02:00  INFO 10220 --- [api-gateway] [restartedMain] [                                                 ] o.s.c.g.r.RouteDefinitionRouteLocator    : Loaded RoutePredicateFactory [CloudFoundryRouteService]
2026-10-07T21:02:59.114+02:00  INFO 10220 --- [api-gateway] [restartedMain] [                                                 ] DiscoveryClientOptionalArgsConfiguration : Eureka HTTP Client uses RestClient.
2026-10-07T21:02:59.183+02:00  INFO 10220 --- [api-gateway] [restartedMain] [                                                 ] o.s.c.n.eureka.InstanceInfoFactory       : Setting initial instance status as: STARTING
2026-10-07T21:02:59.200+02:00  INFO 10220 --- [api-gateway] [restartedMain] [                                                 ] com.netflix.discovery.DiscoveryClient    : Initializing Eureka in region us-east-1
2026-10-07T21:02:59.203+02:00  INFO 10220 --- [api-gateway] [restartedMain] [                                                 ] c.n.d.s.r.aws.ConfigClusterResolver      : Resolving eureka endpoints via configuration
2026-10-07T21:02:59.210+02:00  INFO 10220 --- [api-gateway] [restartedMain] [                                                 ] com.netflix.discovery.DiscoveryClient    : Disable delta property : false
2026-10-07T21:02:59.210+02:00  INFO 10220 --- [api-gateway] [restartedMain] [                                                 ] com.netflix.discovery.DiscoveryClient    : Single vip registry refresh property : null
2026-10-07T21:02:59.210+02:00  INFO 10220 --- [api-gateway] [restartedMain] [                                                 ] com.netflix.discovery.DiscoveryClient    : Force full registry fetch : false
2026-10-07T21:02:59.211+02:00  INFO 10220 --- [api-gateway] [restartedMain] [                                                 ] com.netflix.discovery.DiscoveryClient    : Application is null : false
2026-10-07T21:02:59.211+02:00  INFO 10220 --- [api-gateway] [restartedMain] [                                                 ] com.netflix.discovery.DiscoveryClient    : Registered Applications size is zero : true
2026-10-07T21:02:59.211+02:00  INFO 10220 --- [api-gateway] [restartedMain] [                                                 ] com.netflix.discovery.DiscoveryClient    : Application version is -1: true
2026-10-07T21:02:59.211+02:00  INFO 10220 --- [api-gateway] [restartedMain] [                                                 ] com.netflix.discovery.DiscoveryClient    : Getting all instance registry info from the eureka server
2026-10-07T21:02:59.515+02:00  INFO 10220 --- [api-gateway] [restartedMain] [                                                 ] com.netflix.discovery.DiscoveryClient    : The response status is 200
2026-10-07T21:02:59.516+02:00  INFO 10220 --- [api-gateway] [restartedMain] [                                                 ] com.netflix.discovery.DiscoveryClient    : Starting heartbeat executor: renew interval is: 30
2026-10-07T21:02:59.518+02:00  INFO 10220 --- [api-gateway] [restartedMain] [                                                 ] c.n.discovery.InstanceInfoReplicator     : InstanceInfoReplicator onDemand update allowed rate per min is 4
2026-10-07T21:02:59.519+02:00  INFO 10220 --- [api-gateway] [restartedMain] [                                                 ] com.netflix.discovery.DiscoveryClient    : Discovery Client initialized at timestamp 1791399779519 with initial instances count: 0
2026-10-07T21:02:59.522+02:00  INFO 10220 --- [api-gateway] [restartedMain] [                                                 ] o.s.c.n.e.s.EurekaServiceRegistry        : Registering application API-GATEWAY with eureka with status UP
2026-10-07T21:02:59.523+02:00  INFO 10220 --- [api-gateway] [restartedMain] [                                                 ] com.netflix.discovery.DiscoveryClient    : Saw local status change event StatusChangeEvent [timestamp=1791399779523, current=UP, previous=STARTING]
2026-10-07T21:02:59.524+02:00  INFO 10220 --- [api-gateway] [DiscoveryClient-InstanceInfoReplicator-%d] [                                                 ] com.netflix.discovery.DiscoveryClient    : DiscoveryClient_API-GATEWAY/Kamil:api-gateway:8080: registering service...
2026-10-07T21:02:59.603+02:00  INFO 10220 --- [api-gateway] [DiscoveryClient-InstanceInfoReplicator-%d] [                                                 ] com.netflix.discovery.DiscoveryClient    : DiscoveryClient_API-GATEWAY/Kamil:api-gateway:8080 - registration status: 204
2026-10-07T21:02:59.661+02:00  INFO 10220 --- [api-gateway] [restartedMain] [                                                 ] o.s.boot.reactor.netty.NettyWebServer    : Netty started on port 8080 (http)
2026-10-07T21:02:59.664+02:00  INFO 10220 --- [api-gateway] [restartedMain] [                                                 ] .s.c.n.e.s.EurekaAutoServiceRegistration : Updating port to 8080
2026-10-07T21:02:59.686+02:00  INFO 10220 --- [api-gateway] [restartedMain] [                                                 ] c.ecommerce.gateway.GatewayApplication   : Started GatewayApplication in 4.812 seconds (process running for 5.683)
2026-10-07T21:03:14.916+02:00 ERROR 10220 --- [api-gateway] [reactor-http-nio-3] [                                                 ] b.w.a.e.AbstractErrorWebExceptionHandler : [f60df954-1]  500 Server Error for HTTP GET "/api/users"

java.net.UnknownHostException: Failed to resolve 'user-service' [A(1)]
	at io.netty.resolver.dns.DnsResolveContext.finishResolve(DnsResolveContext.java:1139) ~[netty-resolver-dns-4.2.17.Final.jar:4.2.17.Final]
	Suppressed: The stacktrace has been enhanced by Reactor, refer to additional information below: 
Error has been observed at the following site(s):
	*__checkpoint ⇢ org.springframework.cloud.gateway.filter.WeightCalculatorWebFilter@4be73fca
	*__checkpoint ⇢ HTTP GET "/api/users" [ExceptionHandlingWebHandler]
Original Stack Trace:
		at io.netty.resolver.dns.DnsResolveContext.finishResolve(DnsResolveContext.java:1139) ~[netty-resolver-dns-4.2.17.Final.jar:4.2.17.Final]
		at io.netty.resolver.dns.DnsResolveContext.tryToFinishResolve(DnsResolveContext.java:1086) ~[netty-resolver-dns-4.2.17.Final.jar:4.2.17.Final]
		at io.netty.resolver.dns.DnsResolveContext.query(DnsResolveContext.java:443) ~[netty-resolver-dns-4.2.17.Final.jar:4.2.17.Final]
		at io.netty.resolver.dns.DnsResolveContext.onResponse(DnsResolveContext.java:668) ~[netty-resolver-dns-4.2.17.Final.jar:4.2.17.Final]
		at io.netty.resolver.dns.DnsResolveContext.lambda$query$0(DnsResolveContext.java:499) ~[netty-resolver-dns-4.2.17.Final.jar:4.2.17.Final]
		at io.netty.util.concurrent.DefaultPromise.notifyListener0(DefaultPromise.java:604) ~[netty-common-4.2.17.Final.jar:4.2.17.Final]
		at io.netty.util.concurrent.DefaultPromise.notifyListeners0(DefaultPromise.java:597) ~[netty-common-4.2.17.Final.jar:4.2.17.Final]
		at io.netty.util.concurrent.DefaultPromise.notifyListenersNow(DefaultPromise.java:573) ~[netty-common-4.2.17.Final.jar:4.2.17.Final]
		at io.netty.util.concurrent.DefaultPromise.notifyListeners(DefaultPromise.java:506) ~[netty-common-4.2.17.Final.jar:4.2.17.Final]
		at io.netty.util.concurrent.DefaultPromise.setValue0(DefaultPromise.java:650) ~[netty-common-4.2.17.Final.jar:4.2.17.Final]
		at io.netty.util.concurrent.DefaultPromise.setSuccess0(DefaultPromise.java:639) ~[netty-common-4.2.17.Final.jar:4.2.17.Final]
		at io.netty.util.concurrent.DefaultPromise.trySuccess(DefaultPromise.java:119) ~[netty-common-4.2.17.Final.jar:4.2.17.Final]
		at io.netty.resolver.dns.DnsQueryContext.trySuccess(DnsQueryContext.java:305) ~[netty-resolver-dns-4.2.17.Final.jar:4.2.17.Final]
		at io.netty.resolver.dns.DnsQueryContext.finishSuccess(DnsQueryContext.java:296) ~[netty-resolver-dns-4.2.17.Final.jar:4.2.17.Final]
		at io.netty.resolver.dns.DnsNameResolver$DnsResponseHandler.channelRead(DnsNameResolver.java:1558) ~[netty-resolver-dns-4.2.17.Final.jar:4.2.17.Final]
		at io.netty.channel.AbstractChannelHandlerContext.fireChannelRead(AbstractChannelHandlerContext.java:357) ~[netty-transport-4.2.17.Final.jar:4.2.17.Final]
		at io.netty.handler.codec.MessageToMessageDecoder.channelRead(MessageToMessageDecoder.java:107) ~[netty-codec-base-4.2.17.Final.jar:4.2.17.Final]
		at io.netty.channel.AbstractChannelHandlerContext.fireChannelRead(AbstractChannelHandlerContext.java:357) ~[netty-transport-4.2.17.Final.jar:4.2.17.Final]
		at io.netty.channel.DefaultChannelPipeline$HeadContext.channelRead(DefaultChannelPipeline.java:1429) ~[netty-transport-4.2.17.Final.jar:4.2.17.Final]
		at io.netty.channel.DefaultChannelPipeline.fireChannelRead(DefaultChannelPipeline.java:918) ~[netty-transport-4.2.17.Final.jar:4.2.17.Final]
		at io.netty.channel.nio.AbstractNioMessageChannel$NioMessageUnsafe.read(AbstractNioMessageChannel.java:100) ~[netty-transport-4.2.17.Final.jar:4.2.17.Final]
		at io.netty.channel.nio.AbstractNioChannel$AbstractNioUnsafe.handle(AbstractNioChannel.java:445) ~[netty-transport-4.2.17.Final.jar:4.2.17.Final]
		at io.netty.channel.nio.NioIoHandler$DefaultNioRegistration.handle(NioIoHandler.java:388) ~[netty-transport-4.2.17.Final.jar:4.2.17.Final]
		at io.netty.channel.nio.NioIoHandler.processSelectedKey(NioIoHandler.java:596) ~[netty-transport-4.2.17.Final.jar:4.2.17.Final]
		at io.netty.channel.nio.NioIoHandler.processSelectedKeysOptimized(NioIoHandler.java:571) ~[netty-transport-4.2.17.Final.jar:4.2.17.Final]
		at io.netty.channel.nio.NioIoHandler.processSelectedKeys(NioIoHandler.java:512) ~[netty-transport-4.2.17.Final.jar:4.2.17.Final]
		at io.netty.channel.nio.NioIoHandler.run(NioIoHandler.java:484) ~[netty-transport-4.2.17.Final.jar:4.2.17.Final]
		at io.netty.channel.SingleThreadIoEventLoop.runIo(SingleThreadIoEventLoop.java:225) ~[netty-transport-4.2.17.Final.jar:4.2.17.Final]
		at io.netty.channel.SingleThreadIoEventLoop.run(SingleThreadIoEventLoop.java:196) ~[netty-transport-4.2.17.Final.jar:4.2.17.Final]
		at io.netty.util.concurrent.SingleThreadEventExecutor$5.run(SingleThreadEventExecutor.java:1204) ~[netty-common-4.2.17.Final.jar:4.2.17.Final]
		at io.netty.util.internal.ThreadExecutorMap$2.run(ThreadExecutorMap.java:74) ~[netty-common-4.2.17.Final.jar:4.2.17.Final]
		at io.netty.util.concurrent.FastThreadLocalRunnable.run(FastThreadLocalRunnable.java:30) ~[netty-common-4.2.17.Final.jar:4.2.17.Final]
		at java.base/java.lang.Thread.run(Thread.java:1447) ~[na:na]
Caused by: io.netty.resolver.dns.DnsErrorCauseException: Query failed with NXDOMAIN
	at io.netty.resolver.dns.DnsResolveContext.onResponse(..)(Unknown Source) ~[netty-resolver-dns-4.2.17.Final.jar:4.2.17.Final]

2026-10-07T21:03:16.015+02:00 ERROR 10220 --- [api-gateway] [reactor-http-nio-3] [                                                 ] b.w.a.e.AbstractErrorWebExceptionHandler : [f60df954-2]  500 Server Error for HTTP GET "/api/users"

java.net.UnknownHostException: Failed to resolve 'user-service' [A(1)]
	at io.netty.resolver.dns.DnsResolveContext.finishResolve(DnsResolveContext.java:1139) ~[netty-resolver-dns-4.2.17.Final.jar:4.2.17.Final]
	Suppressed: The stacktrace has been enhanced by Reactor, refer to additional information below: 
Error has been observed at the following site(s):
	*__checkpoint ⇢ org.springframework.cloud.gateway.filter.WeightCalculatorWebFilter@4be73fca
	*__checkpoint ⇢ HTTP GET "/api/users" [ExceptionHandlingWebHandler]
Original Stack Trace:
		at io.netty.resolver.dns.DnsResolveContext.finishResolve(DnsResolveContext.java:1139) ~[netty-resolver-dns-4.2.17.Final.jar:4.2.17.Final]
		at io.netty.resolver.dns.DnsResolveContext.tryToFinishResolve(DnsResolveContext.java:1086) ~[netty-resolver-dns-4.2.17.Final.jar:4.2.17.Final]
		at io.netty.resolver.dns.DnsResolveContext.query(DnsResolveContext.java:443) ~[netty-resolver-dns-4.2.17.Final.jar:4.2.17.Final]
		at io.netty.resolver.dns.DnsResolveContext.onResponse(DnsResolveContext.java:668) ~[netty-resolver-dns-4.2.17.Final.jar:4.2.17.Final]
		at io.netty.resolver.dns.DnsResolveContext.lambda$query$0(DnsResolveContext.java:499) ~[netty-resolver-dns-4.2.17.Final.jar:4.2.17.Final]
		at io.netty.util.concurrent.DefaultPromise.notifyListener0(DefaultPromise.java:604) ~[netty-common-4.2.17.Final.jar:4.2.17.Final]
		at io.netty.util.concurrent.DefaultPromise.notifyListeners0(DefaultPromise.java:597) ~[netty-common-4.2.17.Final.jar:4.2.17.Final]
		at io.netty.util.concurrent.DefaultPromise.notifyListenersNow(DefaultPromise.java:573) ~[netty-common-4.2.17.Final.jar:4.2.17.Final]
		at io.netty.util.concurrent.DefaultPromise.notifyListeners(DefaultPromise.java:506) ~[netty-common-4.2.17.Final.jar:4.2.17.Final]
		at io.netty.util.concurrent.DefaultPromise.setValue0(DefaultPromise.java:650) ~[netty-common-4.2.17.Final.jar:4.2.17.Final]
		at io.netty.util.concurrent.DefaultPromise.setSuccess0(DefaultPromise.java:639) ~[netty-common-4.2.17.Final.jar:4.2.17.Final]
		at io.netty.util.concurrent.DefaultPromise.trySuccess(DefaultPromise.java:119) ~[netty-common-4.2.17.Final.jar:4.2.17.Final]
		at io.netty.resolver.dns.DnsQueryContext.trySuccess(DnsQueryContext.java:305) ~[netty-resolver-dns-4.2.17.Final.jar:4.2.17.Final]
		at io.netty.resolver.dns.DnsQueryContext.finishSuccess(DnsQueryContext.java:296) ~[netty-resolver-dns-4.2.17.Final.jar:4.2.17.Final]
		at io.netty.resolver.dns.DnsNameResolver$DnsResponseHandler.channelRead(DnsNameResolver.java:1558) ~[netty-resolver-dns-4.2.17.Final.jar:4.2.17.Final]
		at io.netty.channel.AbstractChannelHandlerContext.fireChannelRead(AbstractChannelHandlerContext.java:357) ~[netty-transport-4.2.17.Final.jar:4.2.17.Final]
		at io.netty.handler.codec.MessageToMessageDecoder.channelRead(MessageToMessageDecoder.java:107) ~[netty-codec-base-4.2.17.Final.jar:4.2.17.Final]
		at io.netty.channel.AbstractChannelHandlerContext.fireChannelRead(AbstractChannelHandlerContext.java:357) ~[netty-transport-4.2.17.Final.jar:4.2.17.Final]
		at io.netty.channel.DefaultChannelPipeline$HeadContext.channelRead(DefaultChannelPipeline.java:1429) ~[netty-transport-4.2.17.Final.jar:4.2.17.Final]
		at io.netty.channel.DefaultChannelPipeline.fireChannelRead(DefaultChannelPipeline.java:918) ~[netty-transport-4.2.17.Final.jar:4.2.17.Final]
		at io.netty.channel.nio.AbstractNioMessageChannel$NioMessageUnsafe.read(AbstractNioMessageChannel.java:100) ~[netty-transport-4.2.17.Final.jar:4.2.17.Final]
		at io.netty.channel.nio.AbstractNioChannel$AbstractNioUnsafe.handle(AbstractNioChannel.java:445) ~[netty-transport-4.2.17.Final.jar:4.2.17.Final]
		at io.netty.channel.nio.NioIoHandler$DefaultNioRegistration.handle(NioIoHandler.java:388) ~[netty-transport-4.2.17.Final.jar:4.2.17.Final]
		at io.netty.channel.nio.NioIoHandler.processSelectedKey(NioIoHandler.java:596) ~[netty-transport-4.2.17.Final.jar:4.2.17.Final]
		at io.netty.channel.nio.NioIoHandler.processSelectedKeysOptimized(NioIoHandler.java:571) ~[netty-transport-4.2.17.Final.jar:4.2.17.Final]
		at io.netty.channel.nio.NioIoHandler.processSelectedKeys(NioIoHandler.java:512) ~[netty-transport-4.2.17.Final.jar:4.2.17.Final]
		at io.netty.channel.nio.NioIoHandler.run(NioIoHandler.java:484) ~[netty-transport-4.2.17.Final.jar:4.2.17.Final]
		at io.netty.channel.SingleThreadIoEventLoop.runIo(SingleThreadIoEventLoop.java:225) ~[netty-transport-4.2.17.Final.jar:4.2.17.Final]
		at io.netty.channel.SingleThreadIoEventLoop.run(SingleThreadIoEventLoop.java:196) ~[netty-transport-4.2.17.Final.jar:4.2.17.Final]
		at io.netty.util.concurrent.SingleThreadEventExecutor$5.run(SingleThreadEventExecutor.java:1204) ~[netty-common-4.2.17.Final.jar:4.2.17.Final]
		at io.netty.util.internal.ThreadExecutorMap$2.run(ThreadExecutorMap.java:74) ~[netty-common-4.2.17.Final.jar:4.2.17.Final]
		at io.netty.util.concurrent.FastThreadLocalRunnable.run(FastThreadLocalRunnable.java:30) ~[netty-common-4.2.17.Final.jar:4.2.17.Final]
		at java.base/java.lang.Thread.run(Thread.java:1447) ~[na:na]
Caused by: io.netty.resolver.dns.DnsErrorCauseException: Query failed with NXDOMAIN
	at io.netty.resolver.dns.DnsResolveContext.onResponse(..)(Unknown Source) ~[netty-resolver-dns-4.2.17.Final.jar:4.2.17.Final]

2026-10-07T21:03:16.951+02:00 ERROR 10220 --- [api-gateway] [reactor-http-nio-3] [                                                 ] b.w.a.e.AbstractErrorWebExceptionHandler : [f60df954-3]  500 Server Error for HTTP GET "/api/users"

java.net.UnknownHostException: Failed to resolve 'user-service' [A(1)]
	at io.netty.resolver.dns.DnsResolveContext.finishResolve(DnsResolveContext.java:1139) ~[netty-resolver-dns-4.2.17.Final.jar:4.2.17.Final]
	Suppressed: The stacktrace has been enhanced by Reactor, refer to additional information below: 
Error has been observed at the following site(s):
	*__checkpoint ⇢ org.springframework.cloud.gateway.filter.WeightCalculatorWebFilter@4be73fca
	*__checkpoint ⇢ HTTP GET "/api/users" [ExceptionHandlingWebHandler]
Original Stack Trace:
		at io.netty.resolver.dns.DnsResolveContext.finishResolve(DnsResolveContext.java:1139) ~[netty-resolver-dns-4.2.17.Final.jar:4.2.17.Final]
		at io.netty.resolver.dns.DnsResolveContext.tryToFinishResolve(DnsResolveContext.java:1086) ~[netty-resolver-dns-4.2.17.Final.jar:4.2.17.Final]
		at io.netty.resolver.dns.DnsResolveContext.query(DnsResolveContext.java:443) ~[netty-resolver-dns-4.2.17.Final.jar:4.2.17.Final]
		at io.netty.resolver.dns.DnsResolveContext.onResponse(DnsResolveContext.java:668) ~[netty-resolver-dns-4.2.17.Final.jar:4.2.17.Final]
		at io.netty.resolver.dns.DnsResolveContext.lambda$query$0(DnsResolveContext.java:499) ~[netty-resolver-dns-4.2.17.Final.jar:4.2.17.Final]
		at io.netty.util.concurrent.DefaultPromise.notifyListener0(DefaultPromise.java:604) ~[netty-common-4.2.17.Final.jar:4.2.17.Final]
		at io.netty.util.concurrent.DefaultPromise.notifyListeners0(DefaultPromise.java:597) ~[netty-common-4.2.17.Final.jar:4.2.17.Final]
		at io.netty.util.concurrent.DefaultPromise.notifyListenersNow(DefaultPromise.java:573) ~[netty-common-4.2.17.Final.jar:4.2.17.Final]
		at io.netty.util.concurrent.DefaultPromise.notifyListeners(DefaultPromise.java:506) ~[netty-common-4.2.17.Final.jar:4.2.17.Final]
		at io.netty.util.concurrent.DefaultPromise.setValue0(DefaultPromise.java:650) ~[netty-common-4.2.17.Final.jar:4.2.17.Final]
		at io.netty.util.concurrent.DefaultPromise.setSuccess0(DefaultPromise.java:639) ~[netty-common-4.2.17.Final.jar:4.2.17.Final]
		at io.netty.util.concurrent.DefaultPromise.trySuccess(DefaultPromise.java:119) ~[netty-common-4.2.17.Final.jar:4.2.17.Final]
		at io.netty.resolver.dns.DnsQueryContext.trySuccess(DnsQueryContext.java:305) ~[netty-resolver-dns-4.2.17.Final.jar:4.2.17.Final]
		at io.netty.resolver.dns.DnsQueryContext.finishSuccess(DnsQueryContext.java:296) ~[netty-resolver-dns-4.2.17.Final.jar:4.2.17.Final]
		at io.netty.resolver.dns.DnsNameResolver$DnsResponseHandler.channelRead(DnsNameResolver.java:1558) ~[netty-resolver-dns-4.2.17.Final.jar:4.2.17.Final]
		at io.netty.channel.AbstractChannelHandlerContext.fireChannelRead(AbstractChannelHandlerContext.java:357) ~[netty-transport-4.2.17.Final.jar:4.2.17.Final]
		at io.netty.handler.codec.MessageToMessageDecoder.channelRead(MessageToMessageDecoder.java:107) ~[netty-codec-base-4.2.17.Final.jar:4.2.17.Final]
		at io.netty.channel.AbstractChannelHandlerContext.fireChannelRead(AbstractChannelHandlerContext.java:357) ~[netty-transport-4.2.17.Final.jar:4.2.17.Final]
		at io.netty.channel.DefaultChannelPipeline$HeadContext.channelRead(DefaultChannelPipeline.java:1429) ~[netty-transport-4.2.17.Final.jar:4.2.17.Final]
		at io.netty.channel.DefaultChannelPipeline.fireChannelRead(DefaultChannelPipeline.java:918) ~[netty-transport-4.2.17.Final.jar:4.2.17.Final]
		at io.netty.channel.nio.AbstractNioMessageChannel$NioMessageUnsafe.read(AbstractNioMessageChannel.java:100) ~[netty-transport-4.2.17.Final.jar:4.2.17.Final]
		at io.netty.channel.nio.AbstractNioChannel$AbstractNioUnsafe.handle(AbstractNioChannel.java:445) ~[netty-transport-4.2.17.Final.jar:4.2.17.Final]
		at io.netty.channel.nio.NioIoHandler$DefaultNioRegistration.handle(NioIoHandler.java:388) ~[netty-transport-4.2.17.Final.jar:4.2.17.Final]
		at io.netty.channel.nio.NioIoHandler.processSelectedKey(NioIoHandler.java:596) ~[netty-transport-4.2.17.Final.jar:4.2.17.Final]
		at io.netty.channel.nio.NioIoHandler.processSelectedKeysOptimized(NioIoHandler.java:571) ~[netty-transport-4.2.17.Final.jar:4.2.17.Final]
		at io.netty.channel.nio.NioIoHandler.processSelectedKeys(NioIoHandler.java:512) ~[netty-transport-4.2.17.Final.jar:4.2.17.Final]
		at io.netty.channel.nio.NioIoHandler.run(NioIoHandler.java:484) ~[netty-transport-4.2.17.Final.jar:4.2.17.Final]
		at io.netty.channel.SingleThreadIoEventLoop.runIo(SingleThreadIoEventLoop.java:225) ~[netty-transport-4.2.17.Final.jar:4.2.17.Final]
		at io.netty.channel.SingleThreadIoEventLoop.run(SingleThreadIoEventLoop.java:196) ~[netty-transport-4.2.17.Final.jar:4.2.17.Final]
		at io.netty.util.concurrent.SingleThreadEventExecutor$5.run(SingleThreadEventExecutor.java:1204) ~[netty-common-4.2.17.Final.jar:4.2.17.Final]
		at io.netty.util.internal.ThreadExecutorMap$2.run(ThreadExecutorMap.java:74) ~[netty-common-4.2.17.Final.jar:4.2.17.Final]
		at io.netty.util.concurrent.FastThreadLocalRunnable.run(FastThreadLocalRunnable.java:30) ~[netty-common-4.2.17.Final.jar:4.2.17.Final]
		at java.base/java.lang.Thread.run(Thread.java:1447) ~[na:na]
Caused by: io.netty.resolver.dns.DnsErrorCauseException: Query failed with NXDOMAIN
	at io.netty.resolver.dns.DnsResolveContext.onResponse(..)(Unknown Source) ~[netty-resolver-dns-4.2.17.Final.jar:4.2.17.Final]

2026-10-07T21:03:29.518+02:00  INFO 10220 --- [api-gateway] [DiscoveryClient-CacheRefreshExecutor-%d] [                                                 ] com.netflix.discovery.DiscoveryClient    : Disable delta property : false
2026-10-07T21:03:29.519+02:00  INFO 10220 --- [api-gateway] [DiscoveryClient-CacheRefreshExecutor-%d] [                                                 ] com.netflix.discovery.DiscoveryClient    : Single vip registry refresh property : null
2026-10-07T21:03:29.519+02:00  INFO 10220 --- [api-gateway] [DiscoveryClient-CacheRefreshExecutor-%d] [                                                 ] com.netflix.discovery.DiscoveryClient    : Force full registry fetch : false
2026-10-07T21:03:29.519+02:00  INFO 10220 --- [api-gateway] [DiscoveryClient-CacheRefreshExecutor-%d] [                                                 ] com.netflix.discovery.DiscoveryClient    : Application is null : false
2026-10-07T21:03:29.519+02:00  INFO 10220 --- [api-gateway] [DiscoveryClient-CacheRefreshExecutor-%d] [                                                 ] com.netflix.discovery.DiscoveryClient    : Registered Applications size is zero : true
2026-10-07T21:03:29.519+02:00  INFO 10220 --- [api-gateway] [DiscoveryClient-CacheRefreshExecutor-%d] [                                                 ] com.netflix.discovery.DiscoveryClient    : Application version is -1: false
2026-10-07T21:03:29.519+02:00  INFO 10220 --- [api-gateway] [DiscoveryClient-CacheRefreshExecutor-%d] [                                                 ] com.netflix.discovery.DiscoveryClient    : Getting all instance registry info from the eureka server
2026-10-07T21:03:29.537+02:00  INFO 10220 --- [api-gateway] [DiscoveryClient-CacheRefreshExecutor-%d] [                                                 ] com.netflix.discovery.DiscoveryClient    : The response status is 200
2026-10-07T21:04:39.891+02:00 ERROR 10220 --- [api-gateway] [reactor-http-nio-3] [                                                 ] b.w.a.e.AbstractErrorWebExceptionHandler : [f1dd3458-4]  500 Server Error for HTTP GET "/api/users"

java.net.UnknownHostException: Failed to resolve 'user-service' [A(1)]
	at io.netty.resolver.dns.DnsResolveContext.finishResolve(DnsResolveContext.java:1139) ~[netty-resolver-dns-4.2.17.Final.jar:4.2.17.Final]
	Suppressed: The stacktrace has been enhanced by Reactor, refer to additional information below: 
Error has been observed at the following site(s):
	*__checkpoint ⇢ org.springframework.cloud.gateway.filter.WeightCalculatorWebFilter@4be73fca
	*__checkpoint ⇢ HTTP GET "/api/users" [ExceptionHandlingWebHandler]
Original Stack Trace:
		at io.netty.resolver.dns.DnsResolveContext.finishResolve(DnsResolveContext.java:1139) ~[netty-resolver-dns-4.2.17.Final.jar:4.2.17.Final]
		at io.netty.resolver.dns.DnsResolveContext.tryToFinishResolve(DnsResolveContext.java:1086) ~[netty-resolver-dns-4.2.17.Final.jar:4.2.17.Final]
		at io.netty.resolver.dns.DnsResolveContext.query(DnsResolveContext.java:443) ~[netty-resolver-dns-4.2.17.Final.jar:4.2.17.Final]
		at io.netty.resolver.dns.DnsResolveContext.onResponse(DnsResolveContext.java:668) ~[netty-resolver-dns-4.2.17.Final.jar:4.2.17.Final]
		at io.netty.resolver.dns.DnsResolveContext.lambda$query$0(DnsResolveContext.java:499) ~[netty-resolver-dns-4.2.17.Final.jar:4.2.17.Final]
		at io.netty.util.concurrent.DefaultPromise.notifyListener0(DefaultPromise.java:604) ~[netty-common-4.2.17.Final.jar:4.2.17.Final]
		at io.netty.util.concurrent.DefaultPromise.notifyListeners0(DefaultPromise.java:597) ~[netty-common-4.2.17.Final.jar:4.2.17.Final]
		at io.netty.util.concurrent.DefaultPromise.notifyListenersNow(DefaultPromise.java:573) ~[netty-common-4.2.17.Final.jar:4.2.17.Final]
		at io.netty.util.concurrent.DefaultPromise.notifyListeners(DefaultPromise.java:506) ~[netty-common-4.2.17.Final.jar:4.2.17.Final]
		at io.netty.util.concurrent.DefaultPromise.setValue0(DefaultPromise.java:650) ~[netty-common-4.2.17.Final.jar:4.2.17.Final]
		at io.netty.util.concurrent.DefaultPromise.setSuccess0(DefaultPromise.java:639) ~[netty-common-4.2.17.Final.jar:4.2.17.Final]
		at io.netty.util.concurrent.DefaultPromise.trySuccess(DefaultPromise.java:119) ~[netty-common-4.2.17.Final.jar:4.2.17.Final]
		at io.netty.resolver.dns.DnsQueryContext.trySuccess(DnsQueryContext.java:305) ~[netty-resolver-dns-4.2.17.Final.jar:4.2.17.Final]
		at io.netty.resolver.dns.DnsQueryContext.finishSuccess(DnsQueryContext.java:296) ~[netty-resolver-dns-4.2.17.Final.jar:4.2.17.Final]
		at io.netty.resolver.dns.DnsNameResolver$DnsResponseHandler.channelRead(DnsNameResolver.java:1558) ~[netty-resolver-dns-4.2.17.Final.jar:4.2.17.Final]
		at io.netty.channel.AbstractChannelHandlerContext.fireChannelRead(AbstractChannelHandlerContext.java:357) ~[netty-transport-4.2.17.Final.jar:4.2.17.Final]
		at io.netty.handler.codec.MessageToMessageDecoder.channelRead(MessageToMessageDecoder.java:107) ~[netty-codec-base-4.2.17.Final.jar:4.2.17.Final]
		at io.netty.channel.AbstractChannelHandlerContext.fireChannelRead(AbstractChannelHandlerContext.java:357) ~[netty-transport-4.2.17.Final.jar:4.2.17.Final]
		at io.netty.channel.DefaultChannelPipeline$HeadContext.channelRead(DefaultChannelPipeline.java:1429) ~[netty-transport-4.2.17.Final.jar:4.2.17.Final]
		at io.netty.channel.DefaultChannelPipeline.fireChannelRead(DefaultChannelPipeline.java:918) ~[netty-transport-4.2.17.Final.jar:4.2.17.Final]
		at io.netty.channel.nio.AbstractNioMessageChannel$NioMessageUnsafe.read(AbstractNioMessageChannel.java:100) ~[netty-transport-4.2.17.Final.jar:4.2.17.Final]
		at io.netty.channel.nio.AbstractNioChannel$AbstractNioUnsafe.handle(AbstractNioChannel.java:445) ~[netty-transport-4.2.17.Final.jar:4.2.17.Final]
		at io.netty.channel.nio.NioIoHandler$DefaultNioRegistration.handle(NioIoHandler.java:388) ~[netty-transport-4.2.17.Final.jar:4.2.17.Final]
		at io.netty.channel.nio.NioIoHandler.processSelectedKey(NioIoHandler.java:596) ~[netty-transport-4.2.17.Final.jar:4.2.17.Final]
		at io.netty.channel.nio.NioIoHandler.processSelectedKeysOptimized(NioIoHandler.java:571) ~[netty-transport-4.2.17.Final.jar:4.2.17.Final]
		at io.netty.channel.nio.NioIoHandler.processSelectedKeys(NioIoHandler.java:512) ~[netty-transport-4.2.17.Final.jar:4.2.17.Final]
		at io.netty.channel.nio.NioIoHandler.run(NioIoHandler.java:484) ~[netty-transport-4.2.17.Final.jar:4.2.17.Final]
		at io.netty.channel.SingleThreadIoEventLoop.runIo(SingleThreadIoEventLoop.java:225) ~[netty-transport-4.2.17.Final.jar:4.2.17.Final]
		at io.netty.channel.SingleThreadIoEventLoop.run(SingleThreadIoEventLoop.java:196) ~[netty-transport-4.2.17.Final.jar:4.2.17.Final]
		at io.netty.util.concurrent.SingleThreadEventExecutor$5.run(SingleThreadEventExecutor.java:1204) ~[netty-common-4.2.17.Final.jar:4.2.17.Final]
		at io.netty.util.internal.ThreadExecutorMap$2.run(ThreadExecutorMap.java:74) ~[netty-common-4.2.17.Final.jar:4.2.17.Final]
		at io.netty.util.concurrent.FastThreadLocalRunnable.run(FastThreadLocalRunnable.java:30) ~[netty-common-4.2.17.Final.jar:4.2.17.Final]
		at java.base/java.lang.Thread.run(Thread.java:1447) ~[na:na]
Caused by: io.netty.resolver.dns.DnsErrorCauseException: Query failed with NXDOMAIN
	at io.netty.resolver.dns.DnsResolveContext.onResponse(..)(Unknown Source) ~[netty-resolver-dns-4.2.17.Final.jar:4.2.17.Final]

2026-10-07T21:05:12.643+02:00  INFO 10220 --- [api-gateway] [SpringApplicationShutdownHook] [                                                 ] o.s.c.n.e.s.EurekaServiceRegistry        : Unregistering application API-GATEWAY with eureka with status DOWN
2026-10-07T21:05:12.644+02:00  INFO 10220 --- [api-gateway] [SpringApplicationShutdownHook] [                                                 ] com.netflix.discovery.DiscoveryClient    : Saw local status change event StatusChangeEvent [timestamp=1791399912644, current=DOWN, previous=UP]
2026-10-07T21:05:12.644+02:00  INFO 10220 --- [api-gateway] [DiscoveryClient-InstanceInfoReplicator-%d] [                                                 ] com.netflix.discovery.DiscoveryClient    : DiscoveryClient_API-GATEWAY/Kamil:api-gateway:8080: registering service...
2026-10-07T21:05:12.649+02:00  INFO 10220 --- [api-gateway] [SpringApplicationShutdownHook] [                                                 ] o.s.boot.reactor.netty.GracefulShutdown  : Commencing graceful shutdown. Waiting for active requests to complete
2026-10-07T21:05:12.652+02:00  INFO 10220 --- [api-gateway] [netty-shutdown] [                                                 ] o.s.boot.reactor.netty.GracefulShutdown  : Graceful shutdown complete
2026-10-07T21:05:12.655+02:00  INFO 10220 --- [api-gateway] [DiscoveryClient-InstanceInfoReplicator-%d] [                                                 ] com.netflix.discovery.DiscoveryClient    : DiscoveryClient_API-GATEWAY/Kamil:api-gateway:8080 - registration status: 204
2026-10-07T21:05:13.326+02:00  INFO 10220 --- [api-gateway] [SpringApplicationShutdownHook] [                                                 ] com.netflix.discovery.DiscoveryClient    : Shutting down DiscoveryClient ...
2026-10-07T21:05:16.328+02:00  INFO 10220 --- [api-gateway] [SpringApplicationShutdownHook] [                                                 ] com.netflix.discovery.DiscoveryClient    : Unregistering ...
2026-10-07T21:05:16.334+02:00  INFO 10220 --- [api-gateway] [SpringApplicationShutdownHook] [                                                 ] c.n.d.s.t.d.RedirectingEurekaHttpClient  : Request execution error. endpoint=DefaultEndpoint{ serviceUrl='http://localhost:8761/eureka/} exception=I/O error on DELETE request for "http://localhost:8761/eureka/apps/API-GATEWAY/Kamil:api-gateway:8080": Connect to http://localhost:8761 failed: Connection refused: getsockopt

org.springframework.web.client.ResourceAccessException: I/O error on DELETE request for "http://localhost:8761/eureka/apps/API-GATEWAY/Kamil:api-gateway:8080": Connect to http://localhost:8761 failed: Connection refused: getsockopt
	at org.springframework.web.client.DefaultRestClient$DefaultRequestBodyUriSpec.createResourceAccessException(DefaultRestClient.java:779) ~[spring-web-7.0.9.jar:7.0.9]
	at org.springframework.web.client.DefaultRestClient$DefaultRequestBodyUriSpec.exchangeInternal(DefaultRestClient.java:624) ~[spring-web-7.0.9.jar:7.0.9]
	at org.springframework.web.client.DefaultRestClient$DefaultRequestBodyUriSpec.exchange(DefaultRestClient.java:572) ~[spring-web-7.0.9.jar:7.0.9]
	at org.springframework.web.client.RestClient$RequestHeadersSpec.exchange(RestClient.java:747) ~[spring-web-7.0.9.jar:7.0.9]
	at org.springframework.web.client.DefaultRestClient$DefaultResponseSpec.executeAndExtract(DefaultRestClient.java:924) ~[spring-web-7.0.9.jar:7.0.9]
	at org.springframework.web.client.DefaultRestClient$DefaultResponseSpec.toBodilessEntity(DefaultRestClient.java:888) ~[spring-web-7.0.9.jar:7.0.9]
	at org.springframework.cloud.netflix.eureka.http.RestClientEurekaHttpClient.cancel(RestClientEurekaHttpClient.java:73) ~[spring-cloud-netflix-eureka-client-5.0.2.jar:5.0.2]
	at com.netflix.discovery.shared.transport.decorator.EurekaHttpClientDecorator$2.execute(EurekaHttpClientDecorator.java:74) ~[eureka-client-2.0.6.jar:2.0.6]
	at com.netflix.discovery.shared.transport.decorator.RedirectingEurekaHttpClient.execute(RedirectingEurekaHttpClient.java:90) ~[eureka-client-2.0.6.jar:2.0.6]
	at com.netflix.discovery.shared.transport.decorator.EurekaHttpClientDecorator.cancel(EurekaHttpClientDecorator.java:71) ~[eureka-client-2.0.6.jar:2.0.6]
	at com.netflix.discovery.shared.transport.decorator.EurekaHttpClientDecorator$2.execute(EurekaHttpClientDecorator.java:74) ~[eureka-client-2.0.6.jar:2.0.6]
	at com.netflix.discovery.shared.transport.decorator.RetryableEurekaHttpClient.execute(RetryableEurekaHttpClient.java:120) ~[eureka-client-2.0.6.jar:2.0.6]
	at com.netflix.discovery.shared.transport.decorator.EurekaHttpClientDecorator.cancel(EurekaHttpClientDecorator.java:71) ~[eureka-client-2.0.6.jar:2.0.6]
	at com.netflix.discovery.shared.transport.decorator.EurekaHttpClientDecorator$2.execute(EurekaHttpClientDecorator.java:74) ~[eureka-client-2.0.6.jar:2.0.6]
	at com.netflix.discovery.shared.transport.decorator.SessionedEurekaHttpClient.execute(SessionedEurekaHttpClient.java:76) ~[eureka-client-2.0.6.jar:2.0.6]
	at com.netflix.discovery.shared.transport.decorator.EurekaHttpClientDecorator.cancel(EurekaHttpClientDecorator.java:71) ~[eureka-client-2.0.6.jar:2.0.6]
	at com.netflix.discovery.DiscoveryClient.unregister(DiscoveryClient.java:934) ~[eureka-client-2.0.6.jar:2.0.6]
	at com.netflix.discovery.DiscoveryClient.shutdown(DiscoveryClient.java:915) ~[eureka-client-2.0.6.jar:2.0.6]
	at java.base/jdk.internal.reflect.DirectMethodHandleAccessor.invoke(DirectMethodHandleAccessor.java:104) ~[na:na]
	at java.base/java.lang.reflect.Method.invoke(Method.java:565) ~[na:na]
	at org.springframework.beans.factory.annotation.InitDestroyAnnotationBeanPostProcessor$LifecycleMethod.invoke(InitDestroyAnnotationBeanPostProcessor.java:453) ~[spring-beans-7.0.9.jar:7.0.9]
	at org.springframework.beans.factory.annotation.InitDestroyAnnotationBeanPostProcessor$LifecycleMetadata.invokeDestroyMethods(InitDestroyAnnotationBeanPostProcessor.java:411) ~[spring-beans-7.0.9.jar:7.0.9]
	at org.springframework.beans.factory.annotation.InitDestroyAnnotationBeanPostProcessor.postProcessBeforeDestruction(InitDestroyAnnotationBeanPostProcessor.java:237) ~[spring-beans-7.0.9.jar:7.0.9]
	at org.springframework.beans.factory.support.DisposableBeanAdapter.destroy(DisposableBeanAdapter.java:200) ~[spring-beans-7.0.9.jar:7.0.9]
	at org.springframework.beans.factory.support.DisposableBeanAdapter.run(DisposableBeanAdapter.java:193) ~[spring-beans-7.0.9.jar:7.0.9]
	at org.springframework.cloud.context.scope.GenericScope$BeanLifecycleWrapper.destroy(GenericScope.java:387) ~[spring-cloud-context-5.0.3.jar:5.0.3]
	at org.springframework.cloud.context.scope.GenericScope.destroy(GenericScope.java:134) ~[spring-cloud-context-5.0.3.jar:5.0.3]
	at org.springframework.beans.factory.support.DisposableBeanAdapter.destroy(DisposableBeanAdapter.java:209) ~[spring-beans-7.0.9.jar:7.0.9]
	at org.springframework.beans.factory.support.DefaultSingletonBeanRegistry.destroyBean(DefaultSingletonBeanRegistry.java:795) ~[spring-beans-7.0.9.jar:7.0.9]
	at org.springframework.beans.factory.support.DefaultSingletonBeanRegistry.destroySingleton(DefaultSingletonBeanRegistry.java:745) ~[spring-beans-7.0.9.jar:7.0.9]
	at org.springframework.beans.factory.support.DefaultListableBeanFactory.destroySingleton(DefaultListableBeanFactory.java:1507) ~[spring-beans-7.0.9.jar:7.0.9]
	at org.springframework.beans.factory.support.DefaultSingletonBeanRegistry.destroySingletons(DefaultSingletonBeanRegistry.java:704) ~[spring-beans-7.0.9.jar:7.0.9]
	at org.springframework.beans.factory.support.DefaultListableBeanFactory.destroySingletons(DefaultListableBeanFactory.java:1500) ~[spring-beans-7.0.9.jar:7.0.9]
	at org.springframework.context.support.AbstractApplicationContext.destroyBeans(AbstractApplicationContext.java:1246) ~[spring-context-7.0.9.jar:7.0.9]
	at org.springframework.context.support.AbstractApplicationContext.doClose(AbstractApplicationContext.java:1207) ~[spring-context-7.0.9.jar:7.0.9]
	at org.springframework.boot.web.server.reactive.context.ReactiveWebServerApplicationContext.doClose(ReactiveWebServerApplicationContext.java:158) ~[spring-boot-web-server-4.1.1.jar:4.1.1]
	at org.springframework.context.support.AbstractApplicationContext.close(AbstractApplicationContext.java:1153) ~[spring-context-7.0.9.jar:7.0.9]
	at org.springframework.boot.SpringApplicationShutdownHook.closeAndWait(SpringApplicationShutdownHook.java:147) ~[spring-boot-4.1.1.jar:4.1.1]
	at java.base/java.lang.Iterable.forEach(Iterable.java:75) ~[na:na]
	at org.springframework.boot.SpringApplicationShutdownHook.run(SpringApplicationShutdownHook.java:116) ~[spring-boot-4.1.1.jar:4.1.1]
	at java.base/java.lang.Thread.run(Thread.java:1447) ~[na:na]
Caused by: org.apache.hc.client5.http.HttpHostConnectException: Connect to http://localhost:8761 failed: Connection refused: getsockopt
	at java.base/sun.nio.ch.Net.pollConnect(Native Method) ~[na:na]
	at java.base/sun.nio.ch.Net.pollConnectNow(Net.java:628) ~[na:na]
	at java.base/sun.nio.ch.NioSocketImpl.timedFinishConnect(NioSocketImpl.java:533) ~[na:na]
	at java.base/sun.nio.ch.NioSocketImpl.connect(NioSocketImpl.java:583) ~[na:na]
	at java.base/java.net.SocksSocketImpl.connect(SocksSocketImpl.java:282) ~[na:na]
	at java.base/java.net.Socket.connect(Socket.java:665) ~[na:na]
	at org.apache.hc.client5.http.impl.io.DefaultHttpClientConnectionOperator.connect(DefaultHttpClientConnectionOperator.java:219) ~[httpclient5-5.6.4.jar:5.6.4]
	at org.apache.hc.client5.http.impl.io.PoolingHttpClientConnectionManager.connect(PoolingHttpClientConnectionManager.java:547) ~[httpclient5-5.6.4.jar:5.6.4]
	at org.apache.hc.client5.http.impl.classic.InternalExecRuntime.connectEndpoint(InternalExecRuntime.java:164) ~[httpclient5-5.6.4.jar:5.6.4]
	at org.apache.hc.client5.http.impl.classic.InternalExecRuntime.connectEndpoint(InternalExecRuntime.java:174) ~[httpclient5-5.6.4.jar:5.6.4]
	at org.apache.hc.client5.http.impl.classic.ConnectExec.execute(ConnectExec.java:144) ~[httpclient5-5.6.4.jar:5.6.4]
	at org.apache.hc.client5.http.impl.classic.ExecChainElement.execute(ExecChainElement.java:51) ~[httpclient5-5.6.4.jar:5.6.4]
	at org.apache.hc.client5.http.impl.classic.ProtocolExec.execute(ProtocolExec.java:192) ~[httpclient5-5.6.4.jar:5.6.4]
	at org.apache.hc.client5.http.impl.classic.ExecChainElement.execute(ExecChainElement.java:51) ~[httpclient5-5.6.4.jar:5.6.4]
	at org.apache.hc.client5.http.impl.classic.ContentCompressionExec.execute(ContentCompressionExec.java:138) ~[httpclient5-5.6.4.jar:5.6.4]
	at org.apache.hc.client5.http.impl.classic.ExecChainElement.execute(ExecChainElement.java:51) ~[httpclient5-5.6.4.jar:5.6.4]
	at org.apache.hc.client5.http.impl.classic.HttpRequestRetryExec.execute(HttpRequestRetryExec.java:112) ~[httpclient5-5.6.4.jar:5.6.4]
	at org.apache.hc.client5.http.impl.classic.ExecChainElement.execute(ExecChainElement.java:51) ~[httpclient5-5.6.4.jar:5.6.4]
	at org.apache.hc.client5.http.impl.classic.RedirectExec.execute(RedirectExec.java:110) ~[httpclient5-5.6.4.jar:5.6.4]
	at org.apache.hc.client5.http.impl.classic.ExecChainElement.execute(ExecChainElement.java:51) ~[httpclient5-5.6.4.jar:5.6.4]
	at org.apache.hc.client5.http.impl.classic.InternalHttpClient.doExecute(InternalHttpClient.java:186) ~[httpclient5-5.6.4.jar:5.6.4]
	at org.apache.hc.client5.http.impl.classic.CloseableHttpClient.execute(CloseableHttpClient.java:87) ~[httpclient5-5.6.4.jar:5.6.4]
	at org.apache.hc.client5.http.impl.classic.CloseableHttpClient.execute(CloseableHttpClient.java:55) ~[httpclient5-5.6.4.jar:5.6.4]
	at org.apache.hc.client5.http.classic.HttpClient.executeOpen(HttpClient.java:183) ~[httpclient5-5.6.4.jar:5.6.4]
	at org.springframework.http.client.HttpComponentsClientHttpRequest.executeInternal(HttpComponentsClientHttpRequest.java:99) ~[spring-web-7.0.9.jar:7.0.9]
	at org.springframework.http.client.AbstractStreamingClientHttpRequest.executeInternal(AbstractStreamingClientHttpRequest.java:87) ~[spring-web-7.0.9.jar:7.0.9]
	at org.springframework.http.client.AbstractClientHttpRequest.execute(AbstractClientHttpRequest.java:80) ~[spring-web-7.0.9.jar:7.0.9]
	at org.springframework.http.client.AbstractBufferingClientHttpRequest.executeWithRequestAndBody(AbstractBufferingClientHttpRequest.java:89) ~[spring-web-7.0.9.jar:7.0.9]
	at org.springframework.http.client.InterceptingClientHttpRequest$EndOfChainRequestExecution.execute(InterceptingClientHttpRequest.java:102) ~[spring-web-7.0.9.jar:7.0.9]
	at org.springframework.cloud.netflix.eureka.http.RestClientTransportClientFactory.lambda$newClient$2(RestClientTransportClientFactory.java:98) ~[spring-cloud-netflix-eureka-client-5.0.2.jar:5.0.2]
	at org.springframework.http.client.ClientHttpRequestInterceptor.lambda$apply$0(ClientHttpRequestInterceptor.java:89) ~[spring-web-7.0.9.jar:7.0.9]
	at org.springframework.http.client.InterceptingClientHttpRequest.executeInternal(InterceptingClientHttpRequest.java:73) ~[spring-web-7.0.9.jar:7.0.9]
	at org.springframework.http.client.AbstractBufferingClientHttpRequest.executeInternal(AbstractBufferingClientHttpRequest.java:50) ~[spring-web-7.0.9.jar:7.0.9]
	at org.springframework.http.client.AbstractClientHttpRequest.execute(AbstractClientHttpRequest.java:80) ~[spring-web-7.0.9.jar:7.0.9]
	at org.springframework.web.client.DefaultRestClient$DefaultRequestBodyUriSpec.exchangeInternal(DefaultRestClient.java:614) ~[spring-web-7.0.9.jar:7.0.9]
	... 39 common frames omitted

2026-10-07T21:05:16.337+02:00  WARN 10220 --- [api-gateway] [SpringApplicationShutdownHook] [                                                 ] c.n.d.s.t.d.RetryableEurekaHttpClient    : Request execution failed with message: I/O error on DELETE request for "http://localhost:8761/eureka/apps/API-GATEWAY/Kamil:api-gateway:8080": Connect to http://localhost:8761 failed: Connection refused: getsockopt
2026-10-07T21:05:16.345+02:00  INFO 10220 --- [api-gateway] [SpringApplicationShutdownHook] [                                                 ] c.n.d.s.t.d.RedirectingEurekaHttpClient  : Request execution error. endpoint=DefaultEndpoint{ serviceUrl='http://localhost:8761/eureka/}, exception=I/O error on DELETE request for "http://localhost:8761/eureka/apps/API-GATEWAY/Kamil:api-gateway:8080": Connect to http://localhost:8761 failed: Connection refused: getsockopt

org.springframework.web.client.ResourceAccessException: I/O error on DELETE request for "http://localhost:8761/eureka/apps/API-GATEWAY/Kamil:api-gateway:8080": Connect to http://localhost:8761 failed: Connection refused: getsockopt
	at org.springframework.web.client.DefaultRestClient$DefaultRequestBodyUriSpec.createResourceAccessException(DefaultRestClient.java:779) ~[spring-web-7.0.9.jar:7.0.9]
	at org.springframework.web.client.DefaultRestClient$DefaultRequestBodyUriSpec.exchangeInternal(DefaultRestClient.java:624) ~[spring-web-7.0.9.jar:7.0.9]
	at org.springframework.web.client.DefaultRestClient$DefaultRequestBodyUriSpec.exchange(DefaultRestClient.java:572) ~[spring-web-7.0.9.jar:7.0.9]
	at org.springframework.web.client.RestClient$RequestHeadersSpec.exchange(RestClient.java:747) ~[spring-web-7.0.9.jar:7.0.9]
	at org.springframework.web.client.DefaultRestClient$DefaultResponseSpec.executeAndExtract(DefaultRestClient.java:924) ~[spring-web-7.0.9.jar:7.0.9]
	at org.springframework.web.client.DefaultRestClient$DefaultResponseSpec.toBodilessEntity(DefaultRestClient.java:888) ~[spring-web-7.0.9.jar:7.0.9]
	at org.springframework.cloud.netflix.eureka.http.RestClientEurekaHttpClient.cancel(RestClientEurekaHttpClient.java:73) ~[spring-cloud-netflix-eureka-client-5.0.2.jar:5.0.2]
	at com.netflix.discovery.shared.transport.decorator.EurekaHttpClientDecorator$2.execute(EurekaHttpClientDecorator.java:74) ~[eureka-client-2.0.6.jar:2.0.6]
	at com.netflix.discovery.shared.transport.decorator.RedirectingEurekaHttpClient.executeOnNewServer(RedirectingEurekaHttpClient.java:120) ~[eureka-client-2.0.6.jar:2.0.6]
	at com.netflix.discovery.shared.transport.decorator.RedirectingEurekaHttpClient.execute(RedirectingEurekaHttpClient.java:79) ~[eureka-client-2.0.6.jar:2.0.6]
	at com.netflix.discovery.shared.transport.decorator.EurekaHttpClientDecorator.cancel(EurekaHttpClientDecorator.java:71) ~[eureka-client-2.0.6.jar:2.0.6]
	at com.netflix.discovery.shared.transport.decorator.EurekaHttpClientDecorator$2.execute(EurekaHttpClientDecorator.java:74) ~[eureka-client-2.0.6.jar:2.0.6]
	at com.netflix.discovery.shared.transport.decorator.RetryableEurekaHttpClient.execute(RetryableEurekaHttpClient.java:120) ~[eureka-client-2.0.6.jar:2.0.6]
	at com.netflix.discovery.shared.transport.decorator.EurekaHttpClientDecorator.cancel(EurekaHttpClientDecorator.java:71) ~[eureka-client-2.0.6.jar:2.0.6]
	at com.netflix.discovery.shared.transport.decorator.EurekaHttpClientDecorator$2.execute(EurekaHttpClientDecorator.java:74) ~[eureka-client-2.0.6.jar:2.0.6]
	at com.netflix.discovery.shared.transport.decorator.SessionedEurekaHttpClient.execute(SessionedEurekaHttpClient.java:76) ~[eureka-client-2.0.6.jar:2.0.6]
	at com.netflix.discovery.shared.transport.decorator.EurekaHttpClientDecorator.cancel(EurekaHttpClientDecorator.java:71) ~[eureka-client-2.0.6.jar:2.0.6]
	at com.netflix.discovery.DiscoveryClient.unregister(DiscoveryClient.java:934) ~[eureka-client-2.0.6.jar:2.0.6]
	at com.netflix.discovery.DiscoveryClient.shutdown(DiscoveryClient.java:915) ~[eureka-client-2.0.6.jar:2.0.6]
	at java.base/jdk.internal.reflect.DirectMethodHandleAccessor.invoke(DirectMethodHandleAccessor.java:104) ~[na:na]
	at java.base/java.lang.reflect.Method.invoke(Method.java:565) ~[na:na]
	at org.springframework.beans.factory.annotation.InitDestroyAnnotationBeanPostProcessor$LifecycleMethod.invoke(InitDestroyAnnotationBeanPostProcessor.java:453) ~[spring-beans-7.0.9.jar:7.0.9]
	at org.springframework.beans.factory.annotation.InitDestroyAnnotationBeanPostProcessor$LifecycleMetadata.invokeDestroyMethods(InitDestroyAnnotationBeanPostProcessor.java:411) ~[spring-beans-7.0.9.jar:7.0.9]
	at org.springframework.beans.factory.annotation.InitDestroyAnnotationBeanPostProcessor.postProcessBeforeDestruction(InitDestroyAnnotationBeanPostProcessor.java:237) ~[spring-beans-7.0.9.jar:7.0.9]
	at org.springframework.beans.factory.support.DisposableBeanAdapter.destroy(DisposableBeanAdapter.java:200) ~[spring-beans-7.0.9.jar:7.0.9]
	at org.springframework.beans.factory.support.DisposableBeanAdapter.run(DisposableBeanAdapter.java:193) ~[spring-beans-7.0.9.jar:7.0.9]
	at org.springframework.cloud.context.scope.GenericScope$BeanLifecycleWrapper.destroy(GenericScope.java:387) ~[spring-cloud-context-5.0.3.jar:5.0.3]
	at org.springframework.cloud.context.scope.GenericScope.destroy(GenericScope.java:134) ~[spring-cloud-context-5.0.3.jar:5.0.3]
	at org.springframework.beans.factory.support.DisposableBeanAdapter.destroy(DisposableBeanAdapter.java:209) ~[spring-beans-7.0.9.jar:7.0.9]
	at org.springframework.beans.factory.support.DefaultSingletonBeanRegistry.destroyBean(DefaultSingletonBeanRegistry.java:795) ~[spring-beans-7.0.9.jar:7.0.9]
	at org.springframework.beans.factory.support.DefaultSingletonBeanRegistry.destroySingleton(DefaultSingletonBeanRegistry.java:745) ~[spring-beans-7.0.9.jar:7.0.9]
	at org.springframework.beans.factory.support.DefaultListableBeanFactory.destroySingleton(DefaultListableBeanFactory.java:1507) ~[spring-beans-7.0.9.jar:7.0.9]
	at org.springframework.beans.factory.support.DefaultSingletonBeanRegistry.destroySingletons(DefaultSingletonBeanRegistry.java:704) ~[spring-beans-7.0.9.jar:7.0.9]
	at org.springframework.beans.factory.support.DefaultListableBeanFactory.destroySingletons(DefaultListableBeanFactory.java:1500) ~[spring-beans-7.0.9.jar:7.0.9]
	at org.springframework.context.support.AbstractApplicationContext.destroyBeans(AbstractApplicationContext.java:1246) ~[spring-context-7.0.9.jar:7.0.9]
	at org.springframework.context.support.AbstractApplicationContext.doClose(AbstractApplicationContext.java:1207) ~[spring-context-7.0.9.jar:7.0.9]
	at org.springframework.boot.web.server.reactive.context.ReactiveWebServerApplicationContext.doClose(ReactiveWebServerApplicationContext.java:158) ~[spring-boot-web-server-4.1.1.jar:4.1.1]
	at org.springframework.context.support.AbstractApplicationContext.close(AbstractApplicationContext.java:1153) ~[spring-context-7.0.9.jar:7.0.9]
	at org.springframework.boot.SpringApplicationShutdownHook.closeAndWait(SpringApplicationShutdownHook.java:147) ~[spring-boot-4.1.1.jar:4.1.1]
	at java.base/java.lang.Iterable.forEach(Iterable.java:75) ~[na:na]
	at org.springframework.boot.SpringApplicationShutdownHook.run(SpringApplicationShutdownHook.java:116) ~[spring-boot-4.1.1.jar:4.1.1]
	at java.base/java.lang.Thread.run(Thread.java:1447) ~[na:na]
Caused by: org.apache.hc.client5.http.HttpHostConnectException: Connect to http://localhost:8761 failed: Connection refused: getsockopt
	at java.base/sun.nio.ch.Net.pollConnect(Native Method) ~[na:na]
	at java.base/sun.nio.ch.Net.pollConnectNow(Net.java:628) ~[na:na]
	at java.base/sun.nio.ch.NioSocketImpl.timedFinishConnect(NioSocketImpl.java:533) ~[na:na]
	at java.base/sun.nio.ch.NioSocketImpl.connect(NioSocketImpl.java:583) ~[na:na]
	at java.base/java.net.SocksSocketImpl.connect(SocksSocketImpl.java:282) ~[na:na]
	at java.base/java.net.Socket.connect(Socket.java:665) ~[na:na]
	at org.apache.hc.client5.http.impl.io.DefaultHttpClientConnectionOperator.connect(DefaultHttpClientConnectionOperator.java:219) ~[httpclient5-5.6.4.jar:5.6.4]
	at org.apache.hc.client5.http.impl.io.PoolingHttpClientConnectionManager.connect(PoolingHttpClientConnectionManager.java:547) ~[httpclient5-5.6.4.jar:5.6.4]
	at org.apache.hc.client5.http.impl.classic.InternalExecRuntime.connectEndpoint(InternalExecRuntime.java:164) ~[httpclient5-5.6.4.jar:5.6.4]
	at org.apache.hc.client5.http.impl.classic.InternalExecRuntime.connectEndpoint(InternalExecRuntime.java:174) ~[httpclient5-5.6.4.jar:5.6.4]
	at org.apache.hc.client5.http.impl.classic.ConnectExec.execute(ConnectExec.java:144) ~[httpclient5-5.6.4.jar:5.6.4]
	at org.apache.hc.client5.http.impl.classic.ExecChainElement.execute(ExecChainElement.java:51) ~[httpclient5-5.6.4.jar:5.6.4]
	at org.apache.hc.client5.http.impl.classic.ProtocolExec.execute(ProtocolExec.java:192) ~[httpclient5-5.6.4.jar:5.6.4]
	at org.apache.hc.client5.http.impl.classic.ExecChainElement.execute(ExecChainElement.java:51) ~[httpclient5-5.6.4.jar:5.6.4]
	at org.apache.hc.client5.http.impl.classic.ContentCompressionExec.execute(ContentCompressionExec.java:138) ~[httpclient5-5.6.4.jar:5.6.4]
	at org.apache.hc.client5.http.impl.classic.ExecChainElement.execute(ExecChainElement.java:51) ~[httpclient5-5.6.4.jar:5.6.4]
	at org.apache.hc.client5.http.impl.classic.HttpRequestRetryExec.execute(HttpRequestRetryExec.java:112) ~[httpclient5-5.6.4.jar:5.6.4]
	at org.apache.hc.client5.http.impl.classic.ExecChainElement.execute(ExecChainElement.java:51) ~[httpclient5-5.6.4.jar:5.6.4]
	at org.apache.hc.client5.http.impl.classic.RedirectExec.execute(RedirectExec.java:110) ~[httpclient5-5.6.4.jar:5.6.4]
	at org.apache.hc.client5.http.impl.classic.ExecChainElement.execute(ExecChainElement.java:51) ~[httpclient5-5.6.4.jar:5.6.4]
	at org.apache.hc.client5.http.impl.classic.InternalHttpClient.doExecute(InternalHttpClient.java:186) ~[httpclient5-5.6.4.jar:5.6.4]
	at org.apache.hc.client5.http.impl.classic.CloseableHttpClient.execute(CloseableHttpClient.java:87) ~[httpclient5-5.6.4.jar:5.6.4]
	at org.apache.hc.client5.http.impl.classic.CloseableHttpClient.execute(CloseableHttpClient.java:55) ~[httpclient5-5.6.4.jar:5.6.4]
	at org.apache.hc.client5.http.classic.HttpClient.executeOpen(HttpClient.java:183) ~[httpclient5-5.6.4.jar:5.6.4]
	at org.springframework.http.client.HttpComponentsClientHttpRequest.executeInternal(HttpComponentsClientHttpRequest.java:99) ~[spring-web-7.0.9.jar:7.0.9]
	at org.springframework.http.client.AbstractStreamingClientHttpRequest.executeInternal(AbstractStreamingClientHttpRequest.java:87) ~[spring-web-7.0.9.jar:7.0.9]
	at org.springframework.http.client.AbstractClientHttpRequest.execute(AbstractClientHttpRequest.java:80) ~[spring-web-7.0.9.jar:7.0.9]
	at org.springframework.http.client.AbstractBufferingClientHttpRequest.executeWithRequestAndBody(AbstractBufferingClientHttpRequest.java:89) ~[spring-web-7.0.9.jar:7.0.9]
	at org.springframework.http.client.InterceptingClientHttpRequest$EndOfChainRequestExecution.execute(InterceptingClientHttpRequest.java:102) ~[spring-web-7.0.9.jar:7.0.9]
	at org.springframework.cloud.netflix.eureka.http.RestClientTransportClientFactory.lambda$newClient$2(RestClientTransportClientFactory.java:98) ~[spring-cloud-netflix-eureka-client-5.0.2.jar:5.0.2]
	at org.springframework.http.client.ClientHttpRequestInterceptor.lambda$apply$0(ClientHttpRequestInterceptor.java:89) ~[spring-web-7.0.9.jar:7.0.9]
	at org.springframework.http.client.InterceptingClientHttpRequest.executeInternal(InterceptingClientHttpRequest.java:73) ~[spring-web-7.0.9.jar:7.0.9]
	at org.springframework.http.client.AbstractBufferingClientHttpRequest.executeInternal(AbstractBufferingClientHttpRequest.java:50) ~[spring-web-7.0.9.jar:7.0.9]
	at org.springframework.http.client.AbstractClientHttpRequest.execute(AbstractClientHttpRequest.java:80) ~[spring-web-7.0.9.jar:7.0.9]
	at org.springframework.web.client.DefaultRestClient$DefaultRequestBodyUriSpec.exchangeInternal(DefaultRestClient.java:614) ~[spring-web-7.0.9.jar:7.0.9]
	... 40 common frames omitted

2026-10-07T21:05:16.348+02:00  WARN 10220 --- [api-gateway] [SpringApplicationShutdownHook] [                                                 ] c.n.d.s.t.d.RetryableEurekaHttpClient    : Request execution failed with message: I/O error on DELETE request for "http://localhost:8761/eureka/apps/API-GATEWAY/Kamil:api-gateway:8080": Connect to http://localhost:8761 failed: Connection refused: getsockopt
2026-10-07T21:05:16.348+02:00 ERROR 10220 --- [api-gateway] [SpringApplicationShutdownHook] [                                                 ] com.netflix.discovery.DiscoveryClient    : DiscoveryClient_API-GATEWAY/Kamil:api-gateway:8080 - de-registration failedCannot execute request on any known server

com.netflix.discovery.shared.transport.TransportException: Cannot execute request on any known server
	at com.netflix.discovery.shared.transport.decorator.RetryableEurekaHttpClient.execute(RetryableEurekaHttpClient.java:112) ~[eureka-client-2.0.6.jar:2.0.6]
	at com.netflix.discovery.shared.transport.decorator.EurekaHttpClientDecorator.cancel(EurekaHttpClientDecorator.java:71) ~[eureka-client-2.0.6.jar:2.0.6]
	at com.netflix.discovery.shared.transport.decorator.EurekaHttpClientDecorator$2.execute(EurekaHttpClientDecorator.java:74) ~[eureka-client-2.0.6.jar:2.0.6]
	at com.netflix.discovery.shared.transport.decorator.SessionedEurekaHttpClient.execute(SessionedEurekaHttpClient.java:76) ~[eureka-client-2.0.6.jar:2.0.6]
	at com.netflix.discovery.shared.transport.decorator.EurekaHttpClientDecorator.cancel(EurekaHttpClientDecorator.java:71) ~[eureka-client-2.0.6.jar:2.0.6]
	at com.netflix.discovery.DiscoveryClient.unregister(DiscoveryClient.java:934) ~[eureka-client-2.0.6.jar:2.0.6]
	at com.netflix.discovery.DiscoveryClient.shutdown(DiscoveryClient.java:915) ~[eureka-client-2.0.6.jar:2.0.6]
	at java.base/jdk.internal.reflect.DirectMethodHandleAccessor.invoke(DirectMethodHandleAccessor.java:104) ~[na:na]
	at java.base/java.lang.reflect.Method.invoke(Method.java:565) ~[na:na]
	at org.springframework.beans.factory.annotation.InitDestroyAnnotationBeanPostProcessor$LifecycleMethod.invoke(InitDestroyAnnotationBeanPostProcessor.java:453) ~[spring-beans-7.0.9.jar:7.0.9]
	at org.springframework.beans.factory.annotation.InitDestroyAnnotationBeanPostProcessor$LifecycleMetadata.invokeDestroyMethods(InitDestroyAnnotationBeanPostProcessor.java:411) ~[spring-beans-7.0.9.jar:7.0.9]
	at org.springframework.beans.factory.annotation.InitDestroyAnnotationBeanPostProcessor.postProcessBeforeDestruction(InitDestroyAnnotationBeanPostProcessor.java:237) ~[spring-beans-7.0.9.jar:7.0.9]
	at org.springframework.beans.factory.support.DisposableBeanAdapter.destroy(DisposableBeanAdapter.java:200) ~[spring-beans-7.0.9.jar:7.0.9]
	at org.springframework.beans.factory.support.DisposableBeanAdapter.run(DisposableBeanAdapter.java:193) ~[spring-beans-7.0.9.jar:7.0.9]
	at org.springframework.cloud.context.scope.GenericScope$BeanLifecycleWrapper.destroy(GenericScope.java:387) ~[spring-cloud-context-5.0.3.jar:5.0.3]
	at org.springframework.cloud.context.scope.GenericScope.destroy(GenericScope.java:134) ~[spring-cloud-context-5.0.3.jar:5.0.3]
	at org.springframework.beans.factory.support.DisposableBeanAdapter.destroy(DisposableBeanAdapter.java:209) ~[spring-beans-7.0.9.jar:7.0.9]
	at org.springframework.beans.factory.support.DefaultSingletonBeanRegistry.destroyBean(DefaultSingletonBeanRegistry.java:795) ~[spring-beans-7.0.9.jar:7.0.9]
	at org.springframework.beans.factory.support.DefaultSingletonBeanRegistry.destroySingleton(DefaultSingletonBeanRegistry.java:745) ~[spring-beans-7.0.9.jar:7.0.9]
	at org.springframework.beans.factory.support.DefaultListableBeanFactory.destroySingleton(DefaultListableBeanFactory.java:1507) ~[spring-beans-7.0.9.jar:7.0.9]
	at org.springframework.beans.factory.support.DefaultSingletonBeanRegistry.destroySingletons(DefaultSingletonBeanRegistry.java:704) ~[spring-beans-7.0.9.jar:7.0.9]
	at org.springframework.beans.factory.support.DefaultListableBeanFactory.destroySingletons(DefaultListableBeanFactory.java:1500) ~[spring-beans-7.0.9.jar:7.0.9]
	at org.springframework.context.support.AbstractApplicationContext.destroyBeans(AbstractApplicationContext.java:1246) ~[spring-context-7.0.9.jar:7.0.9]
	at org.springframework.context.support.AbstractApplicationContext.doClose(AbstractApplicationContext.java:1207) ~[spring-context-7.0.9.jar:7.0.9]
	at org.springframework.boot.web.server.reactive.context.ReactiveWebServerApplicationContext.doClose(ReactiveWebServerApplicationContext.java:158) ~[spring-boot-web-server-4.1.1.jar:4.1.1]
	at org.springframework.context.support.AbstractApplicationContext.close(AbstractApplicationContext.java:1153) ~[spring-context-7.0.9.jar:7.0.9]
	at org.springframework.boot.SpringApplicationShutdownHook.closeAndWait(SpringApplicationShutdownHook.java:147) ~[spring-boot-4.1.1.jar:4.1.1]
	at java.base/java.lang.Iterable.forEach(Iterable.java:75) ~[na:na]
	at org.springframework.boot.SpringApplicationShutdownHook.run(SpringApplicationShutdownHook.java:116) ~[spring-boot-4.1.1.jar:4.1.1]
	at java.base/java.lang.Thread.run(Thread.java:1447) ~[na:na]

2026-10-07T21:05:16.349+02:00  INFO 10220 --- [api-gateway] [SpringApplicationShutdownHook] [                                                 ] com.netflix.discovery.DiscoveryClient    : Completed shut down of DiscoveryClient
2026-10-07T21:06:06.132+02:00  INFO 22204 --- [api-gateway] [restartedMain] [                                                 ] c.ecommerce.gateway.GatewayApplication   : Starting GatewayApplication using Java 24.0.1 with PID 22204 (E:\Programy\Github\nowy-ecomerce\nowy\ecom\gateway\target\classes started by KPSzy in E:\Programy\Github\nowy-ecomerce\nowy\ecom)
2026-10-07T21:06:06.135+02:00  INFO 22204 --- [api-gateway] [restartedMain] [                                                 ] c.ecommerce.gateway.GatewayApplication   : No active profile set, falling back to 1 default profile: "default"
2026-10-07T21:06:06.187+02:00  INFO 22204 --- [api-gateway] [restartedMain] [                                                 ] o.s.c.c.c.ConfigServerConfigDataLoader   : Fetching config from server at : http://localhost:8888
2026-10-07T21:06:06.187+02:00  INFO 22204 --- [api-gateway] [restartedMain] [                                                 ] o.s.c.c.c.ConfigServerConfigDataLoader   : Located environment: name=api-gateway, profiles=[default], label=null, version=null, state=null
2026-10-07T21:06:06.190+02:00  INFO 22204 --- [api-gateway] [restartedMain] [                                                 ] .e.DevToolsPropertyDefaultsPostProcessor : Devtools property defaults active! Set 'spring.devtools.add-properties' to 'false' to disable
2026-10-07T21:06:07.259+02:00  INFO 22204 --- [api-gateway] [restartedMain] [                                                 ] o.s.cloud.context.scope.GenericScope     : BeanFactory id=eea85bbd-ac6c-3973-bd1a-7d34cde04504
2026-10-07T21:06:08.567+02:00  WARN 22204 --- [api-gateway] [restartedMain] [                                                 ] o.h.v.i.m.a.CascadingMetaDataBuilder     : HV000271: Using `@Valid` on a container (java.util.List) is deprecated. You should apply the annotation on the type argument(s). Affected element: routes
2026-10-07T21:06:08.617+02:00  WARN 22204 --- [api-gateway] [restartedMain] [                                                 ] o.h.v.i.m.a.CascadingMetaDataBuilder     : HV000271: Using `@Valid` on a container (java.util.List) is deprecated. You should apply the annotation on the type argument(s). Affected element: filters
2026-10-07T21:06:08.617+02:00  WARN 22204 --- [api-gateway] [restartedMain] [                                                 ] o.h.v.i.m.a.CascadingMetaDataBuilder     : HV000271: Using `@Valid` on a container (java.util.List) is deprecated. You should apply the annotation on the type argument(s). Affected element: predicates
2026-10-07T21:06:08.735+02:00  INFO 22204 --- [api-gateway] [restartedMain] [                                                 ] o.s.c.g.r.RouteDefinitionRouteLocator    : Loaded RoutePredicateFactory [After]
2026-10-07T21:06:08.736+02:00  INFO 22204 --- [api-gateway] [restartedMain] [                                                 ] o.s.c.g.r.RouteDefinitionRouteLocator    : Loaded RoutePredicateFactory [Before]
2026-10-07T21:06:08.736+02:00  INFO 22204 --- [api-gateway] [restartedMain] [                                                 ] o.s.c.g.r.RouteDefinitionRouteLocator    : Loaded RoutePredicateFactory [Between]
2026-10-07T21:06:08.736+02:00  INFO 22204 --- [api-gateway] [restartedMain] [                                                 ] o.s.c.g.r.RouteDefinitionRouteLocator    : Loaded RoutePredicateFactory [Cookie]
2026-10-07T21:06:08.736+02:00  INFO 22204 --- [api-gateway] [restartedMain] [                                                 ] o.s.c.g.r.RouteDefinitionRouteLocator    : Loaded RoutePredicateFactory [Header]
2026-10-07T21:06:08.736+02:00  INFO 22204 --- [api-gateway] [restartedMain] [                                                 ] o.s.c.g.r.RouteDefinitionRouteLocator    : Loaded RoutePredicateFactory [Host]
2026-10-07T21:06:08.736+02:00  INFO 22204 --- [api-gateway] [restartedMain] [                                                 ] o.s.c.g.r.RouteDefinitionRouteLocator    : Loaded RoutePredicateFactory [Method]
2026-10-07T21:06:08.736+02:00  INFO 22204 --- [api-gateway] [restartedMain] [                                                 ] o.s.c.g.r.RouteDefinitionRouteLocator    : Loaded RoutePredicateFactory [Path]
2026-10-07T21:06:08.736+02:00  INFO 22204 --- [api-gateway] [restartedMain] [                                                 ] o.s.c.g.r.RouteDefinitionRouteLocator    : Loaded RoutePredicateFactory [Query]
2026-10-07T21:06:08.737+02:00  INFO 22204 --- [api-gateway] [restartedMain] [                                                 ] o.s.c.g.r.RouteDefinitionRouteLocator    : Loaded RoutePredicateFactory [ReadBody]
2026-10-07T21:06:08.737+02:00  INFO 22204 --- [api-gateway] [restartedMain] [                                                 ] o.s.c.g.r.RouteDefinitionRouteLocator    : Loaded RoutePredicateFactory [RemoteAddr]
2026-10-07T21:06:08.737+02:00  INFO 22204 --- [api-gateway] [restartedMain] [                                                 ] o.s.c.g.r.RouteDefinitionRouteLocator    : Loaded RoutePredicateFactory [Version]
2026-10-07T21:06:08.737+02:00  INFO 22204 --- [api-gateway] [restartedMain] [                                                 ] o.s.c.g.r.RouteDefinitionRouteLocator    : Loaded RoutePredicateFactory [XForwardedRemoteAddr]
2026-10-07T21:06:08.737+02:00  INFO 22204 --- [api-gateway] [restartedMain] [                                                 ] o.s.c.g.r.RouteDefinitionRouteLocator    : Loaded RoutePredicateFactory [Weight]
2026-10-07T21:06:08.737+02:00  INFO 22204 --- [api-gateway] [restartedMain] [                                                 ] o.s.c.g.r.RouteDefinitionRouteLocator    : Loaded RoutePredicateFactory [CloudFoundryRouteService]
2026-10-07T21:06:09.228+02:00  INFO 22204 --- [api-gateway] [restartedMain] [                                                 ] DiscoveryClientOptionalArgsConfiguration : Eureka HTTP Client uses RestClient.
2026-10-07T21:06:09.308+02:00  INFO 22204 --- [api-gateway] [restartedMain] [                                                 ] o.s.c.n.eureka.InstanceInfoFactory       : Setting initial instance status as: STARTING
2026-10-07T21:06:09.325+02:00  INFO 22204 --- [api-gateway] [restartedMain] [                                                 ] com.netflix.discovery.DiscoveryClient    : Initializing Eureka in region us-east-1
2026-10-07T21:06:09.328+02:00  INFO 22204 --- [api-gateway] [restartedMain] [                                                 ] c.n.d.s.r.aws.ConfigClusterResolver      : Resolving eureka endpoints via configuration
2026-10-07T21:06:09.334+02:00  INFO 22204 --- [api-gateway] [restartedMain] [                                                 ] com.netflix.discovery.DiscoveryClient    : Disable delta property : false
2026-10-07T21:06:09.334+02:00  INFO 22204 --- [api-gateway] [restartedMain] [                                                 ] com.netflix.discovery.DiscoveryClient    : Single vip registry refresh property : null
2026-10-07T21:06:09.334+02:00  INFO 22204 --- [api-gateway] [restartedMain] [                                                 ] com.netflix.discovery.DiscoveryClient    : Force full registry fetch : false
2026-10-07T21:06:09.334+02:00  INFO 22204 --- [api-gateway] [restartedMain] [                                                 ] com.netflix.discovery.DiscoveryClient    : Application is null : false
2026-10-07T21:06:09.334+02:00  INFO 22204 --- [api-gateway] [restartedMain] [                                                 ] com.netflix.discovery.DiscoveryClient    : Registered Applications size is zero : true
2026-10-07T21:06:09.335+02:00  INFO 22204 --- [api-gateway] [restartedMain] [                                                 ] com.netflix.discovery.DiscoveryClient    : Application version is -1: true
2026-10-07T21:06:09.335+02:00  INFO 22204 --- [api-gateway] [restartedMain] [                                                 ] com.netflix.discovery.DiscoveryClient    : Getting all instance registry info from the eureka server
2026-10-07T21:06:09.548+02:00  INFO 22204 --- [api-gateway] [restartedMain] [                                                 ] com.netflix.discovery.DiscoveryClient    : The response status is 200
2026-10-07T21:06:09.549+02:00  INFO 22204 --- [api-gateway] [restartedMain] [                                                 ] com.netflix.discovery.DiscoveryClient    : Starting heartbeat executor: renew interval is: 30
2026-10-07T21:06:09.550+02:00  INFO 22204 --- [api-gateway] [restartedMain] [                                                 ] c.n.discovery.InstanceInfoReplicator     : InstanceInfoReplicator onDemand update allowed rate per min is 4
2026-10-07T21:06:09.552+02:00  INFO 22204 --- [api-gateway] [restartedMain] [                                                 ] com.netflix.discovery.DiscoveryClient    : Discovery Client initialized at timestamp 1791399969552 with initial instances count: 1
2026-10-07T21:06:09.556+02:00  INFO 22204 --- [api-gateway] [restartedMain] [                                                 ] o.s.c.n.e.s.EurekaServiceRegistry        : Registering application API-GATEWAY with eureka with status UP
2026-10-07T21:06:09.557+02:00  INFO 22204 --- [api-gateway] [restartedMain] [                                                 ] com.netflix.discovery.DiscoveryClient    : Saw local status change event StatusChangeEvent [timestamp=1791399969557, current=UP, previous=STARTING]
2026-10-07T21:06:09.559+02:00  INFO 22204 --- [api-gateway] [DiscoveryClient-InstanceInfoReplicator-%d] [                                                 ] com.netflix.discovery.DiscoveryClient    : DiscoveryClient_API-GATEWAY/Kamil:api-gateway:8080: registering service...
2026-10-07T21:06:09.594+02:00  INFO 22204 --- [api-gateway] [DiscoveryClient-InstanceInfoReplicator-%d] [                                                 ] com.netflix.discovery.DiscoveryClient    : DiscoveryClient_API-GATEWAY/Kamil:api-gateway:8080 - registration status: 204
2026-10-07T21:06:09.702+02:00  INFO 22204 --- [api-gateway] [restartedMain] [                                                 ] o.s.boot.reactor.netty.NettyWebServer    : Netty started on port 8080 (http)
2026-10-07T21:06:09.703+02:00  INFO 22204 --- [api-gateway] [restartedMain] [                                                 ] .s.c.n.e.s.EurekaAutoServiceRegistration : Updating port to 8080
2026-10-07T21:06:09.717+02:00  INFO 22204 --- [api-gateway] [restartedMain] [                                                 ] c.ecommerce.gateway.GatewayApplication   : Started GatewayApplication in 4.502 seconds (process running for 5.419)
2026-10-07T21:06:13.414+02:00  WARN 22204 --- [api-gateway] [reactor-http-nio-3] [                                                 ] c.l.c.ServiceInstanceListSupplierBuilder : LoadBalancerCacheManager not available, returning delegate without caching.
2026-10-07T21:06:22.014+02:00  WARN 22204 --- [api-gateway] [reactor-http-nio-3] [                                                 ] c.l.c.ServiceInstanceListSupplierBuilder : LoadBalancerCacheManager not available, returning delegate without caching.
2026-10-07T21:06:22.017+02:00  WARN 22204 --- [api-gateway] [reactor-http-nio-3] [                                                 ] o.s.c.l.core.RoundRobinLoadBalancer      : No servers available for service: product-service
2026-10-07T21:06:55.887+02:00  WARN 22204 --- [api-gateway] [reactor-http-nio-3] [                                                 ] o.s.c.l.core.RoundRobinLoadBalancer      : No servers available for service: product-service
2026-10-07T21:06:56.922+02:00  WARN 22204 --- [api-gateway] [reactor-http-nio-3] [                                                 ] o.s.c.l.core.RoundRobinLoadBalancer      : No servers available for service: product-service
2026-10-07T21:07:00.745+02:00  WARN 22204 --- [api-gateway] [reactor-http-nio-3] [                                                 ] o.s.c.l.core.RoundRobinLoadBalancer      : No servers available for service: product-service
2026-10-07T21:07:08.697+02:00  WARN 22204 --- [api-gateway] [reactor-http-nio-3] [                                                 ] o.s.c.l.core.RoundRobinLoadBalancer      : No servers available for service: product-service
2026-10-07T21:07:42.988+02:00  WARN 22204 --- [api-gateway] [reactor-http-nio-3] [                                                 ] c.l.c.ServiceInstanceListSupplierBuilder : LoadBalancerCacheManager not available, returning delegate without caching.
