2026-10-07T12:05:15.474+02:00  INFO 4972 --- [eureka-server] [restartedMain] c.e.e.EurekaserverApplication            : Starting EurekaserverApplication using Java 24.0.1 with PID 4972 (D:\GitHub\spirng-ecom-git\ecom\eurekaserver\target\classes started by KPSzy in D:\GitHub\spirng-ecom-git\ecom)
2026-10-07T12:05:15.478+02:00  INFO 4972 --- [eureka-server] [restartedMain] c.e.e.EurekaserverApplication            : No active profile set, falling back to 1 default profile: "default"
2026-10-07T12:05:15.540+02:00  INFO 4972 --- [eureka-server] [restartedMain] o.s.c.c.c.ConfigServerConfigDataLoader   : Fetching config from server at : http://localhost:8888
2026-10-07T12:05:15.540+02:00  INFO 4972 --- [eureka-server] [restartedMain] o.s.c.c.c.ConfigServerConfigDataLoader   : Located environment: name=eureka-server, profiles=[default], label=null, version=null, state=null
2026-10-07T12:05:15.553+02:00  INFO 4972 --- [eureka-server] [restartedMain] .e.DevToolsPropertyDefaultsPostProcessor : Devtools property defaults active! Set 'spring.devtools.add-properties' to 'false' to disable
2026-10-07T12:05:15.553+02:00  INFO 4972 --- [eureka-server] [restartedMain] .e.DevToolsPropertyDefaultsPostProcessor : For additional web related logging consider setting the 'logging.level.web' property to 'DEBUG'
2026-10-07T12:05:16.837+02:00  INFO 4972 --- [eureka-server] [restartedMain] o.s.cloud.context.scope.GenericScope     : BeanFactory id=f5dc4e4a-7480-3def-994a-1c196bf76909
2026-10-07T12:05:17.375+02:00  INFO 4972 --- [eureka-server] [restartedMain] o.s.boot.tomcat.TomcatWebServer          : Tomcat initialized with port 8761 (http)
2026-10-07T12:05:17.392+02:00  INFO 4972 --- [eureka-server] [restartedMain] o.apache.catalina.core.StandardService   : Starting service [Tomcat]
2026-10-07T12:05:17.393+02:00  INFO 4972 --- [eureka-server] [restartedMain] o.apache.catalina.core.StandardEngine    : Starting Servlet engine: [Apache Tomcat/11.0.24]
2026-10-07T12:05:17.452+02:00  INFO 4972 --- [eureka-server] [restartedMain] b.w.c.s.WebApplicationContextInitializer : Root WebApplicationContext: initialization completed in 1898 ms
2026-10-07T12:05:18.645+02:00  INFO 4972 --- [eureka-server] [restartedMain] c.n.d.provider.DiscoveryJerseyProvider   : Using JSON encoding codec LegacyJacksonJson
2026-10-07T12:05:18.645+02:00  INFO 4972 --- [eureka-server] [restartedMain] c.n.d.provider.DiscoveryJerseyProvider   : Using JSON decoding codec LegacyJacksonJson
2026-10-07T12:05:18.929+02:00  INFO 4972 --- [eureka-server] [restartedMain] c.n.d.provider.DiscoveryJerseyProvider   : Using XML encoding codec XStreamXml
2026-10-07T12:05:18.929+02:00  INFO 4972 --- [eureka-server] [restartedMain] c.n.d.provider.DiscoveryJerseyProvider   : Using XML decoding codec XStreamXml
2026-10-07T12:05:19.156+02:00  INFO 4972 --- [eureka-server] [restartedMain] o.s.v.b.OptionalValidatorFactoryBean     : Failed to set up a Bean Validation provider: jakarta.validation.NoProviderFoundException: Unable to create a Configuration, because no Jakarta Validation provider could be found. Add a provider like Hibernate Validator (RI) to your classpath.
2026-10-07T12:05:20.053+02:00  WARN 4972 --- [eureka-server] [restartedMain] iguration$LoadBalancerCaffeineWarnLogger : Spring Cloud LoadBalancer is currently working with the default cache. While this cache implementation is useful for development and tests, it's recommended to use Caffeine cache in production.You can switch to using Caffeine cache, by adding it and org.springframework.cache.caffeine.CaffeineCacheManager to the classpath.
2026-10-07T12:05:20.080+02:00  INFO 4972 --- [eureka-server] [restartedMain] o.s.c.n.eureka.InstanceInfoFactory       : Setting initial instance status as: STARTING
2026-10-07T12:05:20.109+02:00  INFO 4972 --- [eureka-server] [restartedMain] com.netflix.discovery.DiscoveryClient    : Initializing Eureka in region us-east-1
2026-10-07T12:05:20.109+02:00  INFO 4972 --- [eureka-server] [restartedMain] com.netflix.discovery.DiscoveryClient    : Client configured to neither register nor query for data.
2026-10-07T12:05:20.110+02:00  INFO 4972 --- [eureka-server] [restartedMain] com.netflix.discovery.DiscoveryClient    : Discovery Client initialized at timestamp 1791367520110 with initial instances count: 0
2026-10-07T12:05:20.159+02:00  INFO 4972 --- [eureka-server] [restartedMain] c.n.eureka.DefaultEurekaServerContext    : Initializing ...
2026-10-07T12:05:20.161+02:00  INFO 4972 --- [eureka-server] [restartedMain] c.n.eureka.cluster.PeerEurekaNodes       : Adding new peer nodes [http://localhost:8761/eureka/]
2026-10-07T12:05:20.314+02:00  INFO 4972 --- [eureka-server] [restartedMain] c.n.d.provider.DiscoveryJerseyProvider   : Using JSON encoding codec LegacyJacksonJson
2026-10-07T12:05:20.314+02:00  INFO 4972 --- [eureka-server] [restartedMain] c.n.d.provider.DiscoveryJerseyProvider   : Using JSON decoding codec LegacyJacksonJson
2026-10-07T12:05:20.314+02:00  INFO 4972 --- [eureka-server] [restartedMain] c.n.d.provider.DiscoveryJerseyProvider   : Using XML encoding codec XStreamXml
2026-10-07T12:05:20.314+02:00  INFO 4972 --- [eureka-server] [restartedMain] c.n.d.provider.DiscoveryJerseyProvider   : Using XML decoding codec XStreamXml
2026-10-07T12:05:20.366+02:00  INFO 4972 --- [eureka-server] [restartedMain] c.n.eureka.cluster.PeerEurekaNodes       : Replica node URL:  http://localhost:8761/eureka/
2026-10-07T12:05:20.376+02:00  INFO 4972 --- [eureka-server] [restartedMain] c.n.e.registry.AbstractInstanceRegistry  : Finished initializing remote region registries. All known remote regions: []
2026-10-07T12:05:20.376+02:00  INFO 4972 --- [eureka-server] [restartedMain] c.n.eureka.DefaultEurekaServerContext    : Initialized
2026-10-07T12:05:20.388+02:00  INFO 4972 --- [eureka-server] [restartedMain] o.s.b.a.e.web.EndpointLinksResolver      : Exposing 17 endpoints beneath base path '/actuator'
2026-10-07T12:05:20.465+02:00  INFO 4972 --- [eureka-server] [restartedMain] o.s.c.n.e.s.EurekaServiceRegistry        : Registering application EUREKA-SERVER with eureka with status UP
2026-10-07T12:05:20.479+02:00  INFO 4972 --- [eureka-server] [Thread-13] o.s.c.n.e.server.EurekaServerBootstrap   : isAws returned false
2026-10-07T12:05:20.481+02:00  INFO 4972 --- [eureka-server] [Thread-13] o.s.c.n.e.server.EurekaServerBootstrap   : Initialized server context
2026-10-07T12:05:20.482+02:00  INFO 4972 --- [eureka-server] [Thread-13] c.n.e.r.PeerAwareInstanceRegistryImpl    : Got 1 instances from neighboring DS node
2026-10-07T12:05:20.482+02:00  INFO 4972 --- [eureka-server] [Thread-13] c.n.e.r.PeerAwareInstanceRegistryImpl    : Renew threshold is: 1
2026-10-07T12:05:20.482+02:00  INFO 4972 --- [eureka-server] [Thread-13] c.n.e.r.PeerAwareInstanceRegistryImpl    : Changing status to UP
2026-10-07T12:05:20.486+02:00  INFO 4972 --- [eureka-server] [Thread-13] e.s.EurekaServerInitializerConfiguration : Started Eureka Server
2026-10-07T12:05:20.491+02:00  INFO 4972 --- [eureka-server] [restartedMain] o.s.boot.tomcat.TomcatWebServer          : Tomcat started on port 8761 (http) with context path '/'
2026-10-07T12:05:20.492+02:00  INFO 4972 --- [eureka-server] [restartedMain] .s.c.n.e.s.EurekaAutoServiceRegistration : Updating port to 8761
2026-10-07T12:05:20.510+02:00  INFO 4972 --- [eureka-server] [restartedMain] c.e.e.EurekaserverApplication            : Started EurekaserverApplication in 6.598 seconds (process running for 7.682)
2026-10-07T12:06:07.736+02:00  INFO 4972 --- [eureka-server] [http-nio-8761-exec-1] o.a.c.c.C.[Tomcat].[localhost].[/]       : Initializing Spring DispatcherServlet 'dispatcherServlet'
2026-10-07T12:06:07.739+02:00  INFO 4972 --- [eureka-server] [http-nio-8761-exec-1] o.s.web.servlet.DispatcherServlet        : Initializing Servlet 'dispatcherServlet'
2026-10-07T12:06:07.744+02:00  INFO 4972 --- [eureka-server] [http-nio-8761-exec-1] o.s.web.servlet.DispatcherServlet        : Completed initialization in 5 ms
2026-10-07T12:06:08.701+02:00  INFO 4972 --- [eureka-server] [http-nio-8761-exec-2] c.n.e.registry.AbstractInstanceRegistry  : Registered instance USER-SERVICE/DESKTOP-G2MFUNI.mshome.net:user-service:8082 with status UP (replication=false)
2026-10-07T12:06:09.654+02:00  INFO 4972 --- [eureka-server] [http-nio-8761-exec-3] c.n.e.registry.AbstractInstanceRegistry  : Registered instance USER-SERVICE/DESKTOP-G2MFUNI.mshome.net:user-service:8082 with status UP (replication=true)
2026-10-07T12:06:20.483+02:00  INFO 4972 --- [eureka-server] [Eureka-EvictionTimer] c.n.e.registry.AbstractInstanceRegistry  : Running the evict task with compensationTime 0ms
2026-10-07T12:06:20.541+02:00  INFO 4972 --- [eureka-server] [http-nio-8761-exec-5] c.n.e.registry.AbstractInstanceRegistry  : Registered instance USER-SERVICE/DESKTOP-G2MFUNI.mshome.net:user-service:8082 with status DOWN (replication=false)
2026-10-07T12:06:21.052+02:00  INFO 4972 --- [eureka-server] [http-nio-8761-exec-6] c.n.e.registry.AbstractInstanceRegistry  : Registered instance USER-SERVICE/DESKTOP-G2MFUNI.mshome.net:user-service:8082 with status DOWN (replication=true)
2026-10-07T12:06:24.644+02:00  INFO 4972 --- [eureka-server] [http-nio-8761-exec-4] c.n.e.registry.AbstractInstanceRegistry  : Cancelled instance USER-SERVICE/DESKTOP-G2MFUNI.mshome.net:user-service:8082 (replication=false)
2026-10-07T12:06:25.153+02:00  WARN 4972 --- [eureka-server] [http-nio-8761-exec-9] c.n.e.registry.AbstractInstanceRegistry  : DS: Registry: cancel failed because Lease is not registered for: USER-SERVICE/DESKTOP-G2MFUNI.mshome.net:user-service:8082
2026-10-07T12:06:25.153+02:00  INFO 4972 --- [eureka-server] [http-nio-8761-exec-9] c.n.eureka.resources.InstanceResource    : Not Found (Cancel): USER-SERVICE - DESKTOP-G2MFUNI.mshome.net:user-service:8082
2026-10-07T12:06:25.156+02:00  WARN 4972 --- [eureka-server] [TaskBatchingWorker-target_localhost-17] c.n.eureka.cluster.ReplicationTask       : The replication of task USER-SERVICE/DESKTOP-G2MFUNI.mshome.net:user-service:8082:Cancel@localhost failed with response code 404
2026-10-07T12:06:25.156+02:00  WARN 4972 --- [eureka-server] [TaskBatchingWorker-target_localhost-17] c.netflix.eureka.cluster.PeerEurekaNode  : USER-SERVICE/DESKTOP-G2MFUNI.mshome.net:user-service:8082:Cancel@localhost: missing entry.
2026-10-07T12:06:46.288+02:00  INFO 4972 --- [eureka-server] [http-nio-8761-exec-1] c.n.e.registry.AbstractInstanceRegistry  : Registered instance USER-SERVICE/DESKTOP-G2MFUNI.mshome.net:user-service:8082 with status UP (replication=false)
2026-10-07T12:06:46.821+02:00  INFO 4972 --- [eureka-server] [http-nio-8761-exec-2] c.n.e.registry.AbstractInstanceRegistry  : Registered instance USER-SERVICE/DESKTOP-G2MFUNI.mshome.net:user-service:8082 with status UP (replication=true)
2026-10-07T12:07:20.483+02:00  INFO 4972 --- [eureka-server] [Eureka-EvictionTimer] c.n.e.registry.AbstractInstanceRegistry  : Running the evict task with compensationTime 0ms
2026-10-07T12:08:20.484+02:00  INFO 4972 --- [eureka-server] [Eureka-EvictionTimer] c.n.e.registry.AbstractInstanceRegistry  : Running the evict task with compensationTime 0ms
2026-10-07T12:09:08.617+02:00  INFO 4972 --- [eureka-server] [http-nio-8761-exec-8] c.n.e.registry.AbstractInstanceRegistry  : Registered instance PRODUCT-SERVICE/DESKTOP-G2MFUNI.mshome.net:product-service:8081 with status UP (replication=false)
2026-10-07T12:09:09.125+02:00  INFO 4972 --- [eureka-server] [http-nio-8761-exec-4] c.n.e.registry.AbstractInstanceRegistry  : Registered instance PRODUCT-SERVICE/DESKTOP-G2MFUNI.mshome.net:product-service:8081 with status UP (replication=true)
2026-10-07T12:09:20.484+02:00  INFO 4972 --- [eureka-server] [Eureka-EvictionTimer] c.n.e.registry.AbstractInstanceRegistry  : Running the evict task with compensationTime 0ms
2026-10-07T12:10:20.484+02:00  INFO 4972 --- [eureka-server] [Eureka-EvictionTimer] c.n.e.registry.AbstractInstanceRegistry  : Running the evict task with compensationTime 0ms
2026-10-07T12:36:45.459+02:00  INFO 4972 --- [eureka-server] [Eureka-EvictionTimer] c.n.e.registry.AbstractInstanceRegistry  : Running the evict task with compensationTime 1524974ms
2026-10-07T12:37:45.459+02:00  INFO 4972 --- [eureka-server] [Eureka-EvictionTimer] c.n.e.registry.AbstractInstanceRegistry  : Running the evict task with compensationTime 0ms
2026-10-07T12:38:32.981+02:00  INFO 4972 --- [eureka-server] [SpringApplicationShutdownHook] o.s.c.n.e.s.EurekaServiceRegistry        : Unregistering application EUREKA-SERVER with eureka with status DOWN
2026-10-07T12:38:32.988+02:00  INFO 4972 --- [eureka-server] [SpringApplicationShutdownHook] o.s.boot.tomcat.GracefulShutdown         : Commencing graceful shutdown. Waiting for active requests to complete
2026-10-07T12:38:32.995+02:00  INFO 4972 --- [eureka-server] [tomcat-shutdown] o.s.boot.tomcat.GracefulShutdown         : Graceful shutdown complete
2026-10-07T12:38:32.997+02:00  INFO 4972 --- [eureka-server] [SpringApplicationShutdownHook] o.s.c.n.e.server.EurekaServerBootstrap   : Shutting down Eureka Server..
2026-10-07T12:38:32.997+02:00  INFO 4972 --- [eureka-server] [SpringApplicationShutdownHook] c.n.eureka.DefaultEurekaServerContext    : Shutting down ...
2026-10-07T12:38:33.001+02:00  INFO 4972 --- [eureka-server] [SpringApplicationShutdownHook] c.n.eureka.DefaultEurekaServerContext    : Shut down
2026-10-07T12:38:33.002+02:00  INFO 4972 --- [eureka-server] [SpringApplicationShutdownHook] o.s.c.n.e.server.EurekaServerBootstrap   : Eureka Service is now shutdown...
2026-10-07T12:38:33.002+02:00  INFO 4972 --- [eureka-server] [SpringApplicationShutdownHook] c.n.eureka.DefaultEurekaServerContext    : Shutting down ...
2026-10-07T12:38:33.002+02:00  INFO 4972 --- [eureka-server] [SpringApplicationShutdownHook] c.n.eureka.DefaultEurekaServerContext    : Shut down
2026-10-07T12:38:32.998+02:00 ERROR 4972 --- [eureka-server] [Eureka-Jersey3Client-Conn-Cleaner2] c.n.d.s.t.j.EurekaJersey3ClientImpl      : Cannot clean connections

java.lang.IllegalStateException: Client instance has been closed.
	at org.glassfish.jersey.internal.guava.Preconditions.checkState(Preconditions.java:169) ~[jersey-common-4.0.2.jar:na]
	at org.glassfish.jersey.client.JerseyClient.checkNotClosed(JerseyClient.java:248) ~[jersey-client-4.0.2.jar:na]
	at org.glassfish.jersey.client.JerseyClient.getConfiguration(JerseyClient.java:363) ~[jersey-client-4.0.2.jar:na]
	at org.glassfish.jersey.client.JerseyClient.getConfiguration(JerseyClient.java:54) ~[jersey-client-4.0.2.jar:na]
	at com.netflix.discovery.shared.transport.jersey3.EurekaJersey3ClientImpl$ConnectionCleanerTask.run(EurekaJersey3ClientImpl.java:338) ~[eureka-client-jersey3-2.0.6.jar:2.0.6]
	at java.base/java.util.concurrent.Executors$RunnableAdapter.call(Executors.java:545) ~[na:na]
	at java.base/java.util.concurrent.FutureTask.run(FutureTask.java:328) ~[na:na]
	at java.base/java.util.concurrent.ScheduledThreadPoolExecutor$ScheduledFutureTask.run(ScheduledThreadPoolExecutor.java:309) ~[na:na]
	at java.base/java.util.concurrent.ThreadPoolExecutor.runWorker(ThreadPoolExecutor.java:1095) ~[na:na]
	at java.base/java.util.concurrent.ThreadPoolExecutor$Worker.run(ThreadPoolExecutor.java:619) ~[na:na]
	at java.base/java.lang.Thread.run(Thread.java:1447) ~[na:na]

2026-10-07T12:38:33.009+02:00  INFO 4972 --- [eureka-server] [SpringApplicationShutdownHook] com.netflix.discovery.DiscoveryClient    : Shutting down DiscoveryClient ...
2026-10-07T12:38:33.010+02:00  INFO 4972 --- [eureka-server] [SpringApplicationShutdownHook] com.netflix.discovery.DiscoveryClient    : Completed shut down of DiscoveryClient
2026-10-07T12:38:37.006+02:00  INFO 12744 --- [eureka-server] [restartedMain] c.e.e.EurekaserverApplication            : Starting EurekaserverApplication using Java 24.0.1 with PID 12744 (D:\GitHub\spirng-ecom-git\ecom\eurekaserver\target\classes started by KPSzy in D:\GitHub\spirng-ecom-git\ecom)
2026-10-07T12:38:37.010+02:00  INFO 12744 --- [eureka-server] [restartedMain] c.e.e.EurekaserverApplication            : No active profile set, falling back to 1 default profile: "default"
2026-10-07T12:38:37.091+02:00  INFO 12744 --- [eureka-server] [restartedMain] o.s.c.c.c.ConfigServerConfigDataLoader   : Fetching config from server at : http://localhost:8888
2026-10-07T12:38:37.091+02:00  INFO 12744 --- [eureka-server] [restartedMain] o.s.c.c.c.ConfigServerConfigDataLoader   : Located environment: name=eureka-server, profiles=[default], label=null, version=null, state=null
2026-10-07T12:38:37.096+02:00  INFO 12744 --- [eureka-server] [restartedMain] .e.DevToolsPropertyDefaultsPostProcessor : Devtools property defaults active! Set 'spring.devtools.add-properties' to 'false' to disable
2026-10-07T12:38:37.097+02:00  INFO 12744 --- [eureka-server] [restartedMain] .e.DevToolsPropertyDefaultsPostProcessor : For additional web related logging consider setting the 'logging.level.web' property to 'DEBUG'
2026-10-07T12:38:38.691+02:00  INFO 12744 --- [eureka-server] [restartedMain] o.s.cloud.context.scope.GenericScope     : BeanFactory id=af114f12-fdcc-3bff-b742-fa72a93b0cd5
2026-10-07T12:38:39.344+02:00  INFO 12744 --- [eureka-server] [restartedMain] o.s.boot.tomcat.TomcatWebServer          : Tomcat initialized with port 8761 (http)
2026-10-07T12:38:39.366+02:00  INFO 12744 --- [eureka-server] [restartedMain] o.apache.catalina.core.StandardService   : Starting service [Tomcat]
2026-10-07T12:38:39.367+02:00  INFO 12744 --- [eureka-server] [restartedMain] o.apache.catalina.core.StandardEngine    : Starting Servlet engine: [Apache Tomcat/11.0.24]
2026-10-07T12:38:39.451+02:00  INFO 12744 --- [eureka-server] [restartedMain] b.w.c.s.WebApplicationContextInitializer : Root WebApplicationContext: initialization completed in 2351 ms
2026-10-07T12:38:40.624+02:00  INFO 12744 --- [eureka-server] [restartedMain] c.n.d.provider.DiscoveryJerseyProvider   : Using JSON encoding codec LegacyJacksonJson
2026-10-07T12:38:40.625+02:00  INFO 12744 --- [eureka-server] [restartedMain] c.n.d.provider.DiscoveryJerseyProvider   : Using JSON decoding codec LegacyJacksonJson
2026-10-07T12:38:40.927+02:00  INFO 12744 --- [eureka-server] [restartedMain] c.n.d.provider.DiscoveryJerseyProvider   : Using XML encoding codec XStreamXml
2026-10-07T12:38:40.928+02:00  INFO 12744 --- [eureka-server] [restartedMain] c.n.d.provider.DiscoveryJerseyProvider   : Using XML decoding codec XStreamXml
2026-10-07T12:38:41.139+02:00  INFO 12744 --- [eureka-server] [restartedMain] o.s.v.b.OptionalValidatorFactoryBean     : Failed to set up a Bean Validation provider: jakarta.validation.NoProviderFoundException: Unable to create a Configuration, because no Jakarta Validation provider could be found. Add a provider like Hibernate Validator (RI) to your classpath.
2026-10-07T12:38:41.915+02:00  INFO 12744 --- [eureka-server] [restartedMain] o.s.c.n.eureka.InstanceInfoFactory       : Setting initial instance status as: STARTING
2026-10-07T12:38:41.932+02:00  INFO 12744 --- [eureka-server] [restartedMain] com.netflix.discovery.DiscoveryClient    : Initializing Eureka in region us-east-1
2026-10-07T12:38:41.932+02:00  INFO 12744 --- [eureka-server] [restartedMain] com.netflix.discovery.DiscoveryClient    : Client configured to neither register nor query for data.
2026-10-07T12:38:41.934+02:00  INFO 12744 --- [eureka-server] [restartedMain] com.netflix.discovery.DiscoveryClient    : Discovery Client initialized at timestamp 1791369521933 with initial instances count: 0
2026-10-07T12:38:41.968+02:00  INFO 12744 --- [eureka-server] [restartedMain] c.n.eureka.DefaultEurekaServerContext    : Initializing ...
2026-10-07T12:38:41.970+02:00  INFO 12744 --- [eureka-server] [restartedMain] c.n.eureka.cluster.PeerEurekaNodes       : Adding new peer nodes [http://localhost:8761/eureka/]
2026-10-07T12:38:42.086+02:00  INFO 12744 --- [eureka-server] [restartedMain] c.n.d.provider.DiscoveryJerseyProvider   : Using JSON encoding codec LegacyJacksonJson
2026-10-07T12:38:42.086+02:00  INFO 12744 --- [eureka-server] [restartedMain] c.n.d.provider.DiscoveryJerseyProvider   : Using JSON decoding codec LegacyJacksonJson
2026-10-07T12:38:42.086+02:00  INFO 12744 --- [eureka-server] [restartedMain] c.n.d.provider.DiscoveryJerseyProvider   : Using XML encoding codec XStreamXml
2026-10-07T12:38:42.086+02:00  INFO 12744 --- [eureka-server] [restartedMain] c.n.d.provider.DiscoveryJerseyProvider   : Using XML decoding codec XStreamXml
2026-10-07T12:38:42.123+02:00  INFO 12744 --- [eureka-server] [restartedMain] c.n.eureka.cluster.PeerEurekaNodes       : Replica node URL:  http://localhost:8761/eureka/
2026-10-07T12:38:42.132+02:00  INFO 12744 --- [eureka-server] [restartedMain] c.n.e.registry.AbstractInstanceRegistry  : Finished initializing remote region registries. All known remote regions: []
2026-10-07T12:38:42.133+02:00  INFO 12744 --- [eureka-server] [restartedMain] c.n.eureka.DefaultEurekaServerContext    : Initialized
2026-10-07T12:38:42.156+02:00  INFO 12744 --- [eureka-server] [restartedMain] o.s.b.a.e.web.EndpointLinksResolver      : Exposing 17 endpoints beneath base path '/actuator'
2026-10-07T12:38:42.252+02:00  INFO 12744 --- [eureka-server] [restartedMain] o.s.c.n.e.s.EurekaServiceRegistry        : Registering application EUREKA-SERVER with eureka with status UP
2026-10-07T12:38:42.268+02:00  INFO 12744 --- [eureka-server] [Thread-13] o.s.c.n.e.server.EurekaServerBootstrap   : isAws returned false
2026-10-07T12:38:42.269+02:00  INFO 12744 --- [eureka-server] [Thread-13] o.s.c.n.e.server.EurekaServerBootstrap   : Initialized server context
2026-10-07T12:38:42.270+02:00  INFO 12744 --- [eureka-server] [Thread-13] c.n.e.r.PeerAwareInstanceRegistryImpl    : Got 1 instances from neighboring DS node
2026-10-07T12:38:42.270+02:00  INFO 12744 --- [eureka-server] [Thread-13] c.n.e.r.PeerAwareInstanceRegistryImpl    : Renew threshold is: 1
2026-10-07T12:38:42.270+02:00  INFO 12744 --- [eureka-server] [Thread-13] c.n.e.r.PeerAwareInstanceRegistryImpl    : Changing status to UP
2026-10-07T12:38:42.273+02:00  INFO 12744 --- [eureka-server] [Thread-13] e.s.EurekaServerInitializerConfiguration : Started Eureka Server
2026-10-07T12:38:42.282+02:00  INFO 12744 --- [eureka-server] [restartedMain] o.s.boot.tomcat.TomcatWebServer          : Tomcat started on port 8761 (http) with context path '/'
2026-10-07T12:38:42.283+02:00  INFO 12744 --- [eureka-server] [restartedMain] .s.c.n.e.s.EurekaAutoServiceRegistration : Updating port to 8761
2026-10-07T12:38:42.302+02:00  INFO 12744 --- [eureka-server] [restartedMain] c.e.e.EurekaserverApplication            : Started EurekaserverApplication in 7.034 seconds (process running for 8.048)
2026-10-07T12:39:03.783+02:00  INFO 12744 --- [eureka-server] [http-nio-8761-exec-1] o.a.c.c.C.[Tomcat].[localhost].[/]       : Initializing Spring DispatcherServlet 'dispatcherServlet'
2026-10-07T12:39:03.783+02:00  INFO 12744 --- [eureka-server] [http-nio-8761-exec-1] o.s.web.servlet.DispatcherServlet        : Initializing Servlet 'dispatcherServlet'
2026-10-07T12:39:03.785+02:00  INFO 12744 --- [eureka-server] [http-nio-8761-exec-1] o.s.web.servlet.DispatcherServlet        : Completed initialization in 2 ms
2026-10-07T12:39:03.886+02:00  WARN 12744 --- [eureka-server] [http-nio-8761-exec-2] c.n.e.registry.AbstractInstanceRegistry  : DS: Registry: lease doesn't exist, registering resource: PRODUCT-SERVICE - DESKTOP-G2MFUNI.mshome.net:product-service:8081
2026-10-07T12:39:03.888+02:00  WARN 12744 --- [eureka-server] [http-nio-8761-exec-2] c.n.eureka.resources.InstanceResource    : Not Found (Renew): PRODUCT-SERVICE - DESKTOP-G2MFUNI.mshome.net:product-service:8081
2026-10-07T12:39:04.113+02:00  INFO 12744 --- [eureka-server] [http-nio-8761-exec-4] c.n.e.registry.AbstractInstanceRegistry  : Registered instance PRODUCT-SERVICE/DESKTOP-G2MFUNI.mshome.net:product-service:8081 with status UP (replication=false)
2026-10-07T12:39:04.751+02:00  INFO 12744 --- [eureka-server] [http-nio-8761-exec-5] c.n.e.registry.AbstractInstanceRegistry  : Registered instance PRODUCT-SERVICE/DESKTOP-G2MFUNI.mshome.net:product-service:8081 with status UP (replication=true)
2026-10-07T12:39:11.339+02:00  WARN 12744 --- [eureka-server] [http-nio-8761-exec-6] c.n.e.registry.AbstractInstanceRegistry  : DS: Registry: lease doesn't exist, registering resource: USER-SERVICE - DESKTOP-G2MFUNI.mshome.net:user-service:8082
2026-10-07T12:39:11.339+02:00  WARN 12744 --- [eureka-server] [http-nio-8761-exec-6] c.n.eureka.resources.InstanceResource    : Not Found (Renew): USER-SERVICE - DESKTOP-G2MFUNI.mshome.net:user-service:8082
2026-10-07T12:39:11.357+02:00  INFO 12744 --- [eureka-server] [http-nio-8761-exec-9] c.n.e.registry.AbstractInstanceRegistry  : Registered instance USER-SERVICE/DESKTOP-G2MFUNI.mshome.net:user-service:8082 with status UP (replication=false)
2026-10-07T12:39:11.867+02:00  INFO 12744 --- [eureka-server] [http-nio-8761-exec-10] c.n.e.registry.AbstractInstanceRegistry  : Registered instance USER-SERVICE/DESKTOP-G2MFUNI.mshome.net:user-service:8082 with status UP (replication=true)
2026-10-07T12:39:42.271+02:00  INFO 12744 --- [eureka-server] [Eureka-EvictionTimer] c.n.e.registry.AbstractInstanceRegistry  : Running the evict task with compensationTime 0ms
2026-10-07T12:40:42.286+02:00  INFO 12744 --- [eureka-server] [Eureka-EvictionTimer] c.n.e.registry.AbstractInstanceRegistry  : Running the evict task with compensationTime 15ms
2026-10-07T12:41:42.287+02:00  INFO 12744 --- [eureka-server] [Eureka-EvictionTimer] c.n.e.registry.AbstractInstanceRegistry  : Running the evict task with compensationTime 0ms
2026-10-07T12:42:42.294+02:00  INFO 12744 --- [eureka-server] [Eureka-EvictionTimer] c.n.e.registry.AbstractInstanceRegistry  : Running the evict task with compensationTime 7ms
2026-10-07T12:43:42.295+02:00  INFO 12744 --- [eureka-server] [Eureka-EvictionTimer] c.n.e.registry.AbstractInstanceRegistry  : Running the evict task with compensationTime 1ms
2026-10-07T12:44:42.296+02:00  INFO 12744 --- [eureka-server] [Eureka-EvictionTimer] c.n.e.registry.AbstractInstanceRegistry  : Running the evict task with compensationTime 0ms
2026-10-07T12:45:42.296+02:00  INFO 12744 --- [eureka-server] [Eureka-EvictionTimer] c.n.e.registry.AbstractInstanceRegistry  : Running the evict task with compensationTime 0ms
2026-10-07T12:46:42.303+02:00  INFO 12744 --- [eureka-server] [Eureka-EvictionTimer] c.n.e.registry.AbstractInstanceRegistry  : Running the evict task with compensationTime 6ms
2026-10-07T12:54:04.579+02:00  INFO 12744 --- [eureka-server] [Eureka-EvictionTimer] c.n.e.registry.AbstractInstanceRegistry  : Running the evict task with compensationTime 382276ms
2026-10-07T12:55:04.579+02:00  INFO 12744 --- [eureka-server] [Eureka-EvictionTimer] c.n.e.registry.AbstractInstanceRegistry  : Running the evict task with compensationTime 0ms
2026-10-07T12:56:03.625+02:00  INFO 12744 --- [eureka-server] [SpringApplicationShutdownHook] o.s.c.n.e.s.EurekaServiceRegistry        : Unregistering application EUREKA-SERVER with eureka with status DOWN
2026-10-07T12:56:03.645+02:00  INFO 12744 --- [eureka-server] [SpringApplicationShutdownHook] o.s.boot.tomcat.GracefulShutdown         : Commencing graceful shutdown. Waiting for active requests to complete
2026-10-07T12:56:03.655+02:00  INFO 12744 --- [eureka-server] [tomcat-shutdown] o.s.boot.tomcat.GracefulShutdown         : Graceful shutdown complete
2026-10-07T12:56:03.660+02:00  INFO 12744 --- [eureka-server] [SpringApplicationShutdownHook] o.s.c.n.e.server.EurekaServerBootstrap   : Shutting down Eureka Server..
2026-10-07T12:56:03.660+02:00  INFO 12744 --- [eureka-server] [SpringApplicationShutdownHook] c.n.eureka.DefaultEurekaServerContext    : Shutting down ...
2026-10-07T12:56:03.672+02:00  INFO 12744 --- [eureka-server] [SpringApplicationShutdownHook] c.n.eureka.DefaultEurekaServerContext    : Shut down
2026-10-07T12:56:03.673+02:00  INFO 12744 --- [eureka-server] [SpringApplicationShutdownHook] o.s.c.n.e.server.EurekaServerBootstrap   : Eureka Service is now shutdown...
2026-10-07T12:56:03.674+02:00  INFO 12744 --- [eureka-server] [SpringApplicationShutdownHook] c.n.eureka.DefaultEurekaServerContext    : Shutting down ...
2026-10-07T12:56:03.675+02:00  INFO 12744 --- [eureka-server] [SpringApplicationShutdownHook] c.n.eureka.DefaultEurekaServerContext    : Shut down
2026-10-07T12:56:03.663+02:00 ERROR 12744 --- [eureka-server] [Eureka-Jersey3Client-Conn-Cleaner2] c.n.d.s.t.j.EurekaJersey3ClientImpl      : Cannot clean connections

java.lang.IllegalStateException: Client instance has been closed.
	at org.glassfish.jersey.internal.guava.Preconditions.checkState(Preconditions.java:169) ~[jersey-common-4.0.2.jar:na]
	at org.glassfish.jersey.client.JerseyClient.checkNotClosed(JerseyClient.java:248) ~[jersey-client-4.0.2.jar:na]
	at org.glassfish.jersey.client.JerseyClient.getConfiguration(JerseyClient.java:363) ~[jersey-client-4.0.2.jar:na]
	at org.glassfish.jersey.client.JerseyClient.getConfiguration(JerseyClient.java:54) ~[jersey-client-4.0.2.jar:na]
	at com.netflix.discovery.shared.transport.jersey3.EurekaJersey3ClientImpl$ConnectionCleanerTask.run(EurekaJersey3ClientImpl.java:338) ~[eureka-client-jersey3-2.0.6.jar:2.0.6]
	at java.base/java.util.concurrent.Executors$RunnableAdapter.call(Executors.java:545) ~[na:na]
	at java.base/java.util.concurrent.FutureTask.run(FutureTask.java:328) ~[na:na]
	at java.base/java.util.concurrent.ScheduledThreadPoolExecutor$ScheduledFutureTask.run(ScheduledThreadPoolExecutor.java:309) ~[na:na]
	at java.base/java.util.concurrent.ThreadPoolExecutor.runWorker(ThreadPoolExecutor.java:1095) ~[na:na]
	at java.base/java.util.concurrent.ThreadPoolExecutor$Worker.run(ThreadPoolExecutor.java:619) ~[na:na]
	at java.base/java.lang.Thread.run(Thread.java:1447) ~[na:na]

2026-10-07T12:56:03.684+02:00  INFO 12744 --- [eureka-server] [SpringApplicationShutdownHook] com.netflix.discovery.DiscoveryClient    : Shutting down DiscoveryClient ...
2026-10-07T12:56:03.684+02:00  INFO 12744 --- [eureka-server] [SpringApplicationShutdownHook] com.netflix.discovery.DiscoveryClient    : Completed shut down of DiscoveryClient
2026-10-07T18:54:17.901+02:00  INFO 21552 --- [eureka-server] [restartedMain] c.e.e.EurekaserverApplication            : Starting EurekaserverApplication using Java 24.0.1 with PID 21552 (E:\Programy\Github\nowy-ecomerce\nowy\ecom\eurekaserver\target\classes started by KPSzy in E:\Programy\Github\nowy-ecomerce\nowy\ecom)
2026-10-07T18:54:17.904+02:00  INFO 21552 --- [eureka-server] [restartedMain] c.e.e.EurekaserverApplication            : No active profile set, falling back to 1 default profile: "default"
2026-10-07T18:54:17.967+02:00  INFO 21552 --- [eureka-server] [restartedMain] o.s.c.c.c.ConfigServerConfigDataLoader   : Fetching config from server at : http://localhost:8888
2026-10-07T18:54:17.968+02:00  INFO 21552 --- [eureka-server] [restartedMain] o.s.c.c.c.ConfigServerConfigDataLoader   : Located environment: name=eureka-server, profiles=[default], label=null, version=null, state=null
2026-10-07T18:54:17.970+02:00  INFO 21552 --- [eureka-server] [restartedMain] .e.DevToolsPropertyDefaultsPostProcessor : Devtools property defaults active! Set 'spring.devtools.add-properties' to 'false' to disable
2026-10-07T18:54:17.971+02:00  INFO 21552 --- [eureka-server] [restartedMain] .e.DevToolsPropertyDefaultsPostProcessor : For additional web related logging consider setting the 'logging.level.web' property to 'DEBUG'
2026-10-07T18:54:19.196+02:00  INFO 21552 --- [eureka-server] [restartedMain] o.s.cloud.context.scope.GenericScope     : BeanFactory id=af114f12-fdcc-3bff-b742-fa72a93b0cd5
2026-10-07T18:54:19.872+02:00  INFO 21552 --- [eureka-server] [restartedMain] o.s.boot.tomcat.TomcatWebServer          : Tomcat initialized with port 8761 (http)
2026-10-07T18:54:19.891+02:00  INFO 21552 --- [eureka-server] [restartedMain] o.apache.catalina.core.StandardService   : Starting service [Tomcat]
2026-10-07T18:54:19.891+02:00  INFO 21552 --- [eureka-server] [restartedMain] o.apache.catalina.core.StandardEngine    : Starting Servlet engine: [Apache Tomcat/11.0.24]
2026-10-07T18:54:19.951+02:00  INFO 21552 --- [eureka-server] [restartedMain] b.w.c.s.WebApplicationContextInitializer : Root WebApplicationContext: initialization completed in 1980 ms
2026-10-07T18:54:20.850+02:00  INFO 21552 --- [eureka-server] [restartedMain] c.n.d.provider.DiscoveryJerseyProvider   : Using JSON encoding codec LegacyJacksonJson
2026-10-07T18:54:20.850+02:00  INFO 21552 --- [eureka-server] [restartedMain] c.n.d.provider.DiscoveryJerseyProvider   : Using JSON decoding codec LegacyJacksonJson
2026-10-07T18:54:21.129+02:00  INFO 21552 --- [eureka-server] [restartedMain] c.n.d.provider.DiscoveryJerseyProvider   : Using XML encoding codec XStreamXml
2026-10-07T18:54:21.129+02:00  INFO 21552 --- [eureka-server] [restartedMain] c.n.d.provider.DiscoveryJerseyProvider   : Using XML decoding codec XStreamXml
2026-10-07T18:54:21.345+02:00  INFO 21552 --- [eureka-server] [restartedMain] o.s.v.b.OptionalValidatorFactoryBean     : Failed to set up a Bean Validation provider: jakarta.validation.NoProviderFoundException: Unable to create a Configuration, because no Jakarta Validation provider could be found. Add a provider like Hibernate Validator (RI) to your classpath.
2026-10-07T18:54:21.974+02:00  INFO 21552 --- [eureka-server] [restartedMain] o.s.c.n.eureka.InstanceInfoFactory       : Setting initial instance status as: STARTING
2026-10-07T18:54:21.988+02:00  INFO 21552 --- [eureka-server] [restartedMain] com.netflix.discovery.DiscoveryClient    : Initializing Eureka in region us-east-1
2026-10-07T18:54:21.988+02:00  INFO 21552 --- [eureka-server] [restartedMain] com.netflix.discovery.DiscoveryClient    : Client configured to neither register nor query for data.
2026-10-07T18:54:21.990+02:00  INFO 21552 --- [eureka-server] [restartedMain] com.netflix.discovery.DiscoveryClient    : Discovery Client initialized at timestamp 1791392061989 with initial instances count: 0
2026-10-07T18:54:22.015+02:00  INFO 21552 --- [eureka-server] [restartedMain] c.n.eureka.DefaultEurekaServerContext    : Initializing ...
2026-10-07T18:54:22.016+02:00  INFO 21552 --- [eureka-server] [restartedMain] c.n.eureka.cluster.PeerEurekaNodes       : Adding new peer nodes [http://localhost:8761/eureka/]
2026-10-07T18:54:22.154+02:00  INFO 21552 --- [eureka-server] [restartedMain] c.n.d.provider.DiscoveryJerseyProvider   : Using JSON encoding codec LegacyJacksonJson
2026-10-07T18:54:22.154+02:00  INFO 21552 --- [eureka-server] [restartedMain] c.n.d.provider.DiscoveryJerseyProvider   : Using JSON decoding codec LegacyJacksonJson
2026-10-07T18:54:22.154+02:00  INFO 21552 --- [eureka-server] [restartedMain] c.n.d.provider.DiscoveryJerseyProvider   : Using XML encoding codec XStreamXml
2026-10-07T18:54:22.154+02:00  INFO 21552 --- [eureka-server] [restartedMain] c.n.d.provider.DiscoveryJerseyProvider   : Using XML decoding codec XStreamXml
2026-10-07T18:54:22.193+02:00  INFO 21552 --- [eureka-server] [restartedMain] c.n.eureka.cluster.PeerEurekaNodes       : Replica node URL:  http://localhost:8761/eureka/
2026-10-07T18:54:22.201+02:00  INFO 21552 --- [eureka-server] [restartedMain] c.n.e.registry.AbstractInstanceRegistry  : Finished initializing remote region registries. All known remote regions: []
2026-10-07T18:54:22.202+02:00  INFO 21552 --- [eureka-server] [restartedMain] c.n.eureka.DefaultEurekaServerContext    : Initialized
2026-10-07T18:54:22.217+02:00  INFO 21552 --- [eureka-server] [restartedMain] o.s.b.a.e.web.EndpointLinksResolver      : Exposing 17 endpoints beneath base path '/actuator'
2026-10-07T18:54:22.309+02:00  INFO 21552 --- [eureka-server] [restartedMain] o.s.c.n.e.s.EurekaServiceRegistry        : Registering application EUREKA-SERVER with eureka with status UP
2026-10-07T18:54:22.334+02:00  INFO 21552 --- [eureka-server] [Thread-13] o.s.c.n.e.server.EurekaServerBootstrap   : isAws returned false
2026-10-07T18:54:22.335+02:00  INFO 21552 --- [eureka-server] [Thread-13] o.s.c.n.e.server.EurekaServerBootstrap   : Initialized server context
2026-10-07T18:54:22.335+02:00  INFO 21552 --- [eureka-server] [Thread-13] c.n.e.r.PeerAwareInstanceRegistryImpl    : Got 1 instances from neighboring DS node
2026-10-07T18:54:22.335+02:00  INFO 21552 --- [eureka-server] [Thread-13] c.n.e.r.PeerAwareInstanceRegistryImpl    : Renew threshold is: 1
2026-10-07T18:54:22.335+02:00  INFO 21552 --- [eureka-server] [Thread-13] c.n.e.r.PeerAwareInstanceRegistryImpl    : Changing status to UP
2026-10-07T18:54:22.339+02:00  INFO 21552 --- [eureka-server] [Thread-13] e.s.EurekaServerInitializerConfiguration : Started Eureka Server
2026-10-07T18:54:22.345+02:00  INFO 21552 --- [eureka-server] [restartedMain] o.s.boot.tomcat.TomcatWebServer          : Tomcat started on port 8761 (http) with context path '/'
2026-10-07T18:54:22.346+02:00  INFO 21552 --- [eureka-server] [restartedMain] .s.c.n.e.s.EurekaAutoServiceRegistration : Updating port to 8761
2026-10-07T18:54:22.357+02:00  INFO 21552 --- [eureka-server] [restartedMain] c.e.e.EurekaserverApplication            : Started EurekaserverApplication in 5.828 seconds (process running for 6.709)
2026-10-07T18:54:36.993+02:00  INFO 21552 --- [eureka-server] [http-nio-8761-exec-1] o.a.c.c.C.[Tomcat].[localhost].[/]       : Initializing Spring DispatcherServlet 'dispatcherServlet'
2026-10-07T18:54:36.994+02:00  INFO 21552 --- [eureka-server] [http-nio-8761-exec-1] o.s.web.servlet.DispatcherServlet        : Initializing Servlet 'dispatcherServlet'
2026-10-07T18:54:36.995+02:00  INFO 21552 --- [eureka-server] [http-nio-8761-exec-1] o.s.web.servlet.DispatcherServlet        : Completed initialization in 1 ms
2026-10-07T18:54:37.300+02:00  INFO 21552 --- [eureka-server] [http-nio-8761-exec-2] c.n.e.registry.AbstractInstanceRegistry  : Registered instance PRODUCT-SERVICE/Kamil:product-service:8081 with status UP (replication=false)
2026-10-07T18:54:37.920+02:00  INFO 21552 --- [eureka-server] [http-nio-8761-exec-3] c.n.e.registry.AbstractInstanceRegistry  : Registered instance PRODUCT-SERVICE/Kamil:product-service:8081 with status UP (replication=true)
2026-10-07T18:55:06.277+02:00  INFO 21552 --- [eureka-server] [http-nio-8761-exec-5] c.n.e.registry.AbstractInstanceRegistry  : Registered instance USER-SERVICE/Kamil:user-service:8082 with status UP (replication=false)
2026-10-07T18:55:06.786+02:00  INFO 21552 --- [eureka-server] [http-nio-8761-exec-6] c.n.e.registry.AbstractInstanceRegistry  : Registered instance USER-SERVICE/Kamil:user-service:8082 with status UP (replication=true)
2026-10-07T18:55:22.336+02:00  INFO 21552 --- [eureka-server] [Eureka-EvictionTimer] c.n.e.registry.AbstractInstanceRegistry  : Running the evict task with compensationTime 0ms
2026-10-07T18:56:22.337+02:00  INFO 21552 --- [eureka-server] [Eureka-EvictionTimer] c.n.e.registry.AbstractInstanceRegistry  : Running the evict task with compensationTime 0ms
2026-10-07T18:57:22.345+02:00  INFO 21552 --- [eureka-server] [Eureka-EvictionTimer] c.n.e.registry.AbstractInstanceRegistry  : Running the evict task with compensationTime 8ms
2026-10-07T18:58:22.346+02:00  INFO 21552 --- [eureka-server] [Eureka-EvictionTimer] c.n.e.registry.AbstractInstanceRegistry  : Running the evict task with compensationTime 1ms
2026-10-07T18:59:22.347+02:00  INFO 21552 --- [eureka-server] [Eureka-EvictionTimer] c.n.e.registry.AbstractInstanceRegistry  : Running the evict task with compensationTime 0ms
2026-10-07T19:00:22.354+02:00  INFO 21552 --- [eureka-server] [Eureka-EvictionTimer] c.n.e.registry.AbstractInstanceRegistry  : Running the evict task with compensationTime 7ms
2026-10-07T19:00:47.824+02:00  INFO 21552 --- [eureka-server] [SpringApplicationShutdownHook] o.s.c.n.e.s.EurekaServiceRegistry        : Unregistering application EUREKA-SERVER with eureka with status DOWN
2026-10-07T19:00:47.828+02:00  INFO 21552 --- [eureka-server] [SpringApplicationShutdownHook] o.s.boot.tomcat.GracefulShutdown         : Commencing graceful shutdown. Waiting for active requests to complete
2026-10-07T19:00:47.832+02:00  INFO 21552 --- [eureka-server] [tomcat-shutdown] o.s.boot.tomcat.GracefulShutdown         : Graceful shutdown complete
2026-10-07T19:00:47.834+02:00  INFO 21552 --- [eureka-server] [SpringApplicationShutdownHook] o.s.c.n.e.server.EurekaServerBootstrap   : Shutting down Eureka Server..
2026-10-07T19:00:47.834+02:00  INFO 21552 --- [eureka-server] [SpringApplicationShutdownHook] c.n.eureka.DefaultEurekaServerContext    : Shutting down ...
2026-10-07T19:00:47.839+02:00  INFO 21552 --- [eureka-server] [SpringApplicationShutdownHook] c.n.eureka.DefaultEurekaServerContext    : Shut down
2026-10-07T19:00:47.839+02:00  INFO 21552 --- [eureka-server] [SpringApplicationShutdownHook] o.s.c.n.e.server.EurekaServerBootstrap   : Eureka Service is now shutdown...
2026-10-07T19:00:47.839+02:00  INFO 21552 --- [eureka-server] [SpringApplicationShutdownHook] c.n.eureka.DefaultEurekaServerContext    : Shutting down ...
2026-10-07T19:00:47.836+02:00 ERROR 21552 --- [eureka-server] [Eureka-Jersey3Client-Conn-Cleaner2] c.n.d.s.t.j.EurekaJersey3ClientImpl      : Cannot clean connections

java.lang.IllegalStateException: Client instance has been closed.
	at org.glassfish.jersey.internal.guava.Preconditions.checkState(Preconditions.java:169) ~[jersey-common-4.0.2.jar:na]
	at org.glassfish.jersey.client.JerseyClient.checkNotClosed(JerseyClient.java:248) ~[jersey-client-4.0.2.jar:na]
	at org.glassfish.jersey.client.JerseyClient.getConfiguration(JerseyClient.java:363) ~[jersey-client-4.0.2.jar:na]
	at org.glassfish.jersey.client.JerseyClient.getConfiguration(JerseyClient.java:54) ~[jersey-client-4.0.2.jar:na]
	at com.netflix.discovery.shared.transport.jersey3.EurekaJersey3ClientImpl$ConnectionCleanerTask.run(EurekaJersey3ClientImpl.java:338) ~[eureka-client-jersey3-2.0.6.jar:2.0.6]
	at java.base/java.util.concurrent.Executors$RunnableAdapter.call(Executors.java:545) ~[na:na]
	at java.base/java.util.concurrent.FutureTask.run(FutureTask.java:328) ~[na:na]
	at java.base/java.util.concurrent.ScheduledThreadPoolExecutor$ScheduledFutureTask.run(ScheduledThreadPoolExecutor.java:309) ~[na:na]
	at java.base/java.util.concurrent.ThreadPoolExecutor.runWorker(ThreadPoolExecutor.java:1095) ~[na:na]
	at java.base/java.util.concurrent.ThreadPoolExecutor$Worker.run(ThreadPoolExecutor.java:619) ~[na:na]
	at java.base/java.lang.Thread.run(Thread.java:1447) ~[na:na]

2026-10-07T19:00:47.840+02:00  INFO 21552 --- [eureka-server] [SpringApplicationShutdownHook] c.n.eureka.DefaultEurekaServerContext    : Shut down
2026-10-07T19:00:47.844+02:00  INFO 21552 --- [eureka-server] [SpringApplicationShutdownHook] com.netflix.discovery.DiscoveryClient    : Shutting down DiscoveryClient ...
2026-10-07T19:00:47.844+02:00  INFO 21552 --- [eureka-server] [SpringApplicationShutdownHook] com.netflix.discovery.DiscoveryClient    : Completed shut down of DiscoveryClient
2026-10-07T19:48:52.878+02:00  INFO 15764 --- [eureka-server] [restartedMain] c.e.e.EurekaserverApplication            : Starting EurekaserverApplication using Java 24.0.1 with PID 15764 (E:\Programy\Github\nowy-ecomerce\nowy\ecom\eurekaserver\target\classes started by KPSzy in E:\Programy\Github\nowy-ecomerce\nowy\ecom)
2026-10-07T19:48:52.883+02:00  INFO 15764 --- [eureka-server] [restartedMain] c.e.e.EurekaserverApplication            : No active profile set, falling back to 1 default profile: "default"
2026-10-07T19:48:52.981+02:00  INFO 15764 --- [eureka-server] [restartedMain] o.s.c.c.c.ConfigServerConfigDataLoader   : Fetching config from server at : http://localhost:8888
2026-10-07T19:48:52.981+02:00  INFO 15764 --- [eureka-server] [restartedMain] o.s.c.c.c.ConfigServerConfigDataLoader   : Located environment: name=eureka-server, profiles=[default], label=null, version=null, state=null
2026-10-07T19:48:52.987+02:00  INFO 15764 --- [eureka-server] [restartedMain] .e.DevToolsPropertyDefaultsPostProcessor : Devtools property defaults active! Set 'spring.devtools.add-properties' to 'false' to disable
2026-10-07T19:48:52.988+02:00  INFO 15764 --- [eureka-server] [restartedMain] .e.DevToolsPropertyDefaultsPostProcessor : For additional web related logging consider setting the 'logging.level.web' property to 'DEBUG'
2026-10-07T19:48:54.617+02:00  INFO 15764 --- [eureka-server] [restartedMain] o.s.cloud.context.scope.GenericScope     : BeanFactory id=af114f12-fdcc-3bff-b742-fa72a93b0cd5
2026-10-07T19:48:55.788+02:00  INFO 15764 --- [eureka-server] [restartedMain] o.s.boot.tomcat.TomcatWebServer          : Tomcat initialized with port 8761 (http)
2026-10-07T19:48:55.809+02:00  INFO 15764 --- [eureka-server] [restartedMain] o.apache.catalina.core.StandardService   : Starting service [Tomcat]
2026-10-07T19:48:55.810+02:00  INFO 15764 --- [eureka-server] [restartedMain] o.apache.catalina.core.StandardEngine    : Starting Servlet engine: [Apache Tomcat/11.0.24]
2026-10-07T19:48:55.918+02:00  INFO 15764 --- [eureka-server] [restartedMain] b.w.c.s.WebApplicationContextInitializer : Root WebApplicationContext: initialization completed in 2929 ms
2026-10-07T19:48:57.423+02:00  INFO 15764 --- [eureka-server] [restartedMain] c.n.d.provider.DiscoveryJerseyProvider   : Using JSON encoding codec LegacyJacksonJson
2026-10-07T19:48:57.425+02:00  INFO 15764 --- [eureka-server] [restartedMain] c.n.d.provider.DiscoveryJerseyProvider   : Using JSON decoding codec LegacyJacksonJson
2026-10-07T19:48:57.863+02:00  INFO 15764 --- [eureka-server] [restartedMain] c.n.d.provider.DiscoveryJerseyProvider   : Using XML encoding codec XStreamXml
2026-10-07T19:48:57.864+02:00  INFO 15764 --- [eureka-server] [restartedMain] c.n.d.provider.DiscoveryJerseyProvider   : Using XML decoding codec XStreamXml
2026-10-07T19:48:58.227+02:00  INFO 15764 --- [eureka-server] [restartedMain] o.s.v.b.OptionalValidatorFactoryBean     : Failed to set up a Bean Validation provider: jakarta.validation.NoProviderFoundException: Unable to create a Configuration, because no Jakarta Validation provider could be found. Add a provider like Hibernate Validator (RI) to your classpath.
2026-10-07T19:48:59.578+02:00  INFO 15764 --- [eureka-server] [restartedMain] o.s.c.n.eureka.InstanceInfoFactory       : Setting initial instance status as: STARTING
2026-10-07T19:48:59.617+02:00  INFO 15764 --- [eureka-server] [restartedMain] com.netflix.discovery.DiscoveryClient    : Initializing Eureka in region us-east-1
2026-10-07T19:48:59.617+02:00  INFO 15764 --- [eureka-server] [restartedMain] com.netflix.discovery.DiscoveryClient    : Client configured to neither register nor query for data.
2026-10-07T19:48:59.619+02:00  INFO 15764 --- [eureka-server] [restartedMain] com.netflix.discovery.DiscoveryClient    : Discovery Client initialized at timestamp 1791395339618 with initial instances count: 0
2026-10-07T19:48:59.679+02:00  INFO 15764 --- [eureka-server] [restartedMain] c.n.eureka.DefaultEurekaServerContext    : Initializing ...
2026-10-07T19:48:59.681+02:00  INFO 15764 --- [eureka-server] [restartedMain] c.n.eureka.cluster.PeerEurekaNodes       : Adding new peer nodes [http://localhost:8761/eureka/]
2026-10-07T19:48:59.877+02:00  INFO 15764 --- [eureka-server] [restartedMain] c.n.d.provider.DiscoveryJerseyProvider   : Using JSON encoding codec LegacyJacksonJson
2026-10-07T19:48:59.878+02:00  INFO 15764 --- [eureka-server] [restartedMain] c.n.d.provider.DiscoveryJerseyProvider   : Using JSON decoding codec LegacyJacksonJson
2026-10-07T19:48:59.878+02:00  INFO 15764 --- [eureka-server] [restartedMain] c.n.d.provider.DiscoveryJerseyProvider   : Using XML encoding codec XStreamXml
2026-10-07T19:48:59.878+02:00  INFO 15764 --- [eureka-server] [restartedMain] c.n.d.provider.DiscoveryJerseyProvider   : Using XML decoding codec XStreamXml
2026-10-07T19:48:59.932+02:00  INFO 15764 --- [eureka-server] [restartedMain] c.n.eureka.cluster.PeerEurekaNodes       : Replica node URL:  http://localhost:8761/eureka/
2026-10-07T19:48:59.944+02:00  INFO 15764 --- [eureka-server] [restartedMain] c.n.e.registry.AbstractInstanceRegistry  : Finished initializing remote region registries. All known remote regions: []
2026-10-07T19:48:59.945+02:00  INFO 15764 --- [eureka-server] [restartedMain] c.n.eureka.DefaultEurekaServerContext    : Initialized
2026-10-07T19:48:59.965+02:00  INFO 15764 --- [eureka-server] [restartedMain] o.s.b.a.e.web.EndpointLinksResolver      : Exposing 17 endpoints beneath base path '/actuator'
2026-10-07T19:49:00.078+02:00  INFO 15764 --- [eureka-server] [restartedMain] o.s.c.n.e.s.EurekaServiceRegistry        : Registering application EUREKA-SERVER with eureka with status UP
2026-10-07T19:49:00.108+02:00  INFO 15764 --- [eureka-server] [Thread-13] o.s.c.n.e.server.EurekaServerBootstrap   : isAws returned false
2026-10-07T19:49:00.110+02:00  INFO 15764 --- [eureka-server] [Thread-13] o.s.c.n.e.server.EurekaServerBootstrap   : Initialized server context
2026-10-07T19:49:00.110+02:00  INFO 15764 --- [eureka-server] [Thread-13] c.n.e.r.PeerAwareInstanceRegistryImpl    : Got 1 instances from neighboring DS node
2026-10-07T19:49:00.110+02:00  INFO 15764 --- [eureka-server] [Thread-13] c.n.e.r.PeerAwareInstanceRegistryImpl    : Renew threshold is: 1
2026-10-07T19:49:00.111+02:00  INFO 15764 --- [eureka-server] [Thread-13] c.n.e.r.PeerAwareInstanceRegistryImpl    : Changing status to UP
2026-10-07T19:49:00.118+02:00  INFO 15764 --- [eureka-server] [Thread-13] e.s.EurekaServerInitializerConfiguration : Started Eureka Server
2026-10-07T19:49:00.137+02:00  INFO 15764 --- [eureka-server] [restartedMain] o.s.boot.tomcat.TomcatWebServer          : Tomcat started on port 8761 (http) with context path '/'
2026-10-07T19:49:00.139+02:00  INFO 15764 --- [eureka-server] [restartedMain] .s.c.n.e.s.EurekaAutoServiceRegistration : Updating port to 8761
2026-10-07T19:49:00.167+02:00  INFO 15764 --- [eureka-server] [restartedMain] c.e.e.EurekaserverApplication            : Started EurekaserverApplication in 8.915 seconds (process running for 9.928)
2026-10-07T19:49:04.678+02:00  INFO 15764 --- [eureka-server] [http-nio-8761-exec-3] o.a.c.c.C.[Tomcat].[localhost].[/]       : Initializing Spring DispatcherServlet 'dispatcherServlet'
2026-10-07T19:49:04.679+02:00  INFO 15764 --- [eureka-server] [http-nio-8761-exec-3] o.s.web.servlet.DispatcherServlet        : Initializing Servlet 'dispatcherServlet'
2026-10-07T19:49:04.680+02:00  INFO 15764 --- [eureka-server] [http-nio-8761-exec-3] o.s.web.servlet.DispatcherServlet        : Completed initialization in 1 ms
2026-10-07T19:49:05.055+02:00  INFO 15764 --- [eureka-server] [http-nio-8761-exec-7] c.n.e.registry.AbstractInstanceRegistry  : Registered instance USER-SERVICE/Kamil:user-service:8082 with status UP (replication=false)
2026-10-07T19:49:05.726+02:00  INFO 15764 --- [eureka-server] [http-nio-8761-exec-10] c.n.e.registry.AbstractInstanceRegistry  : Registered instance USER-SERVICE/Kamil:user-service:8082 with status UP (replication=true)
2026-10-07T19:49:10.556+02:00  INFO 15764 --- [eureka-server] [http-nio-8761-exec-2] c.n.e.registry.AbstractInstanceRegistry  : Registered instance PRODUCT-SERVICE/Kamil:product-service:8081 with status UP (replication=false)
2026-10-07T19:49:11.069+02:00  INFO 15764 --- [eureka-server] [http-nio-8761-exec-1] c.n.e.registry.AbstractInstanceRegistry  : Registered instance PRODUCT-SERVICE/Kamil:product-service:8081 with status UP (replication=true)
2026-10-07T19:50:00.112+02:00  INFO 15764 --- [eureka-server] [Eureka-EvictionTimer] c.n.e.registry.AbstractInstanceRegistry  : Running the evict task with compensationTime 0ms
2026-10-07T19:51:00.113+02:00  INFO 15764 --- [eureka-server] [Eureka-EvictionTimer] c.n.e.registry.AbstractInstanceRegistry  : Running the evict task with compensationTime 0ms
2026-10-07T19:52:00.126+02:00  INFO 15764 --- [eureka-server] [Eureka-EvictionTimer] c.n.e.registry.AbstractInstanceRegistry  : Running the evict task with compensationTime 12ms
2026-10-07T19:53:00.126+02:00  INFO 15764 --- [eureka-server] [Eureka-EvictionTimer] c.n.e.registry.AbstractInstanceRegistry  : Running the evict task with compensationTime 0ms
2026-10-07T19:54:00.127+02:00  INFO 15764 --- [eureka-server] [Eureka-EvictionTimer] c.n.e.registry.AbstractInstanceRegistry  : Running the evict task with compensationTime 0ms
2026-10-07T19:54:25.381+02:00  INFO 15764 --- [eureka-server] [http-nio-8761-exec-9] c.n.e.registry.AbstractInstanceRegistry  : Registered instance ORDER-SERVICE/Kamil:order-service:8083 with status UP (replication=false)
2026-10-07T19:54:25.913+02:00  INFO 15764 --- [eureka-server] [http-nio-8761-exec-3] c.n.e.registry.AbstractInstanceRegistry  : Registered instance ORDER-SERVICE/Kamil:order-service:8083 with status UP (replication=true)
2026-10-07T19:54:26.598+02:00  INFO 15764 --- [eureka-server] [http-nio-8761-exec-8] c.n.e.registry.AbstractInstanceRegistry  : Registered instance ORDER-SERVICE/Kamil:order-service:8083 with status DOWN (replication=false)
2026-10-07T19:54:27.107+02:00  INFO 15764 --- [eureka-server] [http-nio-8761-exec-7] c.n.e.registry.AbstractInstanceRegistry  : Registered instance ORDER-SERVICE/Kamil:order-service:8083 with status DOWN (replication=true)
2026-10-07T19:54:31.493+02:00  INFO 15764 --- [eureka-server] [http-nio-8761-exec-6] c.n.e.registry.AbstractInstanceRegistry  : Cancelled instance ORDER-SERVICE/Kamil:order-service:8083 (replication=false)
2026-10-07T19:54:32.021+02:00  WARN 15764 --- [eureka-server] [http-nio-8761-exec-1] c.n.e.registry.AbstractInstanceRegistry  : DS: Registry: cancel failed because Lease is not registered for: ORDER-SERVICE/Kamil:order-service:8083
2026-10-07T19:54:32.021+02:00  INFO 15764 --- [eureka-server] [http-nio-8761-exec-1] c.n.eureka.resources.InstanceResource    : Not Found (Cancel): ORDER-SERVICE - Kamil:order-service:8083
2026-10-07T19:54:32.023+02:00  WARN 15764 --- [eureka-server] [TaskBatchingWorker-target_localhost-3] c.n.eureka.cluster.ReplicationTask       : The replication of task ORDER-SERVICE/Kamil:order-service:8083:Cancel@localhost failed with response code 404
2026-10-07T19:54:32.024+02:00  WARN 15764 --- [eureka-server] [TaskBatchingWorker-target_localhost-3] c.netflix.eureka.cluster.PeerEurekaNode  : ORDER-SERVICE/Kamil:order-service:8083:Cancel@localhost: missing entry.
2026-10-07T19:54:32.907+02:00  INFO 15764 --- [eureka-server] [http-nio-8761-exec-2] c.n.e.registry.AbstractInstanceRegistry  : Registered instance ORDER-SERVICE/Kamil:order-service:8083 with status UP (replication=false)
2026-10-07T19:54:33.416+02:00  INFO 15764 --- [eureka-server] [http-nio-8761-exec-9] c.n.e.registry.AbstractInstanceRegistry  : Registered instance ORDER-SERVICE/Kamil:order-service:8083 with status UP (replication=true)
2026-10-07T19:55:00.128+02:00  INFO 15764 --- [eureka-server] [Eureka-EvictionTimer] c.n.e.registry.AbstractInstanceRegistry  : Running the evict task with compensationTime 0ms
2026-10-07T19:55:31.156+02:00  INFO 15764 --- [eureka-server] [http-nio-8761-exec-10] c.n.e.registry.AbstractInstanceRegistry  : Registered instance ORDER-SERVICE/Kamil:order-service:8083 with status DOWN (replication=false)
2026-10-07T19:55:31.684+02:00  INFO 15764 --- [eureka-server] [http-nio-8761-exec-5] c.n.e.registry.AbstractInstanceRegistry  : Registered instance ORDER-SERVICE/Kamil:order-service:8083 with status DOWN (replication=true)
2026-10-07T19:55:34.847+02:00  INFO 15764 --- [eureka-server] [http-nio-8761-exec-8] c.n.e.registry.AbstractInstanceRegistry  : Cancelled instance ORDER-SERVICE/Kamil:order-service:8083 (replication=false)
2026-10-07T19:55:35.359+02:00  WARN 15764 --- [eureka-server] [http-nio-8761-exec-10] c.n.e.registry.AbstractInstanceRegistry  : DS: Registry: cancel failed because Lease is not registered for: ORDER-SERVICE/Kamil:order-service:8083
2026-10-07T19:55:35.360+02:00  INFO 15764 --- [eureka-server] [http-nio-8761-exec-10] c.n.eureka.resources.InstanceResource    : Not Found (Cancel): ORDER-SERVICE - Kamil:order-service:8083
2026-10-07T19:55:35.362+02:00  WARN 15764 --- [eureka-server] [TaskBatchingWorker-target_localhost-14] c.n.eureka.cluster.ReplicationTask       : The replication of task ORDER-SERVICE/Kamil:order-service:8083:Cancel@localhost failed with response code 404
2026-10-07T19:55:35.362+02:00  WARN 15764 --- [eureka-server] [TaskBatchingWorker-target_localhost-14] c.netflix.eureka.cluster.PeerEurekaNode  : ORDER-SERVICE/Kamil:order-service:8083:Cancel@localhost: missing entry.
2026-10-07T19:56:00.138+02:00  INFO 15764 --- [eureka-server] [Eureka-EvictionTimer] c.n.e.registry.AbstractInstanceRegistry  : Running the evict task with compensationTime 10ms
2026-10-07T19:56:01.473+02:00  INFO 15764 --- [eureka-server] [http-nio-8761-exec-8] c.n.e.registry.AbstractInstanceRegistry  : Registered instance ORDER-SERVICE/Kamil:order-service:8083 with status UP (replication=false)
2026-10-07T19:56:01.978+02:00  INFO 15764 --- [eureka-server] [http-nio-8761-exec-3] c.n.e.registry.AbstractInstanceRegistry  : Registered instance ORDER-SERVICE/Kamil:order-service:8083 with status UP (replication=true)
2026-10-07T19:56:02.407+02:00  INFO 15764 --- [eureka-server] [http-nio-8761-exec-4] c.n.e.registry.AbstractInstanceRegistry  : Registered instance ORDER-SERVICE/Kamil:order-service:8083 with status DOWN (replication=false)
2026-10-07T19:56:02.912+02:00  INFO 15764 --- [eureka-server] [http-nio-8761-exec-6] c.n.e.registry.AbstractInstanceRegistry  : Registered instance ORDER-SERVICE/Kamil:order-service:8083 with status DOWN (replication=true)
2026-10-07T19:56:06.477+02:00  INFO 15764 --- [eureka-server] [http-nio-8761-exec-5] c.n.e.registry.AbstractInstanceRegistry  : Cancelled instance ORDER-SERVICE/Kamil:order-service:8083 (replication=false)
2026-10-07T19:56:06.981+02:00  WARN 15764 --- [eureka-server] [http-nio-8761-exec-8] c.n.e.registry.AbstractInstanceRegistry  : DS: Registry: cancel failed because Lease is not registered for: ORDER-SERVICE/Kamil:order-service:8083
2026-10-07T19:56:06.981+02:00  INFO 15764 --- [eureka-server] [http-nio-8761-exec-8] c.n.eureka.resources.InstanceResource    : Not Found (Cancel): ORDER-SERVICE - Kamil:order-service:8083
2026-10-07T19:56:06.982+02:00  WARN 15764 --- [eureka-server] [TaskBatchingWorker-target_localhost-17] c.n.eureka.cluster.ReplicationTask       : The replication of task ORDER-SERVICE/Kamil:order-service:8083:Cancel@localhost failed with response code 404
2026-10-07T19:56:06.982+02:00  WARN 15764 --- [eureka-server] [TaskBatchingWorker-target_localhost-17] c.netflix.eureka.cluster.PeerEurekaNode  : ORDER-SERVICE/Kamil:order-service:8083:Cancel@localhost: missing entry.
2026-10-07T19:56:17.664+02:00  INFO 15764 --- [eureka-server] [http-nio-8761-exec-10] c.n.e.registry.AbstractInstanceRegistry  : Registered instance ORDER-SERVICE/Kamil:order-service:8083 with status UP (replication=false)
2026-10-07T19:56:18.171+02:00  INFO 15764 --- [eureka-server] [http-nio-8761-exec-1] c.n.e.registry.AbstractInstanceRegistry  : Registered instance ORDER-SERVICE/Kamil:order-service:8083 with status UP (replication=true)
2026-10-07T19:57:00.138+02:00  INFO 15764 --- [eureka-server] [Eureka-EvictionTimer] c.n.e.registry.AbstractInstanceRegistry  : Running the evict task with compensationTime 0ms
2026-10-07T19:58:00.139+02:00  INFO 15764 --- [eureka-server] [Eureka-EvictionTimer] c.n.e.registry.AbstractInstanceRegistry  : Running the evict task with compensationTime 0ms
2026-10-07T19:58:38.854+02:00  INFO 15764 --- [eureka-server] [http-nio-8761-exec-10] c.n.e.registry.AbstractInstanceRegistry  : Registered instance ORDER-SERVICE/Kamil:order-service:8083 with status DOWN (replication=false)
2026-10-07T19:58:39.360+02:00  INFO 15764 --- [eureka-server] [http-nio-8761-exec-3] c.n.e.registry.AbstractInstanceRegistry  : Registered instance ORDER-SERVICE/Kamil:order-service:8083 with status DOWN (replication=true)
2026-10-07T19:58:42.277+02:00  INFO 15764 --- [eureka-server] [http-nio-8761-exec-9] c.n.e.registry.AbstractInstanceRegistry  : Cancelled instance ORDER-SERVICE/Kamil:order-service:8083 (replication=false)
2026-10-07T19:58:42.791+02:00  WARN 15764 --- [eureka-server] [http-nio-8761-exec-6] c.n.e.registry.AbstractInstanceRegistry  : DS: Registry: cancel failed because Lease is not registered for: ORDER-SERVICE/Kamil:order-service:8083
2026-10-07T19:58:42.791+02:00  INFO 15764 --- [eureka-server] [http-nio-8761-exec-6] c.n.eureka.resources.InstanceResource    : Not Found (Cancel): ORDER-SERVICE - Kamil:order-service:8083
2026-10-07T19:58:42.792+02:00  WARN 15764 --- [eureka-server] [TaskBatchingWorker-target_localhost-0] c.n.eureka.cluster.ReplicationTask       : The replication of task ORDER-SERVICE/Kamil:order-service:8083:Cancel@localhost failed with response code 404
2026-10-07T19:58:42.793+02:00  WARN 15764 --- [eureka-server] [TaskBatchingWorker-target_localhost-0] c.netflix.eureka.cluster.PeerEurekaNode  : ORDER-SERVICE/Kamil:order-service:8083:Cancel@localhost: missing entry.
2026-10-07T19:58:44.044+02:00  INFO 15764 --- [eureka-server] [http-nio-8761-exec-10] c.n.e.registry.AbstractInstanceRegistry  : Registered instance ORDER-SERVICE/Kamil:order-service:8083 with status UP (replication=false)
2026-10-07T19:58:44.559+02:00  INFO 15764 --- [eureka-server] [http-nio-8761-exec-3] c.n.e.registry.AbstractInstanceRegistry  : Registered instance ORDER-SERVICE/Kamil:order-service:8083 with status UP (replication=true)
2026-10-07T19:58:45.351+02:00  INFO 15764 --- [eureka-server] [http-nio-8761-exec-5] c.n.e.registry.AbstractInstanceRegistry  : Registered instance ORDER-SERVICE/Kamil:order-service:8083 with status DOWN (replication=false)
2026-10-07T19:58:45.867+02:00  INFO 15764 --- [eureka-server] [http-nio-8761-exec-2] c.n.e.registry.AbstractInstanceRegistry  : Registered instance ORDER-SERVICE/Kamil:order-service:8083 with status DOWN (replication=true)
2026-10-07T19:58:50.094+02:00  INFO 15764 --- [eureka-server] [http-nio-8761-exec-8] c.n.e.registry.AbstractInstanceRegistry  : Cancelled instance ORDER-SERVICE/Kamil:order-service:8083 (replication=false)
2026-10-07T19:58:50.624+02:00  WARN 15764 --- [eureka-server] [http-nio-8761-exec-4] c.n.e.registry.AbstractInstanceRegistry  : DS: Registry: cancel failed because Lease is not registered for: ORDER-SERVICE/Kamil:order-service:8083
2026-10-07T19:58:50.625+02:00  INFO 15764 --- [eureka-server] [http-nio-8761-exec-4] c.n.eureka.resources.InstanceResource    : Not Found (Cancel): ORDER-SERVICE - Kamil:order-service:8083
2026-10-07T19:58:50.626+02:00  WARN 15764 --- [eureka-server] [TaskBatchingWorker-target_localhost-0] c.n.eureka.cluster.ReplicationTask       : The replication of task ORDER-SERVICE/Kamil:order-service:8083:Cancel@localhost failed with response code 404
2026-10-07T19:58:50.626+02:00  WARN 15764 --- [eureka-server] [TaskBatchingWorker-target_localhost-0] c.netflix.eureka.cluster.PeerEurekaNode  : ORDER-SERVICE/Kamil:order-service:8083:Cancel@localhost: missing entry.
2026-10-07T19:58:52.014+02:00  INFO 15764 --- [eureka-server] [http-nio-8761-exec-7] c.n.e.registry.AbstractInstanceRegistry  : Registered instance ORDER-SERVICE/Kamil:order-service:8083 with status UP (replication=false)
2026-10-07T19:58:52.529+02:00  INFO 15764 --- [eureka-server] [http-nio-8761-exec-10] c.n.e.registry.AbstractInstanceRegistry  : Registered instance ORDER-SERVICE/Kamil:order-service:8083 with status UP (replication=true)
2026-10-07T19:59:00.139+02:00  INFO 15764 --- [eureka-server] [Eureka-EvictionTimer] c.n.e.registry.AbstractInstanceRegistry  : Running the evict task with compensationTime 0ms
2026-10-07T19:59:36.838+02:00  INFO 15764 --- [eureka-server] [http-nio-8761-exec-2] c.n.e.registry.AbstractInstanceRegistry  : Registered instance ORDER-SERVICE/Kamil:order-service:8083 with status DOWN (replication=false)
2026-10-07T19:59:37.354+02:00  INFO 15764 --- [eureka-server] [http-nio-8761-exec-1] c.n.e.registry.AbstractInstanceRegistry  : Registered instance ORDER-SERVICE/Kamil:order-service:8083 with status DOWN (replication=true)
2026-10-07T19:59:41.286+02:00  INFO 15764 --- [eureka-server] [http-nio-8761-exec-4] c.n.e.registry.AbstractInstanceRegistry  : Cancelled instance ORDER-SERVICE/Kamil:order-service:8083 (replication=false)
2026-10-07T19:59:41.440+02:00  WARN 15764 --- [eureka-server] [http-nio-8761-exec-5] c.n.e.registry.AbstractInstanceRegistry  : DS: Registry: cancel failed because Lease is not registered for: ORDER-SERVICE/Kamil:order-service:8083
2026-10-07T19:59:41.440+02:00  INFO 15764 --- [eureka-server] [http-nio-8761-exec-5] c.n.eureka.resources.InstanceResource    : Not Found (Cancel): ORDER-SERVICE - Kamil:order-service:8083
2026-10-07T19:59:41.441+02:00  WARN 15764 --- [eureka-server] [TaskBatchingWorker-target_localhost-1] c.n.eureka.cluster.ReplicationTask       : The replication of task ORDER-SERVICE/Kamil:order-service:8083:Cancel@localhost failed with response code 404
2026-10-07T19:59:41.441+02:00  WARN 15764 --- [eureka-server] [TaskBatchingWorker-target_localhost-1] c.netflix.eureka.cluster.PeerEurekaNode  : ORDER-SERVICE/Kamil:order-service:8083:Cancel@localhost: missing entry.
2026-10-07T19:59:42.377+02:00  INFO 15764 --- [eureka-server] [http-nio-8761-exec-3] c.n.e.registry.AbstractInstanceRegistry  : Registered instance ORDER-SERVICE/Kamil:order-service:8083 with status UP (replication=false)
2026-10-07T19:59:42.890+02:00  INFO 15764 --- [eureka-server] [http-nio-8761-exec-2] c.n.e.registry.AbstractInstanceRegistry  : Registered instance ORDER-SERVICE/Kamil:order-service:8083 with status UP (replication=true)
2026-10-07T19:59:43.730+02:00  INFO 15764 --- [eureka-server] [http-nio-8761-exec-1] c.n.e.registry.AbstractInstanceRegistry  : Registered instance ORDER-SERVICE/Kamil:order-service:8083 with status DOWN (replication=false)
2026-10-07T19:59:44.235+02:00  INFO 15764 --- [eureka-server] [http-nio-8761-exec-8] c.n.e.registry.AbstractInstanceRegistry  : Registered instance ORDER-SERVICE/Kamil:order-service:8083 with status DOWN (replication=true)
2026-10-07T19:59:48.399+02:00  INFO 15764 --- [eureka-server] [http-nio-8761-exec-9] c.n.e.registry.AbstractInstanceRegistry  : Cancelled instance ORDER-SERVICE/Kamil:order-service:8083 (replication=false)
2026-10-07T19:59:48.912+02:00  WARN 15764 --- [eureka-server] [http-nio-8761-exec-6] c.n.e.registry.AbstractInstanceRegistry  : DS: Registry: cancel failed because Lease is not registered for: ORDER-SERVICE/Kamil:order-service:8083
2026-10-07T19:59:48.912+02:00  INFO 15764 --- [eureka-server] [http-nio-8761-exec-6] c.n.eureka.resources.InstanceResource    : Not Found (Cancel): ORDER-SERVICE - Kamil:order-service:8083
2026-10-07T19:59:48.914+02:00  WARN 15764 --- [eureka-server] [TaskBatchingWorker-target_localhost-3] c.n.eureka.cluster.ReplicationTask       : The replication of task ORDER-SERVICE/Kamil:order-service:8083:Cancel@localhost failed with response code 404
2026-10-07T19:59:48.914+02:00  WARN 15764 --- [eureka-server] [TaskBatchingWorker-target_localhost-3] c.netflix.eureka.cluster.PeerEurekaNode  : ORDER-SERVICE/Kamil:order-service:8083:Cancel@localhost: missing entry.
2026-10-07T19:59:49.557+02:00  INFO 15764 --- [eureka-server] [http-nio-8761-exec-10] c.n.e.registry.AbstractInstanceRegistry  : Registered instance ORDER-SERVICE/Kamil:order-service:8083 with status UP (replication=false)
2026-10-07T19:59:50.059+02:00  INFO 15764 --- [eureka-server] [http-nio-8761-exec-3] c.n.e.registry.AbstractInstanceRegistry  : Registered instance ORDER-SERVICE/Kamil:order-service:8083 with status UP (replication=true)
2026-10-07T19:59:56.895+02:00  INFO 15764 --- [eureka-server] [http-nio-8761-exec-2] c.n.e.registry.AbstractInstanceRegistry  : Registered instance ORDER-SERVICE/Kamil:order-service:8083 with status DOWN (replication=false)
2026-10-07T19:59:57.408+02:00  INFO 15764 --- [eureka-server] [http-nio-8761-exec-1] c.n.e.registry.AbstractInstanceRegistry  : Registered instance ORDER-SERVICE/Kamil:order-service:8083 with status DOWN (replication=true)
2026-10-07T20:00:00.147+02:00  INFO 15764 --- [eureka-server] [Eureka-EvictionTimer] c.n.e.registry.AbstractInstanceRegistry  : Running the evict task with compensationTime 7ms
2026-10-07T20:00:01.578+02:00  INFO 15764 --- [eureka-server] [http-nio-8761-exec-8] c.n.e.registry.AbstractInstanceRegistry  : Cancelled instance ORDER-SERVICE/Kamil:order-service:8083 (replication=false)
2026-10-07T20:00:02.085+02:00  WARN 15764 --- [eureka-server] [http-nio-8761-exec-7] c.n.e.registry.AbstractInstanceRegistry  : DS: Registry: cancel failed because Lease is not registered for: ORDER-SERVICE/Kamil:order-service:8083
2026-10-07T20:00:02.085+02:00  INFO 15764 --- [eureka-server] [http-nio-8761-exec-7] c.n.eureka.resources.InstanceResource    : Not Found (Cancel): ORDER-SERVICE - Kamil:order-service:8083
2026-10-07T20:00:02.086+02:00  WARN 15764 --- [eureka-server] [TaskBatchingWorker-target_localhost-19] c.n.eureka.cluster.ReplicationTask       : The replication of task ORDER-SERVICE/Kamil:order-service:8083:Cancel@localhost failed with response code 404
2026-10-07T20:00:02.086+02:00  WARN 15764 --- [eureka-server] [TaskBatchingWorker-target_localhost-19] c.netflix.eureka.cluster.PeerEurekaNode  : ORDER-SERVICE/Kamil:order-service:8083:Cancel@localhost: missing entry.
2026-10-07T20:00:02.684+02:00  INFO 15764 --- [eureka-server] [http-nio-8761-exec-5] c.n.e.registry.AbstractInstanceRegistry  : Registered instance ORDER-SERVICE/Kamil:order-service:8083 with status UP (replication=false)
2026-10-07T20:00:03.195+02:00  INFO 15764 --- [eureka-server] [http-nio-8761-exec-10] c.n.e.registry.AbstractInstanceRegistry  : Registered instance ORDER-SERVICE/Kamil:order-service:8083 with status UP (replication=true)
2026-10-07T20:00:04.017+02:00  INFO 15764 --- [eureka-server] [http-nio-8761-exec-3] c.n.e.registry.AbstractInstanceRegistry  : Registered instance ORDER-SERVICE/Kamil:order-service:8083 with status DOWN (replication=false)
2026-10-07T20:00:04.527+02:00  INFO 15764 --- [eureka-server] [http-nio-8761-exec-2] c.n.e.registry.AbstractInstanceRegistry  : Registered instance ORDER-SERVICE/Kamil:order-service:8083 with status DOWN (replication=true)
2026-10-07T20:00:08.696+02:00  INFO 15764 --- [eureka-server] [http-nio-8761-exec-4] c.n.e.registry.AbstractInstanceRegistry  : Cancelled instance ORDER-SERVICE/Kamil:order-service:8083 (replication=false)
2026-10-07T20:00:09.205+02:00  WARN 15764 --- [eureka-server] [http-nio-8761-exec-5] c.n.e.registry.AbstractInstanceRegistry  : DS: Registry: cancel failed because Lease is not registered for: ORDER-SERVICE/Kamil:order-service:8083
2026-10-07T20:00:09.205+02:00  INFO 15764 --- [eureka-server] [http-nio-8761-exec-5] c.n.eureka.resources.InstanceResource    : Not Found (Cancel): ORDER-SERVICE - Kamil:order-service:8083
2026-10-07T20:00:09.206+02:00  WARN 15764 --- [eureka-server] [TaskBatchingWorker-target_localhost-10] c.n.eureka.cluster.ReplicationTask       : The replication of task ORDER-SERVICE/Kamil:order-service:8083:Cancel@localhost failed with response code 404
2026-10-07T20:00:09.207+02:00  WARN 15764 --- [eureka-server] [TaskBatchingWorker-target_localhost-10] c.netflix.eureka.cluster.PeerEurekaNode  : ORDER-SERVICE/Kamil:order-service:8083:Cancel@localhost: missing entry.
2026-10-07T20:00:09.725+02:00  INFO 15764 --- [eureka-server] [http-nio-8761-exec-3] c.n.e.registry.AbstractInstanceRegistry  : Registered instance ORDER-SERVICE/Kamil:order-service:8083 with status UP (replication=false)
2026-10-07T20:00:10.237+02:00  INFO 15764 --- [eureka-server] [http-nio-8761-exec-2] c.n.e.registry.AbstractInstanceRegistry  : Registered instance ORDER-SERVICE/Kamil:order-service:8083 with status UP (replication=true)
2026-10-07T20:01:00.147+02:00  INFO 15764 --- [eureka-server] [Eureka-EvictionTimer] c.n.e.registry.AbstractInstanceRegistry  : Running the evict task with compensationTime 0ms
2026-10-07T20:01:33.604+02:00  INFO 15764 --- [eureka-server] [SpringApplicationShutdownHook] o.s.c.n.e.s.EurekaServiceRegistry        : Unregistering application EUREKA-SERVER with eureka with status DOWN
2026-10-07T20:01:33.607+02:00  INFO 15764 --- [eureka-server] [SpringApplicationShutdownHook] o.s.boot.tomcat.GracefulShutdown         : Commencing graceful shutdown. Waiting for active requests to complete
2026-10-07T20:01:33.612+02:00  INFO 15764 --- [eureka-server] [tomcat-shutdown] o.s.boot.tomcat.GracefulShutdown         : Graceful shutdown complete
2026-10-07T20:01:33.613+02:00  INFO 15764 --- [eureka-server] [SpringApplicationShutdownHook] o.s.c.n.e.server.EurekaServerBootstrap   : Shutting down Eureka Server..
2026-10-07T20:01:33.613+02:00  INFO 15764 --- [eureka-server] [SpringApplicationShutdownHook] c.n.eureka.DefaultEurekaServerContext    : Shutting down ...
2026-10-07T20:01:33.617+02:00  INFO 15764 --- [eureka-server] [SpringApplicationShutdownHook] c.n.eureka.DefaultEurekaServerContext    : Shut down
2026-10-07T20:01:33.618+02:00  INFO 15764 --- [eureka-server] [SpringApplicationShutdownHook] o.s.c.n.e.server.EurekaServerBootstrap   : Eureka Service is now shutdown...
2026-10-07T20:01:33.618+02:00  INFO 15764 --- [eureka-server] [SpringApplicationShutdownHook] c.n.eureka.DefaultEurekaServerContext    : Shutting down ...
2026-10-07T20:01:33.618+02:00  INFO 15764 --- [eureka-server] [SpringApplicationShutdownHook] c.n.eureka.DefaultEurekaServerContext    : Shut down
2026-10-07T20:01:33.622+02:00  INFO 15764 --- [eureka-server] [SpringApplicationShutdownHook] com.netflix.discovery.DiscoveryClient    : Shutting down DiscoveryClient ...
2026-10-07T20:01:33.622+02:00  INFO 15764 --- [eureka-server] [SpringApplicationShutdownHook] com.netflix.discovery.DiscoveryClient    : Completed shut down of DiscoveryClient
2026-10-07T20:01:36.917+02:00  INFO 16008 --- [eureka-server] [restartedMain] c.e.e.EurekaserverApplication            : Starting EurekaserverApplication using Java 24.0.1 with PID 16008 (E:\Programy\Github\nowy-ecomerce\nowy\ecom\eurekaserver\target\classes started by KPSzy in E:\Programy\Github\nowy-ecomerce\nowy\ecom)
2026-10-07T20:01:36.921+02:00  INFO 16008 --- [eureka-server] [restartedMain] c.e.e.EurekaserverApplication            : No active profile set, falling back to 1 default profile: "default"
2026-10-07T20:01:36.990+02:00  INFO 16008 --- [eureka-server] [restartedMain] o.s.c.c.c.ConfigServerConfigDataLoader   : Fetching config from server at : http://localhost:8888
2026-10-07T20:01:36.991+02:00  INFO 16008 --- [eureka-server] [restartedMain] o.s.c.c.c.ConfigServerConfigDataLoader   : Located environment: name=eureka-server, profiles=[default], label=null, version=null, state=null
2026-10-07T20:01:36.995+02:00  INFO 16008 --- [eureka-server] [restartedMain] .e.DevToolsPropertyDefaultsPostProcessor : Devtools property defaults active! Set 'spring.devtools.add-properties' to 'false' to disable
2026-10-07T20:01:36.996+02:00  INFO 16008 --- [eureka-server] [restartedMain] .e.DevToolsPropertyDefaultsPostProcessor : For additional web related logging consider setting the 'logging.level.web' property to 'DEBUG'
2026-10-07T20:01:38.338+02:00  INFO 16008 --- [eureka-server] [restartedMain] o.s.cloud.context.scope.GenericScope     : BeanFactory id=af114f12-fdcc-3bff-b742-fa72a93b0cd5
2026-10-07T20:01:39.051+02:00  INFO 16008 --- [eureka-server] [restartedMain] o.s.boot.tomcat.TomcatWebServer          : Tomcat initialized with port 8761 (http)
2026-10-07T20:01:39.071+02:00  INFO 16008 --- [eureka-server] [restartedMain] o.apache.catalina.core.StandardService   : Starting service [Tomcat]
2026-10-07T20:01:39.071+02:00  INFO 16008 --- [eureka-server] [restartedMain] o.apache.catalina.core.StandardEngine    : Starting Servlet engine: [Apache Tomcat/11.0.24]
2026-10-07T20:01:39.147+02:00  INFO 16008 --- [eureka-server] [restartedMain] b.w.c.s.WebApplicationContextInitializer : Root WebApplicationContext: initialization completed in 2149 ms
2026-10-07T20:01:40.151+02:00  INFO 16008 --- [eureka-server] [restartedMain] c.n.d.provider.DiscoveryJerseyProvider   : Using JSON encoding codec LegacyJacksonJson
2026-10-07T20:01:40.151+02:00  INFO 16008 --- [eureka-server] [restartedMain] c.n.d.provider.DiscoveryJerseyProvider   : Using JSON decoding codec LegacyJacksonJson
2026-10-07T20:01:40.407+02:00  INFO 16008 --- [eureka-server] [restartedMain] c.n.d.provider.DiscoveryJerseyProvider   : Using XML encoding codec XStreamXml
2026-10-07T20:01:40.407+02:00  INFO 16008 --- [eureka-server] [restartedMain] c.n.d.provider.DiscoveryJerseyProvider   : Using XML decoding codec XStreamXml
2026-10-07T20:01:40.619+02:00  INFO 16008 --- [eureka-server] [restartedMain] o.s.v.b.OptionalValidatorFactoryBean     : Failed to set up a Bean Validation provider: jakarta.validation.NoProviderFoundException: Unable to create a Configuration, because no Jakarta Validation provider could be found. Add a provider like Hibernate Validator (RI) to your classpath.
2026-10-07T20:01:41.241+02:00  INFO 16008 --- [eureka-server] [restartedMain] o.s.c.n.eureka.InstanceInfoFactory       : Setting initial instance status as: STARTING
2026-10-07T20:01:41.255+02:00  INFO 16008 --- [eureka-server] [restartedMain] com.netflix.discovery.DiscoveryClient    : Initializing Eureka in region us-east-1
2026-10-07T20:01:41.256+02:00  INFO 16008 --- [eureka-server] [restartedMain] com.netflix.discovery.DiscoveryClient    : Client configured to neither register nor query for data.
2026-10-07T20:01:41.257+02:00  INFO 16008 --- [eureka-server] [restartedMain] com.netflix.discovery.DiscoveryClient    : Discovery Client initialized at timestamp 1791396101257 with initial instances count: 0
2026-10-07T20:01:41.283+02:00  INFO 16008 --- [eureka-server] [restartedMain] c.n.eureka.DefaultEurekaServerContext    : Initializing ...
2026-10-07T20:01:41.285+02:00  INFO 16008 --- [eureka-server] [restartedMain] c.n.eureka.cluster.PeerEurekaNodes       : Adding new peer nodes [http://localhost:8761/eureka/]
2026-10-07T20:01:41.437+02:00  INFO 16008 --- [eureka-server] [restartedMain] c.n.d.provider.DiscoveryJerseyProvider   : Using JSON encoding codec LegacyJacksonJson
2026-10-07T20:01:41.437+02:00  INFO 16008 --- [eureka-server] [restartedMain] c.n.d.provider.DiscoveryJerseyProvider   : Using JSON decoding codec LegacyJacksonJson
2026-10-07T20:01:41.437+02:00  INFO 16008 --- [eureka-server] [restartedMain] c.n.d.provider.DiscoveryJerseyProvider   : Using XML encoding codec XStreamXml
2026-10-07T20:01:41.437+02:00  INFO 16008 --- [eureka-server] [restartedMain] c.n.d.provider.DiscoveryJerseyProvider   : Using XML decoding codec XStreamXml
2026-10-07T20:01:41.482+02:00  INFO 16008 --- [eureka-server] [restartedMain] c.n.eureka.cluster.PeerEurekaNodes       : Replica node URL:  http://localhost:8761/eureka/
2026-10-07T20:01:41.491+02:00  INFO 16008 --- [eureka-server] [restartedMain] c.n.e.registry.AbstractInstanceRegistry  : Finished initializing remote region registries. All known remote regions: []
2026-10-07T20:01:41.491+02:00  INFO 16008 --- [eureka-server] [restartedMain] c.n.eureka.DefaultEurekaServerContext    : Initialized
2026-10-07T20:01:41.504+02:00  INFO 16008 --- [eureka-server] [restartedMain] o.s.b.a.e.web.EndpointLinksResolver      : Exposing 17 endpoints beneath base path '/actuator'
2026-10-07T20:01:41.591+02:00  INFO 16008 --- [eureka-server] [restartedMain] o.s.c.n.e.s.EurekaServiceRegistry        : Registering application EUREKA-SERVER with eureka with status UP
2026-10-07T20:01:41.603+02:00  INFO 16008 --- [eureka-server] [Thread-13] o.s.c.n.e.server.EurekaServerBootstrap   : isAws returned false
2026-10-07T20:01:41.604+02:00  INFO 16008 --- [eureka-server] [Thread-13] o.s.c.n.e.server.EurekaServerBootstrap   : Initialized server context
2026-10-07T20:01:41.605+02:00  INFO 16008 --- [eureka-server] [Thread-13] c.n.e.r.PeerAwareInstanceRegistryImpl    : Got 1 instances from neighboring DS node
2026-10-07T20:01:41.605+02:00  INFO 16008 --- [eureka-server] [Thread-13] c.n.e.r.PeerAwareInstanceRegistryImpl    : Renew threshold is: 1
2026-10-07T20:01:41.605+02:00  INFO 16008 --- [eureka-server] [Thread-13] c.n.e.r.PeerAwareInstanceRegistryImpl    : Changing status to UP
2026-10-07T20:01:41.608+02:00  INFO 16008 --- [eureka-server] [Thread-13] e.s.EurekaServerInitializerConfiguration : Started Eureka Server
2026-10-07T20:01:41.619+02:00  INFO 16008 --- [eureka-server] [restartedMain] o.s.boot.tomcat.TomcatWebServer          : Tomcat started on port 8761 (http) with context path '/'
2026-10-07T20:01:41.621+02:00  INFO 16008 --- [eureka-server] [restartedMain] .s.c.n.e.s.EurekaAutoServiceRegistration : Updating port to 8761
2026-10-07T20:01:41.635+02:00  INFO 16008 --- [eureka-server] [restartedMain] c.e.e.EurekaserverApplication            : Started EurekaserverApplication in 5.897 seconds (process running for 6.936)
2026-10-07T20:01:45.235+02:00  INFO 16008 --- [eureka-server] [http-nio-8761-exec-1] o.a.c.c.C.[Tomcat].[localhost].[/]       : Initializing Spring DispatcherServlet 'dispatcherServlet'
2026-10-07T20:01:45.236+02:00  INFO 16008 --- [eureka-server] [http-nio-8761-exec-1] o.s.web.servlet.DispatcherServlet        : Initializing Servlet 'dispatcherServlet'
2026-10-07T20:01:45.237+02:00  INFO 16008 --- [eureka-server] [http-nio-8761-exec-1] o.s.web.servlet.DispatcherServlet        : Completed initialization in 1 ms
2026-10-07T20:01:45.306+02:00  INFO 16008 --- [eureka-server] [http-nio-8761-exec-1] c.n.e.registry.AbstractInstanceRegistry  : Registered instance ORDER-SERVICE/Kamil:order-service:8083 with status DOWN (replication=false)
2026-10-07T20:01:45.917+02:00  INFO 16008 --- [eureka-server] [http-nio-8761-exec-2] c.n.e.registry.AbstractInstanceRegistry  : Registered instance ORDER-SERVICE/Kamil:order-service:8083 with status DOWN (replication=true)
2026-10-07T20:01:48.932+02:00  INFO 16008 --- [eureka-server] [http-nio-8761-exec-4] c.n.e.registry.AbstractInstanceRegistry  : Cancelled instance ORDER-SERVICE/Kamil:order-service:8083 (replication=false)
2026-10-07T20:01:49.439+02:00  WARN 16008 --- [eureka-server] [http-nio-8761-exec-5] c.n.e.registry.AbstractInstanceRegistry  : DS: Registry: cancel failed because Lease is not registered for: ORDER-SERVICE/Kamil:order-service:8083
2026-10-07T20:01:49.440+02:00  INFO 16008 --- [eureka-server] [http-nio-8761-exec-5] c.n.eureka.resources.InstanceResource    : Not Found (Cancel): ORDER-SERVICE - Kamil:order-service:8083
2026-10-07T20:01:49.441+02:00  WARN 16008 --- [eureka-server] [TaskBatchingWorker-target_localhost-8] c.n.eureka.cluster.ReplicationTask       : The replication of task ORDER-SERVICE/Kamil:order-service:8083:Cancel@localhost failed with response code 404
2026-10-07T20:01:49.441+02:00  WARN 16008 --- [eureka-server] [TaskBatchingWorker-target_localhost-8] c.netflix.eureka.cluster.PeerEurekaNode  : ORDER-SERVICE/Kamil:order-service:8083:Cancel@localhost: missing entry.
2026-10-07T20:02:00.992+02:00  INFO 16008 --- [eureka-server] [http-nio-8761-exec-9] c.n.e.registry.AbstractInstanceRegistry  : Registered instance ORDER-SERVICE/Kamil:order-service:8083 with status UP (replication=false)
2026-10-07T20:02:01.503+02:00  INFO 16008 --- [eureka-server] [http-nio-8761-exec-8] c.n.e.registry.AbstractInstanceRegistry  : Registered instance ORDER-SERVICE/Kamil:order-service:8083 with status UP (replication=true)
2026-10-07T20:02:05.368+02:00  WARN 16008 --- [eureka-server] [http-nio-8761-exec-7] c.n.e.registry.AbstractInstanceRegistry  : DS: Registry: lease doesn't exist, registering resource: USER-SERVICE - Kamil:user-service:8082
2026-10-07T20:02:05.369+02:00  WARN 16008 --- [eureka-server] [http-nio-8761-exec-7] c.n.eureka.resources.InstanceResource    : Not Found (Renew): USER-SERVICE - Kamil:user-service:8082
2026-10-07T20:02:05.430+02:00  INFO 16008 --- [eureka-server] [http-nio-8761-exec-2] c.n.e.registry.AbstractInstanceRegistry  : Registered instance USER-SERVICE/Kamil:user-service:8082 with status UP (replication=false)
2026-10-07T20:02:05.934+02:00  INFO 16008 --- [eureka-server] [http-nio-8761-exec-4] c.n.e.registry.AbstractInstanceRegistry  : Registered instance USER-SERVICE/Kamil:user-service:8082 with status UP (replication=true)
2026-10-07T20:02:10.969+02:00  WARN 16008 --- [eureka-server] [http-nio-8761-exec-3] c.n.e.registry.AbstractInstanceRegistry  : DS: Registry: lease doesn't exist, registering resource: PRODUCT-SERVICE - Kamil:product-service:8081
2026-10-07T20:02:10.969+02:00  WARN 16008 --- [eureka-server] [http-nio-8761-exec-3] c.n.eureka.resources.InstanceResource    : Not Found (Renew): PRODUCT-SERVICE - Kamil:product-service:8081
2026-10-07T20:02:10.982+02:00  INFO 16008 --- [eureka-server] [http-nio-8761-exec-9] c.n.e.registry.AbstractInstanceRegistry  : Registered instance PRODUCT-SERVICE/Kamil:product-service:8081 with status UP (replication=false)
2026-10-07T20:02:11.496+02:00  INFO 16008 --- [eureka-server] [http-nio-8761-exec-8] c.n.e.registry.AbstractInstanceRegistry  : Registered instance PRODUCT-SERVICE/Kamil:product-service:8081 with status UP (replication=true)
2026-10-07T20:02:33.877+02:00  INFO 16008 --- [eureka-server] [http-nio-8761-exec-2] c.n.e.registry.AbstractInstanceRegistry  : Registered instance PRODUCT-SERVICE/Kamil:product-service:8081 with status DOWN (replication=false)
2026-10-07T20:02:34.391+02:00  INFO 16008 --- [eureka-server] [http-nio-8761-exec-4] c.n.e.registry.AbstractInstanceRegistry  : Registered instance PRODUCT-SERVICE/Kamil:product-service:8081 with status DOWN (replication=true)
2026-10-07T20:02:38.297+02:00  INFO 16008 --- [eureka-server] [http-nio-8761-exec-9] c.n.e.registry.AbstractInstanceRegistry  : Cancelled instance PRODUCT-SERVICE/Kamil:product-service:8081 (replication=false)
2026-10-07T20:02:38.803+02:00  WARN 16008 --- [eureka-server] [http-nio-8761-exec-1] c.n.e.registry.AbstractInstanceRegistry  : DS: Registry: cancel failed because Lease is not registered for: PRODUCT-SERVICE/Kamil:product-service:8081
2026-10-07T20:02:38.804+02:00  INFO 16008 --- [eureka-server] [http-nio-8761-exec-1] c.n.eureka.resources.InstanceResource    : Not Found (Cancel): PRODUCT-SERVICE - Kamil:product-service:8081
2026-10-07T20:02:38.805+02:00  WARN 16008 --- [eureka-server] [TaskBatchingWorker-target_localhost-8] c.n.eureka.cluster.ReplicationTask       : The replication of task PRODUCT-SERVICE/Kamil:product-service:8081:Cancel@localhost failed with response code 404
2026-10-07T20:02:38.805+02:00  WARN 16008 --- [eureka-server] [TaskBatchingWorker-target_localhost-8] c.netflix.eureka.cluster.PeerEurekaNode  : PRODUCT-SERVICE/Kamil:product-service:8081:Cancel@localhost: missing entry.
2026-10-07T20:02:41.607+02:00  INFO 16008 --- [eureka-server] [Eureka-EvictionTimer] c.n.e.registry.AbstractInstanceRegistry  : Running the evict task with compensationTime 0ms
2026-10-07T20:02:50.623+02:00  INFO 16008 --- [eureka-server] [http-nio-8761-exec-2] c.n.e.registry.AbstractInstanceRegistry  : Registered instance PRODUCT-SERVICE/Kamil:product-service:8081 with status UP (replication=false)
2026-10-07T20:02:51.128+02:00  INFO 16008 --- [eureka-server] [http-nio-8761-exec-4] c.n.e.registry.AbstractInstanceRegistry  : Registered instance PRODUCT-SERVICE/Kamil:product-service:8081 with status UP (replication=true)
2026-10-07T20:03:41.607+02:00  INFO 16008 --- [eureka-server] [Eureka-EvictionTimer] c.n.e.registry.AbstractInstanceRegistry  : Running the evict task with compensationTime 0ms
2026-10-07T20:04:41.622+02:00  INFO 16008 --- [eureka-server] [Eureka-EvictionTimer] c.n.e.registry.AbstractInstanceRegistry  : Running the evict task with compensationTime 14ms
2026-10-07T20:05:41.623+02:00  INFO 16008 --- [eureka-server] [Eureka-EvictionTimer] c.n.e.registry.AbstractInstanceRegistry  : Running the evict task with compensationTime 0ms
2026-10-07T20:06:41.623+02:00  INFO 16008 --- [eureka-server] [Eureka-EvictionTimer] c.n.e.registry.AbstractInstanceRegistry  : Running the evict task with compensationTime 0ms
2026-10-07T20:07:41.624+02:00  INFO 16008 --- [eureka-server] [Eureka-EvictionTimer] c.n.e.registry.AbstractInstanceRegistry  : Running the evict task with compensationTime 1ms
2026-10-07T20:08:18.357+02:00  INFO 16008 --- [eureka-server] [http-nio-8761-exec-1] c.n.e.registry.AbstractInstanceRegistry  : Registered instance PRODUCT-SERVICE/Kamil:product-service:8081 with status DOWN (replication=false)
2026-10-07T20:08:18.366+02:00  INFO 16008 --- [eureka-server] [http-nio-8761-exec-2] c.n.e.registry.AbstractInstanceRegistry  : Registered instance ORDER-SERVICE/Kamil:order-service:8083 with status DOWN (replication=false)
2026-10-07T20:08:18.376+02:00  INFO 16008 --- [eureka-server] [SpringApplicationShutdownHook] o.s.c.n.e.s.EurekaServiceRegistry        : Unregistering application EUREKA-SERVER with eureka with status DOWN
2026-10-07T20:08:18.381+02:00  INFO 16008 --- [eureka-server] [http-nio-8761-exec-7] c.n.e.registry.AbstractInstanceRegistry  : Registered instance USER-SERVICE/Kamil:user-service:8082 with status DOWN (replication=false)
2026-10-07T20:08:18.386+02:00  INFO 16008 --- [eureka-server] [SpringApplicationShutdownHook] o.s.boot.tomcat.GracefulShutdown         : Commencing graceful shutdown. Waiting for active requests to complete
2026-10-07T20:08:18.408+02:00  INFO 16008 --- [eureka-server] [tomcat-shutdown] o.s.boot.tomcat.GracefulShutdown         : Graceful shutdown complete
2026-10-07T20:08:18.413+02:00  INFO 16008 --- [eureka-server] [SpringApplicationShutdownHook] o.s.c.n.e.server.EurekaServerBootstrap   : Shutting down Eureka Server..
2026-10-07T20:08:18.413+02:00  INFO 16008 --- [eureka-server] [SpringApplicationShutdownHook] c.n.eureka.DefaultEurekaServerContext    : Shutting down ...
2026-10-07T20:08:18.417+02:00  INFO 16008 --- [eureka-server] [SpringApplicationShutdownHook] c.n.eureka.DefaultEurekaServerContext    : Shut down
2026-10-07T20:08:18.418+02:00  INFO 16008 --- [eureka-server] [SpringApplicationShutdownHook] o.s.c.n.e.server.EurekaServerBootstrap   : Eureka Service is now shutdown...
2026-10-07T20:08:18.419+02:00  INFO 16008 --- [eureka-server] [SpringApplicationShutdownHook] c.n.eureka.DefaultEurekaServerContext    : Shutting down ...
2026-10-07T20:08:18.419+02:00  INFO 16008 --- [eureka-server] [SpringApplicationShutdownHook] c.n.eureka.DefaultEurekaServerContext    : Shut down
2026-10-07T20:08:18.414+02:00 ERROR 16008 --- [eureka-server] [Eureka-Jersey3Client-Conn-Cleaner2] c.n.d.s.t.j.EurekaJersey3ClientImpl      : Cannot clean connections

java.lang.IllegalStateException: Client instance has been closed.
	at org.glassfish.jersey.internal.guava.Preconditions.checkState(Preconditions.java:169) ~[jersey-common-4.0.2.jar:na]
	at org.glassfish.jersey.client.JerseyClient.checkNotClosed(JerseyClient.java:248) ~[jersey-client-4.0.2.jar:na]
	at org.glassfish.jersey.client.JerseyClient.getConfiguration(JerseyClient.java:363) ~[jersey-client-4.0.2.jar:na]
	at org.glassfish.jersey.client.JerseyClient.getConfiguration(JerseyClient.java:54) ~[jersey-client-4.0.2.jar:na]
	at com.netflix.discovery.shared.transport.jersey3.EurekaJersey3ClientImpl$ConnectionCleanerTask.run(EurekaJersey3ClientImpl.java:338) ~[eureka-client-jersey3-2.0.6.jar:2.0.6]
	at java.base/java.util.concurrent.Executors$RunnableAdapter.call(Executors.java:545) ~[na:na]
	at java.base/java.util.concurrent.FutureTask.run(FutureTask.java:328) ~[na:na]
	at java.base/java.util.concurrent.ScheduledThreadPoolExecutor$ScheduledFutureTask.run(ScheduledThreadPoolExecutor.java:309) ~[na:na]
	at java.base/java.util.concurrent.ThreadPoolExecutor.runWorker(ThreadPoolExecutor.java:1095) ~[na:na]
	at java.base/java.util.concurrent.ThreadPoolExecutor$Worker.run(ThreadPoolExecutor.java:619) ~[na:na]
	at java.base/java.lang.Thread.run(Thread.java:1447) ~[na:na]

2026-10-07T20:08:18.428+02:00  INFO 16008 --- [eureka-server] [SpringApplicationShutdownHook] com.netflix.discovery.DiscoveryClient    : Shutting down DiscoveryClient ...
2026-10-07T20:08:18.428+02:00  INFO 16008 --- [eureka-server] [SpringApplicationShutdownHook] com.netflix.discovery.DiscoveryClient    : Completed shut down of DiscoveryClient
2026-10-07T20:08:44.828+02:00  INFO 19500 --- [eureka-server] [restartedMain] c.e.e.EurekaserverApplication            : Starting EurekaserverApplication using Java 24.0.1 with PID 19500 (E:\Programy\Github\nowy-ecomerce\nowy\ecom\eurekaserver\target\classes started by KPSzy in E:\Programy\Github\nowy-ecomerce\nowy\ecom)
2026-10-07T20:08:44.834+02:00  INFO 19500 --- [eureka-server] [restartedMain] c.e.e.EurekaserverApplication            : No active profile set, falling back to 1 default profile: "default"
2026-10-07T20:08:44.922+02:00  INFO 19500 --- [eureka-server] [restartedMain] o.s.c.c.c.ConfigServerConfigDataLoader   : Fetching config from server at : http://localhost:8888
2026-10-07T20:08:44.922+02:00  INFO 19500 --- [eureka-server] [restartedMain] o.s.c.c.c.ConfigServerConfigDataLoader   : Located environment: name=eureka-server, profiles=[default], label=null, version=null, state=null
2026-10-07T20:08:44.929+02:00  INFO 19500 --- [eureka-server] [restartedMain] .e.DevToolsPropertyDefaultsPostProcessor : Devtools property defaults active! Set 'spring.devtools.add-properties' to 'false' to disable
2026-10-07T20:08:44.929+02:00  INFO 19500 --- [eureka-server] [restartedMain] .e.DevToolsPropertyDefaultsPostProcessor : For additional web related logging consider setting the 'logging.level.web' property to 'DEBUG'
2026-10-07T20:08:46.448+02:00  INFO 19500 --- [eureka-server] [restartedMain] o.s.cloud.context.scope.GenericScope     : BeanFactory id=af114f12-fdcc-3bff-b742-fa72a93b0cd5
2026-10-07T20:08:47.222+02:00  INFO 19500 --- [eureka-server] [restartedMain] o.s.boot.tomcat.TomcatWebServer          : Tomcat initialized with port 8761 (http)
2026-10-07T20:08:47.241+02:00  INFO 19500 --- [eureka-server] [restartedMain] o.apache.catalina.core.StandardService   : Starting service [Tomcat]
2026-10-07T20:08:47.242+02:00  INFO 19500 --- [eureka-server] [restartedMain] o.apache.catalina.core.StandardEngine    : Starting Servlet engine: [Apache Tomcat/11.0.24]
2026-10-07T20:08:47.316+02:00  INFO 19500 --- [eureka-server] [restartedMain] b.w.c.s.WebApplicationContextInitializer : Root WebApplicationContext: initialization completed in 2386 ms
2026-10-07T20:08:48.416+02:00  INFO 19500 --- [eureka-server] [restartedMain] c.n.d.provider.DiscoveryJerseyProvider   : Using JSON encoding codec LegacyJacksonJson
2026-10-07T20:08:48.417+02:00  INFO 19500 --- [eureka-server] [restartedMain] c.n.d.provider.DiscoveryJerseyProvider   : Using JSON decoding codec LegacyJacksonJson
2026-10-07T20:08:48.763+02:00  INFO 19500 --- [eureka-server] [restartedMain] c.n.d.provider.DiscoveryJerseyProvider   : Using XML encoding codec XStreamXml
2026-10-07T20:08:48.764+02:00  INFO 19500 --- [eureka-server] [restartedMain] c.n.d.provider.DiscoveryJerseyProvider   : Using XML decoding codec XStreamXml
2026-10-07T20:08:49.059+02:00  INFO 19500 --- [eureka-server] [restartedMain] o.s.v.b.OptionalValidatorFactoryBean     : Failed to set up a Bean Validation provider: jakarta.validation.NoProviderFoundException: Unable to create a Configuration, because no Jakarta Validation provider could be found. Add a provider like Hibernate Validator (RI) to your classpath.
2026-10-07T20:08:49.871+02:00  INFO 19500 --- [eureka-server] [restartedMain] o.s.c.n.eureka.InstanceInfoFactory       : Setting initial instance status as: STARTING
2026-10-07T20:08:49.888+02:00  INFO 19500 --- [eureka-server] [restartedMain] com.netflix.discovery.DiscoveryClient    : Initializing Eureka in region us-east-1
2026-10-07T20:08:49.889+02:00  INFO 19500 --- [eureka-server] [restartedMain] com.netflix.discovery.DiscoveryClient    : Client configured to neither register nor query for data.
2026-10-07T20:08:49.890+02:00  INFO 19500 --- [eureka-server] [restartedMain] com.netflix.discovery.DiscoveryClient    : Discovery Client initialized at timestamp 1791396529890 with initial instances count: 0
2026-10-07T20:08:49.922+02:00  INFO 19500 --- [eureka-server] [restartedMain] c.n.eureka.DefaultEurekaServerContext    : Initializing ...
2026-10-07T20:08:49.923+02:00  INFO 19500 --- [eureka-server] [restartedMain] c.n.eureka.cluster.PeerEurekaNodes       : Adding new peer nodes [http://localhost:8761/eureka/]
2026-10-07T20:08:50.081+02:00  INFO 19500 --- [eureka-server] [restartedMain] c.n.d.provider.DiscoveryJerseyProvider   : Using JSON encoding codec LegacyJacksonJson
2026-10-07T20:08:50.082+02:00  INFO 19500 --- [eureka-server] [restartedMain] c.n.d.provider.DiscoveryJerseyProvider   : Using JSON decoding codec LegacyJacksonJson
2026-10-07T20:08:50.082+02:00  INFO 19500 --- [eureka-server] [restartedMain] c.n.d.provider.DiscoveryJerseyProvider   : Using XML encoding codec XStreamXml
2026-10-07T20:08:50.082+02:00  INFO 19500 --- [eureka-server] [restartedMain] c.n.d.provider.DiscoveryJerseyProvider   : Using XML decoding codec XStreamXml
2026-10-07T20:08:50.121+02:00  INFO 19500 --- [eureka-server] [restartedMain] c.n.eureka.cluster.PeerEurekaNodes       : Replica node URL:  http://localhost:8761/eureka/
2026-10-07T20:08:50.128+02:00  INFO 19500 --- [eureka-server] [restartedMain] c.n.e.registry.AbstractInstanceRegistry  : Finished initializing remote region registries. All known remote regions: []
2026-10-07T20:08:50.129+02:00  INFO 19500 --- [eureka-server] [restartedMain] c.n.eureka.DefaultEurekaServerContext    : Initialized
2026-10-07T20:08:50.141+02:00  INFO 19500 --- [eureka-server] [restartedMain] o.s.b.a.e.web.EndpointLinksResolver      : Exposing 17 endpoints beneath base path '/actuator'
2026-10-07T20:08:50.228+02:00  INFO 19500 --- [eureka-server] [restartedMain] o.s.c.n.e.s.EurekaServiceRegistry        : Registering application EUREKA-SERVER with eureka with status UP
2026-10-07T20:08:50.244+02:00  INFO 19500 --- [eureka-server] [Thread-13] o.s.c.n.e.server.EurekaServerBootstrap   : isAws returned false
2026-10-07T20:08:50.245+02:00  INFO 19500 --- [eureka-server] [Thread-13] o.s.c.n.e.server.EurekaServerBootstrap   : Initialized server context
2026-10-07T20:08:50.245+02:00  INFO 19500 --- [eureka-server] [Thread-13] c.n.e.r.PeerAwareInstanceRegistryImpl    : Got 1 instances from neighboring DS node
2026-10-07T20:08:50.245+02:00  INFO 19500 --- [eureka-server] [Thread-13] c.n.e.r.PeerAwareInstanceRegistryImpl    : Renew threshold is: 1
2026-10-07T20:08:50.245+02:00  INFO 19500 --- [eureka-server] [Thread-13] c.n.e.r.PeerAwareInstanceRegistryImpl    : Changing status to UP
2026-10-07T20:08:50.249+02:00  INFO 19500 --- [eureka-server] [Thread-13] e.s.EurekaServerInitializerConfiguration : Started Eureka Server
2026-10-07T20:08:50.265+02:00  INFO 19500 --- [eureka-server] [restartedMain] o.s.boot.tomcat.TomcatWebServer          : Tomcat started on port 8761 (http) with context path '/'
2026-10-07T20:08:50.267+02:00  INFO 19500 --- [eureka-server] [restartedMain] .s.c.n.e.s.EurekaAutoServiceRegistration : Updating port to 8761
2026-10-07T20:08:50.286+02:00  INFO 19500 --- [eureka-server] [restartedMain] c.e.e.EurekaserverApplication            : Started EurekaserverApplication in 6.931 seconds (process running for 7.929)
2026-10-07T20:09:02.872+02:00  INFO 19500 --- [eureka-server] [http-nio-8761-exec-1] o.a.c.c.C.[Tomcat].[localhost].[/]       : Initializing Spring DispatcherServlet 'dispatcherServlet'
2026-10-07T20:09:02.872+02:00  INFO 19500 --- [eureka-server] [http-nio-8761-exec-1] o.s.web.servlet.DispatcherServlet        : Initializing Servlet 'dispatcherServlet'
2026-10-07T20:09:02.873+02:00  INFO 19500 --- [eureka-server] [http-nio-8761-exec-1] o.s.web.servlet.DispatcherServlet        : Completed initialization in 1 ms
2026-10-07T20:09:03.188+02:00  INFO 19500 --- [eureka-server] [http-nio-8761-exec-2] c.n.e.registry.AbstractInstanceRegistry  : Registered instance USER-SERVICE/Kamil:user-service:8082 with status UP (replication=false)
2026-10-07T20:09:03.855+02:00  INFO 19500 --- [eureka-server] [http-nio-8761-exec-3] c.n.e.registry.AbstractInstanceRegistry  : Registered instance USER-SERVICE/Kamil:user-service:8082 with status UP (replication=true)
2026-10-07T20:09:07.969+02:00  INFO 19500 --- [eureka-server] [http-nio-8761-exec-5] c.n.e.registry.AbstractInstanceRegistry  : Registered instance PRODUCT-SERVICE/Kamil:product-service:8081 with status UP (replication=false)
2026-10-07T20:09:08.480+02:00  INFO 19500 --- [eureka-server] [http-nio-8761-exec-6] c.n.e.registry.AbstractInstanceRegistry  : Registered instance PRODUCT-SERVICE/Kamil:product-service:8081 with status UP (replication=true)
2026-10-07T20:09:09.381+02:00  INFO 19500 --- [eureka-server] [http-nio-8761-exec-8] c.n.e.registry.AbstractInstanceRegistry  : Registered instance ORDER-SERVICE/Kamil:order-service:8083 with status UP (replication=false)
2026-10-07T20:09:09.889+02:00  INFO 19500 --- [eureka-server] [http-nio-8761-exec-9] c.n.e.registry.AbstractInstanceRegistry  : Registered instance ORDER-SERVICE/Kamil:order-service:8083 with status UP (replication=true)
2026-10-07T20:09:50.247+02:00  INFO 19500 --- [eureka-server] [Eureka-EvictionTimer] c.n.e.registry.AbstractInstanceRegistry  : Running the evict task with compensationTime 0ms
2026-10-07T20:10:50.248+02:00  INFO 19500 --- [eureka-server] [Eureka-EvictionTimer] c.n.e.registry.AbstractInstanceRegistry  : Running the evict task with compensationTime 0ms
2026-10-07T20:11:50.248+02:00  INFO 19500 --- [eureka-server] [Eureka-EvictionTimer] c.n.e.registry.AbstractInstanceRegistry  : Running the evict task with compensationTime 0ms
2026-10-07T20:12:50.248+02:00  INFO 19500 --- [eureka-server] [Eureka-EvictionTimer] c.n.e.registry.AbstractInstanceRegistry  : Running the evict task with compensationTime 0ms
2026-10-07T20:13:50.248+02:00  INFO 19500 --- [eureka-server] [Eureka-EvictionTimer] c.n.e.registry.AbstractInstanceRegistry  : Running the evict task with compensationTime 0ms
2026-10-07T20:13:57.663+02:00  INFO 19500 --- [eureka-server] [http-nio-8761-exec-1] c.n.e.registry.AbstractInstanceRegistry  : Registered instance PRODUCT-SERVICE/Kamil:product-service:8081 with status DOWN (replication=false)
2026-10-07T20:13:57.745+02:00  INFO 19500 --- [eureka-server] [File Watcher] rtingClassPathChangeChangedEventListener : Restarting due to 1 class path change (0 additions, 1 deletion, 0 modifications)
2026-10-07T20:13:57.765+02:00  INFO 19500 --- [eureka-server] [http-nio-8761-exec-2] c.n.e.registry.AbstractInstanceRegistry  : Registered instance USER-SERVICE/Kamil:user-service:8082 with status DOWN (replication=false)
2026-10-07T20:13:57.778+02:00  INFO 19500 --- [eureka-server] [http-nio-8761-exec-3] c.n.e.registry.AbstractInstanceRegistry  : Registered instance ORDER-SERVICE/Kamil:order-service:8083 with status DOWN (replication=false)
2026-10-07T20:13:57.866+02:00  INFO 19500 --- [eureka-server] [Thread-1] o.s.c.n.e.s.EurekaServiceRegistry        : Unregistering application EUREKA-SERVER with eureka with status DOWN
2026-10-07T20:13:57.874+02:00  INFO 19500 --- [eureka-server] [Thread-1] o.s.boot.tomcat.GracefulShutdown         : Commencing graceful shutdown. Waiting for active requests to complete
2026-10-07T20:13:57.932+02:00  INFO 19500 --- [eureka-server] [tomcat-shutdown] o.s.boot.tomcat.GracefulShutdown         : Graceful shutdown complete
2026-10-07T20:13:57.941+02:00  INFO 19500 --- [eureka-server] [Thread-1] o.s.c.n.e.server.EurekaServerBootstrap   : Shutting down Eureka Server..
2026-10-07T20:13:57.941+02:00  INFO 19500 --- [eureka-server] [Thread-1] c.n.eureka.DefaultEurekaServerContext    : Shutting down ...
2026-10-07T20:13:57.966+02:00  INFO 19500 --- [eureka-server] [Thread-1] c.n.eureka.DefaultEurekaServerContext    : Shut down
2026-10-07T20:13:57.969+02:00  INFO 19500 --- [eureka-server] [Thread-1] o.s.c.n.e.server.EurekaServerBootstrap   : Eureka Service is now shutdown...
2026-10-07T20:13:57.970+02:00  INFO 19500 --- [eureka-server] [Thread-1] c.n.eureka.DefaultEurekaServerContext    : Shutting down ...
2026-10-07T20:13:57.970+02:00  INFO 19500 --- [eureka-server] [Thread-1] c.n.eureka.DefaultEurekaServerContext    : Shut down
2026-10-07T20:13:57.949+02:00 ERROR 19500 --- [eureka-server] [Eureka-Jersey3Client-Conn-Cleaner2] c.n.d.s.t.j.EurekaJersey3ClientImpl      : Cannot clean connections

java.lang.IllegalStateException: Client instance has been closed.
	at org.glassfish.jersey.internal.guava.Preconditions.checkState(Preconditions.java:169) ~[jersey-common-4.0.2.jar:na]
	at org.glassfish.jersey.client.JerseyClient.checkNotClosed(JerseyClient.java:248) ~[jersey-client-4.0.2.jar:na]
	at org.glassfish.jersey.client.JerseyClient.getConfiguration(JerseyClient.java:363) ~[jersey-client-4.0.2.jar:na]
	at org.glassfish.jersey.client.JerseyClient.getConfiguration(JerseyClient.java:54) ~[jersey-client-4.0.2.jar:na]
	at com.netflix.discovery.shared.transport.jersey3.EurekaJersey3ClientImpl$ConnectionCleanerTask.run(EurekaJersey3ClientImpl.java:338) ~[eureka-client-jersey3-2.0.6.jar:2.0.6]
	at java.base/java.util.concurrent.Executors$RunnableAdapter.call(Executors.java:545) ~[na:na]
	at java.base/java.util.concurrent.FutureTask.run(FutureTask.java:328) ~[na:na]
	at java.base/java.util.concurrent.ScheduledThreadPoolExecutor$ScheduledFutureTask.run(ScheduledThreadPoolExecutor.java:309) ~[na:na]
	at java.base/java.util.concurrent.ThreadPoolExecutor.runWorker(ThreadPoolExecutor.java:1095) ~[na:na]
	at java.base/java.util.concurrent.ThreadPoolExecutor$Worker.run(ThreadPoolExecutor.java:619) ~[na:na]
	at java.base/java.lang.Thread.run(Thread.java:1447) ~[na:na]

2026-10-07T20:13:58.003+02:00  INFO 19500 --- [eureka-server] [Thread-1] com.netflix.discovery.DiscoveryClient    : Shutting down DiscoveryClient ...
2026-10-07T20:13:58.003+02:00  INFO 19500 --- [eureka-server] [Thread-1] com.netflix.discovery.DiscoveryClient    : Completed shut down of DiscoveryClient
2026-10-07T20:13:58.372+02:00  INFO 19500 --- [eureka-server] [restartedMain] c.e.e.EurekaserverApplication            : Starting EurekaserverApplication using Java 24.0.1 with PID 19500 (E:\Programy\Github\nowy-ecomerce\nowy\ecom\eurekaserver\target\classes started by KPSzy in E:\Programy\Github\nowy-ecomerce\nowy\ecom)
2026-10-07T20:13:58.373+02:00  INFO 19500 --- [eureka-server] [restartedMain] c.e.e.EurekaserverApplication            : No active profile set, falling back to 1 default profile: "default"
2026-10-07T20:13:58.379+02:00  INFO 19500 --- [eureka-server] [restartedMain] o.s.c.c.c.ConfigServerConfigDataLoader   : Fetching config from server at : http://localhost:8888
2026-10-07T20:13:58.381+02:00  INFO 19500 --- [eureka-server] [restartedMain] o.s.c.c.c.ConfigServerConfigDataLoader   : Located environment: name=eureka-server, profiles=[default], label=null, version=null, state=null
2026-10-07T20:13:59.679+02:00  INFO 19500 --- [eureka-server] [restartedMain] o.s.cloud.context.scope.GenericScope     : BeanFactory id=af114f12-fdcc-3bff-b742-fa72a93b0cd5
2026-10-07T20:13:59.790+02:00  INFO 19500 --- [eureka-server] [restartedMain] o.s.boot.tomcat.TomcatWebServer          : Tomcat initialized with port 8761 (http)
2026-10-07T20:13:59.791+02:00  INFO 19500 --- [eureka-server] [restartedMain] o.apache.catalina.core.StandardService   : Starting service [Tomcat]
2026-10-07T20:13:59.792+02:00  INFO 19500 --- [eureka-server] [restartedMain] o.apache.catalina.core.StandardEngine    : Starting Servlet engine: [Apache Tomcat/11.0.24]
2026-10-07T20:14:00.048+02:00  INFO 19500 --- [eureka-server] [restartedMain] b.w.c.s.WebApplicationContextInitializer : Root WebApplicationContext: initialization completed in 1661 ms
2026-10-07T20:14:00.342+02:00  INFO 19500 --- [eureka-server] [restartedMain] c.n.d.provider.DiscoveryJerseyProvider   : Using JSON encoding codec LegacyJacksonJson
2026-10-07T20:14:00.342+02:00  INFO 19500 --- [eureka-server] [restartedMain] c.n.d.provider.DiscoveryJerseyProvider   : Using JSON decoding codec LegacyJacksonJson
2026-10-07T20:14:00.342+02:00  INFO 19500 --- [eureka-server] [restartedMain] c.n.d.provider.DiscoveryJerseyProvider   : Using XML encoding codec XStreamXml
2026-10-07T20:14:00.342+02:00  INFO 19500 --- [eureka-server] [restartedMain] c.n.d.provider.DiscoveryJerseyProvider   : Using XML decoding codec XStreamXml
2026-10-07T20:14:00.403+02:00  INFO 19500 --- [eureka-server] [restartedMain] o.s.v.b.OptionalValidatorFactoryBean     : Failed to set up a Bean Validation provider: jakarta.validation.NoProviderFoundException: Unable to create a Configuration, because no Jakarta Validation provider could be found. Add a provider like Hibernate Validator (RI) to your classpath.
2026-10-07T20:14:00.641+02:00  INFO 19500 --- [eureka-server] [restartedMain] o.s.c.n.eureka.InstanceInfoFactory       : Setting initial instance status as: STARTING
2026-10-07T20:14:00.642+02:00  INFO 19500 --- [eureka-server] [restartedMain] com.netflix.discovery.DiscoveryClient    : Initializing Eureka in region us-east-1
2026-10-07T20:14:00.642+02:00  INFO 19500 --- [eureka-server] [restartedMain] com.netflix.discovery.DiscoveryClient    : Client configured to neither register nor query for data.
2026-10-07T20:14:00.642+02:00  INFO 19500 --- [eureka-server] [restartedMain] com.netflix.discovery.DiscoveryClient    : Discovery Client initialized at timestamp 1791396840642 with initial instances count: 0
2026-10-07T20:14:00.646+02:00  INFO 19500 --- [eureka-server] [restartedMain] c.n.eureka.DefaultEurekaServerContext    : Initializing ...
2026-10-07T20:14:00.646+02:00  INFO 19500 --- [eureka-server] [restartedMain] c.n.eureka.cluster.PeerEurekaNodes       : Adding new peer nodes [http://localhost:8761/eureka/]
2026-10-07T20:14:00.655+02:00  INFO 19500 --- [eureka-server] [restartedMain] c.n.d.provider.DiscoveryJerseyProvider   : Using JSON encoding codec LegacyJacksonJson
2026-10-07T20:14:00.655+02:00  INFO 19500 --- [eureka-server] [restartedMain] c.n.d.provider.DiscoveryJerseyProvider   : Using JSON decoding codec LegacyJacksonJson
2026-10-07T20:14:00.655+02:00  INFO 19500 --- [eureka-server] [restartedMain] c.n.d.provider.DiscoveryJerseyProvider   : Using XML encoding codec XStreamXml
2026-10-07T20:14:00.655+02:00  INFO 19500 --- [eureka-server] [restartedMain] c.n.d.provider.DiscoveryJerseyProvider   : Using XML decoding codec XStreamXml
2026-10-07T20:14:00.662+02:00  INFO 19500 --- [eureka-server] [restartedMain] c.n.eureka.cluster.PeerEurekaNodes       : Replica node URL:  http://localhost:8761/eureka/
2026-10-07T20:14:00.662+02:00  INFO 19500 --- [eureka-server] [restartedMain] c.n.e.registry.AbstractInstanceRegistry  : Finished initializing remote region registries. All known remote regions: []
2026-10-07T20:14:00.662+02:00  INFO 19500 --- [eureka-server] [restartedMain] c.n.eureka.DefaultEurekaServerContext    : Initialized
2026-10-07T20:14:00.668+02:00  INFO 19500 --- [eureka-server] [restartedMain] o.s.b.a.e.web.EndpointLinksResolver      : Exposing 17 endpoints beneath base path '/actuator'
2026-10-07T20:14:00.703+02:00  INFO 19500 --- [eureka-server] [restartedMain] o.s.c.n.e.s.EurekaServiceRegistry        : Registering application EUREKA-SERVER with eureka with status UP
2026-10-07T20:14:00.705+02:00  INFO 19500 --- [eureka-server] [Thread-26] o.s.c.n.e.server.EurekaServerBootstrap   : isAws returned false
2026-10-07T20:14:00.706+02:00  INFO 19500 --- [eureka-server] [Thread-26] o.s.c.n.e.server.EurekaServerBootstrap   : Initialized server context
2026-10-07T20:14:00.706+02:00  INFO 19500 --- [eureka-server] [Thread-26] c.n.e.r.PeerAwareInstanceRegistryImpl    : Got 1 instances from neighboring DS node
2026-10-07T20:14:00.706+02:00  INFO 19500 --- [eureka-server] [Thread-26] c.n.e.r.PeerAwareInstanceRegistryImpl    : Renew threshold is: 1
2026-10-07T20:14:00.706+02:00  INFO 19500 --- [eureka-server] [Thread-26] c.n.e.r.PeerAwareInstanceRegistryImpl    : Changing status to UP
2026-10-07T20:14:00.706+02:00  INFO 19500 --- [eureka-server] [Thread-26] e.s.EurekaServerInitializerConfiguration : Started Eureka Server
2026-10-07T20:14:00.710+02:00  INFO 19500 --- [eureka-server] [restartedMain] o.s.boot.tomcat.TomcatWebServer          : Tomcat started on port 8761 (http) with context path '/'
2026-10-07T20:14:00.712+02:00  INFO 19500 --- [eureka-server] [restartedMain] .s.c.n.e.s.EurekaAutoServiceRegistration : Updating port to 8761
2026-10-07T20:14:00.720+02:00  INFO 19500 --- [eureka-server] [restartedMain] c.e.e.EurekaserverApplication            : Started EurekaserverApplication in 2.557 seconds (process running for 318.363)
2026-10-07T20:14:00.727+02:00  INFO 19500 --- [eureka-server] [restartedMain] .ConditionEvaluationDeltaLoggingListener : Condition evaluation unchanged
2026-10-07T20:14:01.736+02:00  INFO 19500 --- [eureka-server] [http-nio-8761-exec-1] o.a.c.c.C.[Tomcat].[localhost].[/]       : Initializing Spring DispatcherServlet 'dispatcherServlet'
2026-10-07T20:14:01.736+02:00  INFO 19500 --- [eureka-server] [http-nio-8761-exec-1] o.s.web.servlet.DispatcherServlet        : Initializing Servlet 'dispatcherServlet'
2026-10-07T20:14:01.738+02:00  INFO 19500 --- [eureka-server] [http-nio-8761-exec-1] o.s.web.servlet.DispatcherServlet        : Completed initialization in 2 ms
2026-10-07T20:14:01.754+02:00  WARN 19500 --- [eureka-server] [http-nio-8761-exec-1] c.n.e.registry.AbstractInstanceRegistry  : DS: Registry: cancel failed because Lease is not registered for: PRODUCT-SERVICE/Kamil:product-service:8081
2026-10-07T20:14:01.754+02:00  INFO 19500 --- [eureka-server] [http-nio-8761-exec-1] c.n.eureka.resources.InstanceResource    : Not Found (Cancel): PRODUCT-SERVICE - Kamil:product-service:8081
2026-10-07T20:14:02.211+02:00  WARN 19500 --- [eureka-server] [http-nio-8761-exec-3] c.n.e.registry.AbstractInstanceRegistry  : DS: Registry: cancel failed because Lease is not registered for: ORDER-SERVICE/Kamil:order-service:8083
2026-10-07T20:14:02.211+02:00  INFO 19500 --- [eureka-server] [http-nio-8761-exec-3] c.n.eureka.resources.InstanceResource    : Not Found (Cancel): ORDER-SERVICE - Kamil:order-service:8083
2026-10-07T20:14:02.388+02:00  WARN 19500 --- [eureka-server] [http-nio-8761-exec-4] c.n.e.registry.AbstractInstanceRegistry  : DS: Registry: cancel failed because Lease is not registered for: USER-SERVICE/Kamil:user-service:8082
2026-10-07T20:14:02.389+02:00  INFO 19500 --- [eureka-server] [http-nio-8761-exec-4] c.n.eureka.resources.InstanceResource    : Not Found (Cancel): USER-SERVICE - Kamil:user-service:8082
2026-10-07T20:14:04.816+02:00  INFO 19500 --- [eureka-server] [http-nio-8761-exec-8] c.n.e.registry.AbstractInstanceRegistry  : Registered instance ORDER-SERVICE/Kamil:order-service:8083 with status UP (replication=false)
2026-10-07T20:14:04.879+02:00  INFO 19500 --- [eureka-server] [http-nio-8761-exec-10] c.n.e.registry.AbstractInstanceRegistry  : Registered instance PRODUCT-SERVICE/Kamil:product-service:8081 with status UP (replication=false)
2026-10-07T20:14:05.329+02:00  INFO 19500 --- [eureka-server] [http-nio-8761-exec-2] c.n.e.registry.AbstractInstanceRegistry  : Registered instance USER-SERVICE/Kamil:user-service:8082 with status UP (replication=false)
2026-10-07T20:14:05.352+02:00  INFO 19500 --- [eureka-server] [http-nio-8761-exec-3] c.n.e.registry.AbstractInstanceRegistry  : Registered instance ORDER-SERVICE/Kamil:order-service:8083 with status UP (replication=true)
2026-10-07T20:14:05.353+02:00  INFO 19500 --- [eureka-server] [http-nio-8761-exec-3] c.n.e.registry.AbstractInstanceRegistry  : Registered instance PRODUCT-SERVICE/Kamil:product-service:8081 with status UP (replication=true)
2026-10-07T20:14:05.845+02:00  INFO 19500 --- [eureka-server] [http-nio-8761-exec-4] c.n.e.registry.AbstractInstanceRegistry  : Registered instance USER-SERVICE/Kamil:user-service:8082 with status UP (replication=true)
2026-10-07T20:14:52.143+02:00  INFO 19500 --- [eureka-server] [http-nio-8761-exec-3] c.n.e.registry.AbstractInstanceRegistry  : Registered instance PRODUCT-SERVICE/Kamil:product-service:8081 with status DOWN (replication=false)
2026-10-07T20:14:52.148+02:00  INFO 19500 --- [eureka-server] [File Watcher] rtingClassPathChangeChangedEventListener : Restarting due to 1 class path change (0 additions, 0 deletions, 1 modification)
2026-10-07T20:14:52.149+02:00  INFO 19500 --- [eureka-server] [Thread-14] o.s.c.n.e.s.EurekaServiceRegistry        : Unregistering application EUREKA-SERVER with eureka with status DOWN
2026-10-07T20:14:52.150+02:00  INFO 19500 --- [eureka-server] [Thread-14] o.s.boot.tomcat.GracefulShutdown         : Commencing graceful shutdown. Waiting for active requests to complete
2026-10-07T20:14:52.157+02:00  INFO 19500 --- [eureka-server] [tomcat-shutdown] o.s.boot.tomcat.GracefulShutdown         : Graceful shutdown complete
2026-10-07T20:14:52.158+02:00  INFO 19500 --- [eureka-server] [Thread-14] o.s.c.n.e.server.EurekaServerBootstrap   : Shutting down Eureka Server..
2026-10-07T20:14:52.158+02:00  INFO 19500 --- [eureka-server] [Thread-14] c.n.eureka.DefaultEurekaServerContext    : Shutting down ...
2026-10-07T20:14:52.158+02:00 ERROR 19500 --- [eureka-server] [Eureka-Jersey3Client-Conn-Cleaner2] c.n.d.s.t.j.EurekaJersey3ClientImpl      : Cannot clean connections

java.lang.IllegalStateException: Client instance has been closed.
	at org.glassfish.jersey.internal.guava.Preconditions.checkState(Preconditions.java:169) ~[jersey-common-4.0.2.jar:na]
	at org.glassfish.jersey.client.JerseyClient.checkNotClosed(JerseyClient.java:248) ~[jersey-client-4.0.2.jar:na]
	at org.glassfish.jersey.client.JerseyClient.getConfiguration(JerseyClient.java:363) ~[jersey-client-4.0.2.jar:na]
	at org.glassfish.jersey.client.JerseyClient.getConfiguration(JerseyClient.java:54) ~[jersey-client-4.0.2.jar:na]
	at com.netflix.discovery.shared.transport.jersey3.EurekaJersey3ClientImpl$ConnectionCleanerTask.run(EurekaJersey3ClientImpl.java:338) ~[eureka-client-jersey3-2.0.6.jar:2.0.6]
	at java.base/java.util.concurrent.Executors$RunnableAdapter.call(Executors.java:545) ~[na:na]
	at java.base/java.util.concurrent.FutureTask.run(FutureTask.java:328) ~[na:na]
	at java.base/java.util.concurrent.ScheduledThreadPoolExecutor$ScheduledFutureTask.run(ScheduledThreadPoolExecutor.java:309) ~[na:na]
	at java.base/java.util.concurrent.ThreadPoolExecutor.runWorker(ThreadPoolExecutor.java:1095) ~[na:na]
	at java.base/java.util.concurrent.ThreadPoolExecutor$Worker.run(ThreadPoolExecutor.java:619) ~[na:na]
	at java.base/java.lang.Thread.run(Thread.java:1447) ~[na:na]

2026-10-07T20:14:52.160+02:00  INFO 19500 --- [eureka-server] [Thread-14] c.n.eureka.DefaultEurekaServerContext    : Shut down
2026-10-07T20:14:52.160+02:00  INFO 19500 --- [eureka-server] [Thread-14] o.s.c.n.e.server.EurekaServerBootstrap   : Eureka Service is now shutdown...
2026-10-07T20:14:52.160+02:00  INFO 19500 --- [eureka-server] [Thread-14] c.n.eureka.DefaultEurekaServerContext    : Shutting down ...
2026-10-07T20:14:52.160+02:00  INFO 19500 --- [eureka-server] [Thread-14] c.n.eureka.DefaultEurekaServerContext    : Shut down
2026-10-07T20:14:52.164+02:00  INFO 19500 --- [eureka-server] [Thread-14] com.netflix.discovery.DiscoveryClient    : Shutting down DiscoveryClient ...
2026-10-07T20:14:52.165+02:00  INFO 19500 --- [eureka-server] [Thread-14] com.netflix.discovery.DiscoveryClient    : Completed shut down of DiscoveryClient
2026-10-07T20:14:52.336+02:00  INFO 19500 --- [eureka-server] [restartedMain] c.e.e.EurekaserverApplication            : Starting EurekaserverApplication using Java 24.0.1 with PID 19500 (E:\Programy\Github\nowy-ecomerce\nowy\ecom\eurekaserver\target\classes started by KPSzy in E:\Programy\Github\nowy-ecomerce\nowy\ecom)
2026-10-07T20:14:52.336+02:00  INFO 19500 --- [eureka-server] [restartedMain] c.e.e.EurekaserverApplication            : No active profile set, falling back to 1 default profile: "default"
2026-10-07T20:14:52.339+02:00  INFO 19500 --- [eureka-server] [restartedMain] o.s.c.c.c.ConfigServerConfigDataLoader   : Fetching config from server at : http://localhost:8888
2026-10-07T20:14:52.339+02:00  INFO 19500 --- [eureka-server] [restartedMain] o.s.c.c.c.ConfigServerConfigDataLoader   : Located environment: name=eureka-server, profiles=[default], label=null, version=null, state=null
2026-10-07T20:14:52.661+02:00  INFO 19500 --- [eureka-server] [restartedMain] o.s.cloud.context.scope.GenericScope     : BeanFactory id=af114f12-fdcc-3bff-b742-fa72a93b0cd5
2026-10-07T20:14:52.779+02:00  INFO 19500 --- [eureka-server] [restartedMain] o.s.boot.tomcat.TomcatWebServer          : Tomcat initialized with port 8761 (http)
2026-10-07T20:14:52.780+02:00  INFO 19500 --- [eureka-server] [restartedMain] o.apache.catalina.core.StandardService   : Starting service [Tomcat]
2026-10-07T20:14:52.780+02:00  INFO 19500 --- [eureka-server] [restartedMain] o.apache.catalina.core.StandardEngine    : Starting Servlet engine: [Apache Tomcat/11.0.24]
2026-10-07T20:14:52.907+02:00  INFO 19500 --- [eureka-server] [restartedMain] b.w.c.s.WebApplicationContextInitializer : Root WebApplicationContext: initialization completed in 567 ms
2026-10-07T20:14:53.114+02:00  INFO 19500 --- [eureka-server] [restartedMain] c.n.d.provider.DiscoveryJerseyProvider   : Using JSON encoding codec LegacyJacksonJson
2026-10-07T20:14:53.115+02:00  INFO 19500 --- [eureka-server] [restartedMain] c.n.d.provider.DiscoveryJerseyProvider   : Using JSON decoding codec LegacyJacksonJson
2026-10-07T20:14:53.115+02:00  INFO 19500 --- [eureka-server] [restartedMain] c.n.d.provider.DiscoveryJerseyProvider   : Using XML encoding codec XStreamXml
2026-10-07T20:14:53.115+02:00  INFO 19500 --- [eureka-server] [restartedMain] c.n.d.provider.DiscoveryJerseyProvider   : Using XML decoding codec XStreamXml
2026-10-07T20:14:53.154+02:00  INFO 19500 --- [eureka-server] [restartedMain] o.s.v.b.OptionalValidatorFactoryBean     : Failed to set up a Bean Validation provider: jakarta.validation.NoProviderFoundException: Unable to create a Configuration, because no Jakarta Validation provider could be found. Add a provider like Hibernate Validator (RI) to your classpath.
2026-10-07T20:14:53.318+02:00  INFO 19500 --- [eureka-server] [restartedMain] o.s.c.n.eureka.InstanceInfoFactory       : Setting initial instance status as: STARTING
2026-10-07T20:14:53.319+02:00  INFO 19500 --- [eureka-server] [restartedMain] com.netflix.discovery.DiscoveryClient    : Initializing Eureka in region us-east-1
2026-10-07T20:14:53.319+02:00  INFO 19500 --- [eureka-server] [restartedMain] com.netflix.discovery.DiscoveryClient    : Client configured to neither register nor query for data.
2026-10-07T20:14:53.319+02:00  INFO 19500 --- [eureka-server] [restartedMain] com.netflix.discovery.DiscoveryClient    : Discovery Client initialized at timestamp 1791396893319 with initial instances count: 0
2026-10-07T20:14:53.325+02:00  INFO 19500 --- [eureka-server] [restartedMain] c.n.eureka.DefaultEurekaServerContext    : Initializing ...
2026-10-07T20:14:53.325+02:00  INFO 19500 --- [eureka-server] [restartedMain] c.n.eureka.cluster.PeerEurekaNodes       : Adding new peer nodes [http://localhost:8761/eureka/]
2026-10-07T20:14:53.331+02:00  INFO 19500 --- [eureka-server] [restartedMain] c.n.d.provider.DiscoveryJerseyProvider   : Using JSON encoding codec LegacyJacksonJson
2026-10-07T20:14:53.331+02:00  INFO 19500 --- [eureka-server] [restartedMain] c.n.d.provider.DiscoveryJerseyProvider   : Using JSON decoding codec LegacyJacksonJson
2026-10-07T20:14:53.331+02:00  INFO 19500 --- [eureka-server] [restartedMain] c.n.d.provider.DiscoveryJerseyProvider   : Using XML encoding codec XStreamXml
2026-10-07T20:14:53.331+02:00  INFO 19500 --- [eureka-server] [restartedMain] c.n.d.provider.DiscoveryJerseyProvider   : Using XML decoding codec XStreamXml
2026-10-07T20:14:53.338+02:00  INFO 19500 --- [eureka-server] [restartedMain] c.n.eureka.cluster.PeerEurekaNodes       : Replica node URL:  http://localhost:8761/eureka/
2026-10-07T20:14:53.339+02:00  INFO 19500 --- [eureka-server] [restartedMain] c.n.e.registry.AbstractInstanceRegistry  : Finished initializing remote region registries. All known remote regions: []
2026-10-07T20:14:53.339+02:00  INFO 19500 --- [eureka-server] [restartedMain] c.n.eureka.DefaultEurekaServerContext    : Initialized
2026-10-07T20:14:53.345+02:00  INFO 19500 --- [eureka-server] [restartedMain] o.s.b.a.e.web.EndpointLinksResolver      : Exposing 17 endpoints beneath base path '/actuator'
2026-10-07T20:14:53.369+02:00  INFO 19500 --- [eureka-server] [restartedMain] o.s.c.n.e.s.EurekaServiceRegistry        : Registering application EUREKA-SERVER with eureka with status UP
2026-10-07T20:14:53.371+02:00  INFO 19500 --- [eureka-server] [Thread-39] o.s.c.n.e.server.EurekaServerBootstrap   : isAws returned false
2026-10-07T20:14:53.371+02:00  INFO 19500 --- [eureka-server] [Thread-39] o.s.c.n.e.server.EurekaServerBootstrap   : Initialized server context
2026-10-07T20:14:53.371+02:00  INFO 19500 --- [eureka-server] [Thread-39] c.n.e.r.PeerAwareInstanceRegistryImpl    : Got 1 instances from neighboring DS node
2026-10-07T20:14:53.371+02:00  INFO 19500 --- [eureka-server] [Thread-39] c.n.e.r.PeerAwareInstanceRegistryImpl    : Renew threshold is: 1
2026-10-07T20:14:53.371+02:00  INFO 19500 --- [eureka-server] [Thread-39] c.n.e.r.PeerAwareInstanceRegistryImpl    : Changing status to UP
2026-10-07T20:14:53.371+02:00  INFO 19500 --- [eureka-server] [Thread-39] e.s.EurekaServerInitializerConfiguration : Started Eureka Server
2026-10-07T20:14:53.376+02:00  INFO 19500 --- [eureka-server] [restartedMain] o.s.boot.tomcat.TomcatWebServer          : Tomcat started on port 8761 (http) with context path '/'
2026-10-07T20:14:53.377+02:00  INFO 19500 --- [eureka-server] [restartedMain] .s.c.n.e.s.EurekaAutoServiceRegistration : Updating port to 8761
2026-10-07T20:14:53.384+02:00  INFO 19500 --- [eureka-server] [restartedMain] c.e.e.EurekaserverApplication            : Started EurekaserverApplication in 1.137 seconds (process running for 371.027)
2026-10-07T20:14:53.389+02:00  INFO 19500 --- [eureka-server] [restartedMain] .ConditionEvaluationDeltaLoggingListener : Condition evaluation unchanged
2026-10-07T20:14:56.466+02:00  INFO 19500 --- [eureka-server] [http-nio-8761-exec-1] o.a.c.c.C.[Tomcat].[localhost].[/]       : Initializing Spring DispatcherServlet 'dispatcherServlet'
2026-10-07T20:14:56.467+02:00  INFO 19500 --- [eureka-server] [http-nio-8761-exec-1] o.s.web.servlet.DispatcherServlet        : Initializing Servlet 'dispatcherServlet'
2026-10-07T20:14:56.468+02:00  INFO 19500 --- [eureka-server] [http-nio-8761-exec-1] o.s.web.servlet.DispatcherServlet        : Completed initialization in 1 ms
2026-10-07T20:14:56.483+02:00  WARN 19500 --- [eureka-server] [http-nio-8761-exec-1] c.n.e.registry.AbstractInstanceRegistry  : DS: Registry: cancel failed because Lease is not registered for: USER-SERVICE/Kamil:user-service:8082
2026-10-07T20:14:56.483+02:00  INFO 19500 --- [eureka-server] [http-nio-8761-exec-1] c.n.eureka.resources.InstanceResource    : Not Found (Cancel): USER-SERVICE - Kamil:user-service:8082
2026-10-07T20:14:56.941+02:00  WARN 19500 --- [eureka-server] [http-nio-8761-exec-5] c.n.e.registry.AbstractInstanceRegistry  : DS: Registry: cancel failed because Lease is not registered for: ORDER-SERVICE/Kamil:order-service:8083
2026-10-07T20:14:56.941+02:00  INFO 19500 --- [eureka-server] [http-nio-8761-exec-5] c.n.eureka.resources.InstanceResource    : Not Found (Cancel): ORDER-SERVICE - Kamil:order-service:8083
2026-10-07T20:14:57.005+02:00  WARN 19500 --- [eureka-server] [http-nio-8761-exec-2] c.n.e.registry.AbstractInstanceRegistry  : DS: Registry: cancel failed because Lease is not registered for: PRODUCT-SERVICE/Kamil:product-service:8081
2026-10-07T20:14:57.005+02:00  INFO 19500 --- [eureka-server] [http-nio-8761-exec-2] c.n.eureka.resources.InstanceResource    : Not Found (Cancel): PRODUCT-SERVICE - Kamil:product-service:8081
2026-10-07T20:14:58.331+02:00  INFO 19500 --- [eureka-server] [http-nio-8761-exec-8] c.n.e.registry.AbstractInstanceRegistry  : Registered instance USER-SERVICE/Kamil:user-service:8082 with status UP (replication=false)
2026-10-07T20:14:58.864+02:00  INFO 19500 --- [eureka-server] [http-nio-8761-exec-9] c.n.e.registry.AbstractInstanceRegistry  : Registered instance USER-SERVICE/Kamil:user-service:8082 with status UP (replication=true)
2026-10-07T20:14:59.074+02:00  INFO 19500 --- [eureka-server] [http-nio-8761-exec-1] c.n.e.registry.AbstractInstanceRegistry  : Registered instance ORDER-SERVICE/Kamil:order-service:8083 with status UP (replication=false)
2026-10-07T20:14:59.139+02:00  INFO 19500 --- [eureka-server] [http-nio-8761-exec-5] c.n.e.registry.AbstractInstanceRegistry  : Registered instance PRODUCT-SERVICE/Kamil:product-service:8081 with status UP (replication=false)
2026-10-07T20:14:59.579+02:00  INFO 19500 --- [eureka-server] [http-nio-8761-exec-2] c.n.e.registry.AbstractInstanceRegistry  : Registered instance ORDER-SERVICE/Kamil:order-service:8083 with status UP (replication=true)
2026-10-07T20:14:59.579+02:00  INFO 19500 --- [eureka-server] [http-nio-8761-exec-2] c.n.e.registry.AbstractInstanceRegistry  : Registered instance PRODUCT-SERVICE/Kamil:product-service:8081 with status UP (replication=true)
2026-10-07T20:15:06.703+02:00  INFO 19500 --- [eureka-server] [File Watcher] rtingClassPathChangeChangedEventListener : Restarting due to 1 class path change (1 addition, 0 deletions, 0 modifications)
2026-10-07T20:15:06.706+02:00  INFO 19500 --- [eureka-server] [Thread-27] o.s.c.n.e.s.EurekaServiceRegistry        : Unregistering application EUREKA-SERVER with eureka with status DOWN
2026-10-07T20:15:06.707+02:00  INFO 19500 --- [eureka-server] [Thread-27] o.s.boot.tomcat.GracefulShutdown         : Commencing graceful shutdown. Waiting for active requests to complete
2026-10-07T20:15:06.711+02:00  INFO 19500 --- [eureka-server] [tomcat-shutdown] o.s.boot.tomcat.GracefulShutdown         : Graceful shutdown complete
2026-10-07T20:15:06.713+02:00  INFO 19500 --- [eureka-server] [Thread-27] o.s.c.n.e.server.EurekaServerBootstrap   : Shutting down Eureka Server..
2026-10-07T20:15:06.713+02:00  INFO 19500 --- [eureka-server] [Thread-27] c.n.eureka.DefaultEurekaServerContext    : Shutting down ...
2026-10-07T20:15:06.713+02:00 ERROR 19500 --- [eureka-server] [Eureka-Jersey3Client-Conn-Cleaner2] c.n.d.s.t.j.EurekaJersey3ClientImpl      : Cannot clean connections

java.lang.IllegalStateException: Client instance has been closed.
	at org.glassfish.jersey.internal.guava.Preconditions.checkState(Preconditions.java:169) ~[jersey-common-4.0.2.jar:na]
	at org.glassfish.jersey.client.JerseyClient.checkNotClosed(JerseyClient.java:248) ~[jersey-client-4.0.2.jar:na]
	at org.glassfish.jersey.client.JerseyClient.getConfiguration(JerseyClient.java:363) ~[jersey-client-4.0.2.jar:na]
	at org.glassfish.jersey.client.JerseyClient.getConfiguration(JerseyClient.java:54) ~[jersey-client-4.0.2.jar:na]
	at com.netflix.discovery.shared.transport.jersey3.EurekaJersey3ClientImpl$ConnectionCleanerTask.run(EurekaJersey3ClientImpl.java:338) ~[eureka-client-jersey3-2.0.6.jar:2.0.6]
	at java.base/java.util.concurrent.Executors$RunnableAdapter.call(Executors.java:545) ~[na:na]
	at java.base/java.util.concurrent.FutureTask.run(FutureTask.java:328) ~[na:na]
	at java.base/java.util.concurrent.ScheduledThreadPoolExecutor$ScheduledFutureTask.run(ScheduledThreadPoolExecutor.java:309) ~[na:na]
	at java.base/java.util.concurrent.ThreadPoolExecutor.runWorker(ThreadPoolExecutor.java:1095) ~[na:na]
	at java.base/java.util.concurrent.ThreadPoolExecutor$Worker.run(ThreadPoolExecutor.java:619) ~[na:na]
	at java.base/java.lang.Thread.run(Thread.java:1447) ~[na:na]

2026-10-07T20:15:06.714+02:00  INFO 19500 --- [eureka-server] [Thread-27] c.n.eureka.DefaultEurekaServerContext    : Shut down
2026-10-07T20:15:06.714+02:00  INFO 19500 --- [eureka-server] [Thread-27] o.s.c.n.e.server.EurekaServerBootstrap   : Eureka Service is now shutdown...
2026-10-07T20:15:06.715+02:00  INFO 19500 --- [eureka-server] [Thread-27] c.n.eureka.DefaultEurekaServerContext    : Shutting down ...
2026-10-07T20:15:06.715+02:00  INFO 19500 --- [eureka-server] [Thread-27] c.n.eureka.DefaultEurekaServerContext    : Shut down
2026-10-07T20:15:06.715+02:00  INFO 19500 --- [eureka-server] [Thread-27] com.netflix.discovery.DiscoveryClient    : Shutting down DiscoveryClient ...
2026-10-07T20:15:06.715+02:00  INFO 19500 --- [eureka-server] [Thread-27] com.netflix.discovery.DiscoveryClient    : Completed shut down of DiscoveryClient
2026-10-07T20:15:06.878+02:00  INFO 19500 --- [eureka-server] [restartedMain] c.e.e.EurekaserverApplication            : Starting EurekaserverApplication using Java 24.0.1 with PID 19500 (E:\Programy\Github\nowy-ecomerce\nowy\ecom\eurekaserver\target\classes started by KPSzy in E:\Programy\Github\nowy-ecomerce\nowy\ecom)
2026-10-07T20:15:06.879+02:00  INFO 19500 --- [eureka-server] [restartedMain] c.e.e.EurekaserverApplication            : No active profile set, falling back to 1 default profile: "default"
2026-10-07T20:15:06.881+02:00  INFO 19500 --- [eureka-server] [restartedMain] o.s.c.c.c.ConfigServerConfigDataLoader   : Fetching config from server at : http://localhost:8888
2026-10-07T20:15:06.881+02:00  INFO 19500 --- [eureka-server] [restartedMain] o.s.c.c.c.ConfigServerConfigDataLoader   : Located environment: name=eureka-server, profiles=[default], label=null, version=null, state=null
2026-10-07T20:15:07.139+02:00  INFO 19500 --- [eureka-server] [restartedMain] o.s.cloud.context.scope.GenericScope     : BeanFactory id=af114f12-fdcc-3bff-b742-fa72a93b0cd5
2026-10-07T20:15:07.198+02:00  INFO 19500 --- [eureka-server] [restartedMain] o.s.boot.tomcat.TomcatWebServer          : Tomcat initialized with port 8761 (http)
2026-10-07T20:15:07.199+02:00  INFO 19500 --- [eureka-server] [restartedMain] o.apache.catalina.core.StandardService   : Starting service [Tomcat]
2026-10-07T20:15:07.199+02:00  INFO 19500 --- [eureka-server] [restartedMain] o.apache.catalina.core.StandardEngine    : Starting Servlet engine: [Apache Tomcat/11.0.24]
2026-10-07T20:15:07.255+02:00  INFO 19500 --- [eureka-server] [restartedMain] b.w.c.s.WebApplicationContextInitializer : Root WebApplicationContext: initialization completed in 373 ms
2026-10-07T20:15:07.408+02:00  INFO 19500 --- [eureka-server] [restartedMain] c.n.d.provider.DiscoveryJerseyProvider   : Using JSON encoding codec LegacyJacksonJson
2026-10-07T20:15:07.408+02:00  INFO 19500 --- [eureka-server] [restartedMain] c.n.d.provider.DiscoveryJerseyProvider   : Using JSON decoding codec LegacyJacksonJson
2026-10-07T20:15:07.409+02:00  INFO 19500 --- [eureka-server] [restartedMain] c.n.d.provider.DiscoveryJerseyProvider   : Using XML encoding codec XStreamXml
2026-10-07T20:15:07.409+02:00  INFO 19500 --- [eureka-server] [restartedMain] c.n.d.provider.DiscoveryJerseyProvider   : Using XML decoding codec XStreamXml
2026-10-07T20:15:07.446+02:00  INFO 19500 --- [eureka-server] [restartedMain] o.s.v.b.OptionalValidatorFactoryBean     : Failed to set up a Bean Validation provider: jakarta.validation.NoProviderFoundException: Unable to create a Configuration, because no Jakarta Validation provider could be found. Add a provider like Hibernate Validator (RI) to your classpath.
2026-10-07T20:15:07.600+02:00  INFO 19500 --- [eureka-server] [restartedMain] o.s.c.n.eureka.InstanceInfoFactory       : Setting initial instance status as: STARTING
2026-10-07T20:15:07.601+02:00  INFO 19500 --- [eureka-server] [restartedMain] com.netflix.discovery.DiscoveryClient    : Initializing Eureka in region us-east-1
2026-10-07T20:15:07.601+02:00  INFO 19500 --- [eureka-server] [restartedMain] com.netflix.discovery.DiscoveryClient    : Client configured to neither register nor query for data.
2026-10-07T20:15:07.601+02:00  INFO 19500 --- [eureka-server] [restartedMain] com.netflix.discovery.DiscoveryClient    : Discovery Client initialized at timestamp 1791396907601 with initial instances count: 0
2026-10-07T20:15:07.603+02:00  INFO 19500 --- [eureka-server] [restartedMain] c.n.eureka.DefaultEurekaServerContext    : Initializing ...
2026-10-07T20:15:07.604+02:00  INFO 19500 --- [eureka-server] [restartedMain] c.n.eureka.cluster.PeerEurekaNodes       : Adding new peer nodes [http://localhost:8761/eureka/]
2026-10-07T20:15:07.610+02:00  INFO 19500 --- [eureka-server] [restartedMain] c.n.d.provider.DiscoveryJerseyProvider   : Using JSON encoding codec LegacyJacksonJson
2026-10-07T20:15:07.610+02:00  INFO 19500 --- [eureka-server] [restartedMain] c.n.d.provider.DiscoveryJerseyProvider   : Using JSON decoding codec LegacyJacksonJson
2026-10-07T20:15:07.610+02:00  INFO 19500 --- [eureka-server] [restartedMain] c.n.d.provider.DiscoveryJerseyProvider   : Using XML encoding codec XStreamXml
2026-10-07T20:15:07.610+02:00  INFO 19500 --- [eureka-server] [restartedMain] c.n.d.provider.DiscoveryJerseyProvider   : Using XML decoding codec XStreamXml
2026-10-07T20:15:07.616+02:00  INFO 19500 --- [eureka-server] [restartedMain] c.n.eureka.cluster.PeerEurekaNodes       : Replica node URL:  http://localhost:8761/eureka/
2026-10-07T20:15:07.616+02:00  INFO 19500 --- [eureka-server] [restartedMain] c.n.e.registry.AbstractInstanceRegistry  : Finished initializing remote region registries. All known remote regions: []
2026-10-07T20:15:07.617+02:00  INFO 19500 --- [eureka-server] [restartedMain] c.n.eureka.DefaultEurekaServerContext    : Initialized
2026-10-07T20:15:07.621+02:00  INFO 19500 --- [eureka-server] [restartedMain] o.s.b.a.e.web.EndpointLinksResolver      : Exposing 17 endpoints beneath base path '/actuator'
2026-10-07T20:15:07.638+02:00  INFO 19500 --- [eureka-server] [restartedMain] o.s.c.n.e.s.EurekaServiceRegistry        : Registering application EUREKA-SERVER with eureka with status UP
2026-10-07T20:15:07.640+02:00  INFO 19500 --- [eureka-server] [Thread-52] o.s.c.n.e.server.EurekaServerBootstrap   : isAws returned false
2026-10-07T20:15:07.641+02:00  INFO 19500 --- [eureka-server] [Thread-52] o.s.c.n.e.server.EurekaServerBootstrap   : Initialized server context
2026-10-07T20:15:07.641+02:00  INFO 19500 --- [eureka-server] [Thread-52] c.n.e.r.PeerAwareInstanceRegistryImpl    : Got 1 instances from neighboring DS node
2026-10-07T20:15:07.641+02:00  INFO 19500 --- [eureka-server] [Thread-52] c.n.e.r.PeerAwareInstanceRegistryImpl    : Renew threshold is: 1
2026-10-07T20:15:07.641+02:00  INFO 19500 --- [eureka-server] [Thread-52] c.n.e.r.PeerAwareInstanceRegistryImpl    : Changing status to UP
2026-10-07T20:15:07.641+02:00  INFO 19500 --- [eureka-server] [Thread-52] e.s.EurekaServerInitializerConfiguration : Started Eureka Server
2026-10-07T20:15:07.644+02:00  INFO 19500 --- [eureka-server] [restartedMain] o.s.boot.tomcat.TomcatWebServer          : Tomcat started on port 8761 (http) with context path '/'
2026-10-07T20:15:07.644+02:00  INFO 19500 --- [eureka-server] [restartedMain] .s.c.n.e.s.EurekaAutoServiceRegistration : Updating port to 8761
2026-10-07T20:15:07.652+02:00  INFO 19500 --- [eureka-server] [restartedMain] c.e.e.EurekaserverApplication            : Started EurekaserverApplication in 0.852 seconds (process running for 385.294)
2026-10-07T20:15:07.655+02:00  INFO 19500 --- [eureka-server] [restartedMain] .ConditionEvaluationDeltaLoggingListener : Condition evaluation unchanged
2026-10-07T20:15:09.300+02:00  INFO 19500 --- [eureka-server] [http-nio-8761-exec-2] o.a.c.c.C.[Tomcat].[localhost].[/]       : Initializing Spring DispatcherServlet 'dispatcherServlet'
2026-10-07T20:15:09.300+02:00  INFO 19500 --- [eureka-server] [http-nio-8761-exec-2] o.s.web.servlet.DispatcherServlet        : Initializing Servlet 'dispatcherServlet'
2026-10-07T20:15:09.302+02:00  INFO 19500 --- [eureka-server] [http-nio-8761-exec-2] o.s.web.servlet.DispatcherServlet        : Completed initialization in 2 ms
2026-10-07T20:15:09.307+02:00  INFO 19500 --- [eureka-server] [http-nio-8761-exec-2] c.n.e.registry.AbstractInstanceRegistry  : Registered instance ORDER-SERVICE/Kamil:order-service:8083 with status DOWN (replication=false)
2026-10-07T20:15:09.368+02:00  INFO 19500 --- [eureka-server] [http-nio-8761-exec-1] c.n.e.registry.AbstractInstanceRegistry  : Registered instance PRODUCT-SERVICE/Kamil:product-service:8081 with status DOWN (replication=false)
2026-10-07T20:15:09.569+02:00  INFO 19500 --- [eureka-server] [http-nio-8761-exec-3] c.n.e.registry.AbstractInstanceRegistry  : Registered instance USER-SERVICE/Kamil:user-service:8082 with status DOWN (replication=false)
2026-10-07T20:15:09.833+02:00  INFO 19500 --- [eureka-server] [http-nio-8761-exec-4] c.n.e.registry.AbstractInstanceRegistry  : Registered instance ORDER-SERVICE/Kamil:order-service:8083 with status DOWN (replication=true)
2026-10-07T20:15:09.833+02:00  INFO 19500 --- [eureka-server] [http-nio-8761-exec-4] c.n.e.registry.AbstractInstanceRegistry  : Registered instance PRODUCT-SERVICE/Kamil:product-service:8081 with status DOWN (replication=true)
2026-10-07T20:15:09.834+02:00  INFO 19500 --- [eureka-server] [http-nio-8761-exec-4] c.n.e.registry.AbstractInstanceRegistry  : Registered instance USER-SERVICE/Kamil:user-service:8082 with status DOWN (replication=true)
2026-10-07T20:15:14.113+02:00  INFO 19500 --- [eureka-server] [http-nio-8761-exec-5] c.n.e.registry.AbstractInstanceRegistry  : Cancelled instance ORDER-SERVICE/Kamil:order-service:8083 (replication=false)
2026-10-07T20:15:14.166+02:00  INFO 19500 --- [eureka-server] [http-nio-8761-exec-6] c.n.e.registry.AbstractInstanceRegistry  : Cancelled instance PRODUCT-SERVICE/Kamil:product-service:8081 (replication=false)
2026-10-07T20:15:14.361+02:00  INFO 19500 --- [eureka-server] [http-nio-8761-exec-9] c.n.e.registry.AbstractInstanceRegistry  : Cancelled instance USER-SERVICE/Kamil:user-service:8082 (replication=false)
2026-10-07T20:15:14.621+02:00  WARN 19500 --- [eureka-server] [http-nio-8761-exec-2] c.n.e.registry.AbstractInstanceRegistry  : DS: Registry: cancel failed because Lease is not registered for: ORDER-SERVICE/Kamil:order-service:8083
2026-10-07T20:15:14.621+02:00  INFO 19500 --- [eureka-server] [http-nio-8761-exec-2] c.n.eureka.resources.InstanceResource    : Not Found (Cancel): ORDER-SERVICE - Kamil:order-service:8083
2026-10-07T20:15:14.622+02:00  WARN 19500 --- [eureka-server] [http-nio-8761-exec-2] c.n.e.registry.AbstractInstanceRegistry  : DS: Registry: cancel failed because Lease is not registered for: PRODUCT-SERVICE/Kamil:product-service:8081
2026-10-07T20:15:14.622+02:00  INFO 19500 --- [eureka-server] [http-nio-8761-exec-2] c.n.eureka.resources.InstanceResource    : Not Found (Cancel): PRODUCT-SERVICE - Kamil:product-service:8081
2026-10-07T20:15:14.622+02:00  WARN 19500 --- [eureka-server] [http-nio-8761-exec-2] c.n.e.registry.AbstractInstanceRegistry  : DS: Registry: cancel failed because Lease is not registered for: USER-SERVICE/Kamil:user-service:8082
2026-10-07T20:15:14.622+02:00  INFO 19500 --- [eureka-server] [http-nio-8761-exec-2] c.n.eureka.resources.InstanceResource    : Not Found (Cancel): USER-SERVICE - Kamil:user-service:8082
2026-10-07T20:15:14.623+02:00  WARN 19500 --- [eureka-server] [TaskBatchingWorker-target_localhost-8] c.n.eureka.cluster.ReplicationTask       : The replication of task ORDER-SERVICE/Kamil:order-service:8083:Cancel@localhost failed with response code 404
2026-10-07T20:15:14.623+02:00  WARN 19500 --- [eureka-server] [TaskBatchingWorker-target_localhost-8] c.netflix.eureka.cluster.PeerEurekaNode  : ORDER-SERVICE/Kamil:order-service:8083:Cancel@localhost: missing entry.
2026-10-07T20:15:14.623+02:00  WARN 19500 --- [eureka-server] [TaskBatchingWorker-target_localhost-8] c.n.eureka.cluster.ReplicationTask       : The replication of task PRODUCT-SERVICE/Kamil:product-service:8081:Cancel@localhost failed with response code 404
2026-10-07T20:15:14.623+02:00  WARN 19500 --- [eureka-server] [TaskBatchingWorker-target_localhost-8] c.netflix.eureka.cluster.PeerEurekaNode  : PRODUCT-SERVICE/Kamil:product-service:8081:Cancel@localhost: missing entry.
2026-10-07T20:15:14.623+02:00  WARN 19500 --- [eureka-server] [TaskBatchingWorker-target_localhost-8] c.n.eureka.cluster.ReplicationTask       : The replication of task USER-SERVICE/Kamil:user-service:8082:Cancel@localhost failed with response code 404
2026-10-07T20:15:14.624+02:00  WARN 19500 --- [eureka-server] [TaskBatchingWorker-target_localhost-8] c.netflix.eureka.cluster.PeerEurekaNode  : USER-SERVICE/Kamil:user-service:8082:Cancel@localhost: missing entry.
2026-10-07T20:15:15.855+02:00  INFO 19500 --- [eureka-server] [http-nio-8761-exec-3] c.n.e.registry.AbstractInstanceRegistry  : Registered instance USER-SERVICE/Kamil:user-service:8082 with status UP (replication=false)
2026-10-07T20:15:15.906+02:00  INFO 19500 --- [eureka-server] [http-nio-8761-exec-5] c.n.e.registry.AbstractInstanceRegistry  : Registered instance PRODUCT-SERVICE/Kamil:product-service:8081 with status UP (replication=false)
2026-10-07T20:15:16.037+02:00  INFO 19500 --- [eureka-server] [http-nio-8761-exec-7] c.n.e.registry.AbstractInstanceRegistry  : Registered instance ORDER-SERVICE/Kamil:order-service:8083 with status UP (replication=false)
2026-10-07T20:15:16.359+02:00  INFO 19500 --- [eureka-server] [http-nio-8761-exec-8] c.n.e.registry.AbstractInstanceRegistry  : Registered instance USER-SERVICE/Kamil:user-service:8082 with status UP (replication=true)
2026-10-07T20:15:16.359+02:00  INFO 19500 --- [eureka-server] [http-nio-8761-exec-8] c.n.e.registry.AbstractInstanceRegistry  : Registered instance PRODUCT-SERVICE/Kamil:product-service:8081 with status UP (replication=true)
2026-10-07T20:15:16.359+02:00  INFO 19500 --- [eureka-server] [http-nio-8761-exec-8] c.n.e.registry.AbstractInstanceRegistry  : Registered instance ORDER-SERVICE/Kamil:order-service:8083 with status UP (replication=true)
2026-10-07T20:15:28.378+02:00  INFO 19500 --- [eureka-server] [http-nio-8761-exec-9] c.n.e.registry.AbstractInstanceRegistry  : Registered instance ORDER-SERVICE/Kamil:order-service:8083 with status DOWN (replication=false)
2026-10-07T20:15:28.886+02:00  INFO 19500 --- [eureka-server] [http-nio-8761-exec-10] c.n.e.registry.AbstractInstanceRegistry  : Registered instance ORDER-SERVICE/Kamil:order-service:8083 with status DOWN (replication=true)
2026-10-07T20:15:33.084+02:00  INFO 19500 --- [eureka-server] [http-nio-8761-exec-2] c.n.e.registry.AbstractInstanceRegistry  : Cancelled instance ORDER-SERVICE/Kamil:order-service:8083 (replication=false)
2026-10-07T20:15:33.590+02:00  WARN 19500 --- [eureka-server] [http-nio-8761-exec-4] c.n.e.registry.AbstractInstanceRegistry  : DS: Registry: cancel failed because Lease is not registered for: ORDER-SERVICE/Kamil:order-service:8083
2026-10-07T20:15:33.590+02:00  INFO 19500 --- [eureka-server] [http-nio-8761-exec-4] c.n.eureka.resources.InstanceResource    : Not Found (Cancel): ORDER-SERVICE - Kamil:order-service:8083
2026-10-07T20:15:33.591+02:00  WARN 19500 --- [eureka-server] [TaskBatchingWorker-target_localhost-5] c.n.eureka.cluster.ReplicationTask       : The replication of task ORDER-SERVICE/Kamil:order-service:8083:Cancel@localhost failed with response code 404
2026-10-07T20:15:33.591+02:00  WARN 19500 --- [eureka-server] [TaskBatchingWorker-target_localhost-5] c.netflix.eureka.cluster.PeerEurekaNode  : ORDER-SERVICE/Kamil:order-service:8083:Cancel@localhost: missing entry.
2026-10-07T20:15:45.520+02:00  INFO 19500 --- [eureka-server] [http-nio-8761-exec-6] c.n.e.registry.AbstractInstanceRegistry  : Registered instance ORDER-SERVICE/Kamil:order-service:8083 with status UP (replication=false)
2026-10-07T20:15:46.027+02:00  INFO 19500 --- [eureka-server] [http-nio-8761-exec-2] c.n.e.registry.AbstractInstanceRegistry  : Registered instance ORDER-SERVICE/Kamil:order-service:8083 with status UP (replication=true)
2026-10-07T20:16:07.642+02:00  INFO 19500 --- [eureka-server] [Eureka-EvictionTimer] c.n.e.registry.AbstractInstanceRegistry  : Running the evict task with compensationTime 0ms
2026-10-07T20:17:07.642+02:00  INFO 19500 --- [eureka-server] [Eureka-EvictionTimer] c.n.e.registry.AbstractInstanceRegistry  : Running the evict task with compensationTime 0ms
2026-10-07T20:18:07.642+02:00  INFO 19500 --- [eureka-server] [Eureka-EvictionTimer] c.n.e.registry.AbstractInstanceRegistry  : Running the evict task with compensationTime 0ms
2026-10-07T20:19:07.642+02:00  INFO 19500 --- [eureka-server] [Eureka-EvictionTimer] c.n.e.registry.AbstractInstanceRegistry  : Running the evict task with compensationTime 0ms
2026-10-07T20:20:07.642+02:00  INFO 19500 --- [eureka-server] [Eureka-EvictionTimer] c.n.e.registry.AbstractInstanceRegistry  : Running the evict task with compensationTime 0ms
2026-10-07T20:21:07.643+02:00  INFO 19500 --- [eureka-server] [Eureka-EvictionTimer] c.n.e.registry.AbstractInstanceRegistry  : Running the evict task with compensationTime 0ms
2026-10-07T20:22:07.643+02:00  INFO 19500 --- [eureka-server] [Eureka-EvictionTimer] c.n.e.registry.AbstractInstanceRegistry  : Running the evict task with compensationTime 0ms
2026-10-07T20:23:07.643+02:00  INFO 19500 --- [eureka-server] [Eureka-EvictionTimer] c.n.e.registry.AbstractInstanceRegistry  : Running the evict task with compensationTime 0ms
2026-10-07T20:24:07.644+02:00  INFO 19500 --- [eureka-server] [Eureka-EvictionTimer] c.n.e.registry.AbstractInstanceRegistry  : Running the evict task with compensationTime 0ms
2026-10-07T20:25:07.644+02:00  INFO 19500 --- [eureka-server] [Eureka-EvictionTimer] c.n.e.registry.AbstractInstanceRegistry  : Running the evict task with compensationTime 0ms
2026-10-07T20:26:07.644+02:00  INFO 19500 --- [eureka-server] [Eureka-EvictionTimer] c.n.e.registry.AbstractInstanceRegistry  : Running the evict task with compensationTime 0ms
2026-10-07T20:27:07.645+02:00  INFO 19500 --- [eureka-server] [Eureka-EvictionTimer] c.n.e.registry.AbstractInstanceRegistry  : Running the evict task with compensationTime 0ms
2026-10-07T20:27:49.088+02:00  INFO 19500 --- [eureka-server] [http-nio-8761-exec-10] c.n.e.registry.AbstractInstanceRegistry  : Registered instance API-GATEWAY/Kamil:api-gateway:8080 with status UP (replication=false)
2026-10-07T20:27:49.599+02:00  INFO 19500 --- [eureka-server] [http-nio-8761-exec-2] c.n.e.registry.AbstractInstanceRegistry  : Registered instance API-GATEWAY/Kamil:api-gateway:8080 with status UP (replication=true)
2026-10-07T20:28:07.646+02:00  INFO 19500 --- [eureka-server] [Eureka-EvictionTimer] c.n.e.registry.AbstractInstanceRegistry  : Running the evict task with compensationTime 0ms
2026-10-07T20:29:07.646+02:00  INFO 19500 --- [eureka-server] [Eureka-EvictionTimer] c.n.e.registry.AbstractInstanceRegistry  : Running the evict task with compensationTime 0ms
2026-10-07T20:30:07.616+02:00  INFO 19500 --- [eureka-server] [ReplicaAwareInstanceRegistry - RenewalThresholdUpdater] c.n.e.r.PeerAwareInstanceRegistryImpl    : Current renewal threshold is : 8
2026-10-07T20:30:07.647+02:00  INFO 19500 --- [eureka-server] [Eureka-EvictionTimer] c.n.e.registry.AbstractInstanceRegistry  : Running the evict task with compensationTime 0ms
2026-10-07T20:31:07.647+02:00  INFO 19500 --- [eureka-server] [Eureka-EvictionTimer] c.n.e.registry.AbstractInstanceRegistry  : Running the evict task with compensationTime 0ms
2026-10-07T20:31:10.180+02:00  INFO 19500 --- [eureka-server] [http-nio-8761-exec-4] c.n.e.registry.AbstractInstanceRegistry  : Registered instance API-GATEWAY/Kamil:api-gateway:8080 with status DOWN (replication=false)
2026-10-07T20:31:10.691+02:00  INFO 19500 --- [eureka-server] [http-nio-8761-exec-9] c.n.e.registry.AbstractInstanceRegistry  : Registered instance API-GATEWAY/Kamil:api-gateway:8080 with status DOWN (replication=true)
2026-10-07T20:31:13.359+02:00  INFO 19500 --- [eureka-server] [http-nio-8761-exec-7] c.n.e.registry.AbstractInstanceRegistry  : Cancelled instance API-GATEWAY/Kamil:api-gateway:8080 (replication=false)
2026-10-07T20:31:13.866+02:00  WARN 19500 --- [eureka-server] [http-nio-8761-exec-3] c.n.e.registry.AbstractInstanceRegistry  : DS: Registry: cancel failed because Lease is not registered for: API-GATEWAY/Kamil:api-gateway:8080
2026-10-07T20:31:13.867+02:00  INFO 19500 --- [eureka-server] [http-nio-8761-exec-3] c.n.eureka.resources.InstanceResource    : Not Found (Cancel): API-GATEWAY - Kamil:api-gateway:8080
2026-10-07T20:31:13.868+02:00  WARN 19500 --- [eureka-server] [TaskBatchingWorker-target_localhost-0] c.n.eureka.cluster.ReplicationTask       : The replication of task API-GATEWAY/Kamil:api-gateway:8080:Cancel@localhost failed with response code 404
2026-10-07T20:31:13.869+02:00  WARN 19500 --- [eureka-server] [TaskBatchingWorker-target_localhost-0] c.netflix.eureka.cluster.PeerEurekaNode  : API-GATEWAY/Kamil:api-gateway:8080:Cancel@localhost: missing entry.
2026-10-07T20:31:21.293+02:00  INFO 19500 --- [eureka-server] [http-nio-8761-exec-5] c.n.e.registry.AbstractInstanceRegistry  : Registered instance API-GATEWAY/Kamil:api-gateway:8080 with status UP (replication=false)
2026-10-07T20:31:21.805+02:00  INFO 19500 --- [eureka-server] [http-nio-8761-exec-3] c.n.e.registry.AbstractInstanceRegistry  : Registered instance API-GATEWAY/Kamil:api-gateway:8080 with status UP (replication=true)
2026-10-07T20:32:07.648+02:00  INFO 19500 --- [eureka-server] [Eureka-EvictionTimer] c.n.e.registry.AbstractInstanceRegistry  : Running the evict task with compensationTime 0ms
2026-10-07T20:33:07.648+02:00  INFO 19500 --- [eureka-server] [Eureka-EvictionTimer] c.n.e.registry.AbstractInstanceRegistry  : Running the evict task with compensationTime 0ms
2026-10-07T20:33:08.752+02:00  INFO 19500 --- [eureka-server] [SpringApplicationShutdownHook] o.s.c.n.e.s.EurekaServiceRegistry        : Unregistering application EUREKA-SERVER with eureka with status DOWN
2026-10-07T20:33:08.752+02:00  INFO 19500 --- [eureka-server] [SpringApplicationShutdownHook] o.s.boot.tomcat.GracefulShutdown         : Commencing graceful shutdown. Waiting for active requests to complete
2026-10-07T20:33:08.756+02:00  INFO 19500 --- [eureka-server] [tomcat-shutdown] o.s.boot.tomcat.GracefulShutdown         : Graceful shutdown complete
2026-10-07T20:33:08.759+02:00  INFO 19500 --- [eureka-server] [SpringApplicationShutdownHook] o.s.c.n.e.server.EurekaServerBootstrap   : Shutting down Eureka Server..
2026-10-07T20:33:08.760+02:00  INFO 19500 --- [eureka-server] [SpringApplicationShutdownHook] c.n.eureka.DefaultEurekaServerContext    : Shutting down ...
2026-10-07T20:33:08.762+02:00  INFO 19500 --- [eureka-server] [SpringApplicationShutdownHook] c.n.eureka.DefaultEurekaServerContext    : Shut down
2026-10-07T20:33:08.762+02:00  INFO 19500 --- [eureka-server] [SpringApplicationShutdownHook] o.s.c.n.e.server.EurekaServerBootstrap   : Eureka Service is now shutdown...
2026-10-07T20:33:08.763+02:00  INFO 19500 --- [eureka-server] [SpringApplicationShutdownHook] c.n.eureka.DefaultEurekaServerContext    : Shutting down ...
2026-10-07T20:33:08.763+02:00  INFO 19500 --- [eureka-server] [SpringApplicationShutdownHook] c.n.eureka.DefaultEurekaServerContext    : Shut down
2026-10-07T20:33:08.765+02:00  INFO 19500 --- [eureka-server] [SpringApplicationShutdownHook] com.netflix.discovery.DiscoveryClient    : Shutting down DiscoveryClient ...
2026-10-07T20:33:08.766+02:00  INFO 19500 --- [eureka-server] [SpringApplicationShutdownHook] com.netflix.discovery.DiscoveryClient    : Completed shut down of DiscoveryClient
2026-10-07T20:33:49.384+02:00  INFO 33056 --- [eureka-server] [restartedMain] c.e.e.EurekaserverApplication            : Starting EurekaserverApplication using Java 24.0.1 with PID 33056 (E:\Programy\Github\nowy-ecomerce\nowy\ecom\eurekaserver\target\classes started by KPSzy in E:\Programy\Github\nowy-ecomerce\nowy\ecom)
2026-10-07T20:33:49.388+02:00  INFO 33056 --- [eureka-server] [restartedMain] c.e.e.EurekaserverApplication            : No active profile set, falling back to 1 default profile: "default"
2026-10-07T20:33:49.461+02:00  INFO 33056 --- [eureka-server] [restartedMain] o.s.c.c.c.ConfigServerConfigDataLoader   : Fetching config from server at : http://localhost:8888
2026-10-07T20:33:49.461+02:00  INFO 33056 --- [eureka-server] [restartedMain] o.s.c.c.c.ConfigServerConfigDataLoader   : Located environment: name=eureka-server, profiles=[default], label=null, version=null, state=null
2026-10-07T20:33:49.466+02:00  INFO 33056 --- [eureka-server] [restartedMain] .e.DevToolsPropertyDefaultsPostProcessor : Devtools property defaults active! Set 'spring.devtools.add-properties' to 'false' to disable
2026-10-07T20:33:49.466+02:00  INFO 33056 --- [eureka-server] [restartedMain] .e.DevToolsPropertyDefaultsPostProcessor : For additional web related logging consider setting the 'logging.level.web' property to 'DEBUG'
2026-10-07T20:33:50.711+02:00  INFO 33056 --- [eureka-server] [restartedMain] o.s.cloud.context.scope.GenericScope     : BeanFactory id=af114f12-fdcc-3bff-b742-fa72a93b0cd5
2026-10-07T20:33:51.453+02:00  INFO 33056 --- [eureka-server] [restartedMain] o.s.boot.tomcat.TomcatWebServer          : Tomcat initialized with port 8761 (http)
2026-10-07T20:33:51.469+02:00  INFO 33056 --- [eureka-server] [restartedMain] o.apache.catalina.core.StandardService   : Starting service [Tomcat]
2026-10-07T20:33:51.470+02:00  INFO 33056 --- [eureka-server] [restartedMain] o.apache.catalina.core.StandardEngine    : Starting Servlet engine: [Apache Tomcat/11.0.24]
2026-10-07T20:33:51.531+02:00  INFO 33056 --- [eureka-server] [restartedMain] b.w.c.s.WebApplicationContextInitializer : Root WebApplicationContext: initialization completed in 2064 ms
2026-10-07T20:33:52.427+02:00  INFO 33056 --- [eureka-server] [restartedMain] c.n.d.provider.DiscoveryJerseyProvider   : Using JSON encoding codec LegacyJacksonJson
2026-10-07T20:33:52.428+02:00  INFO 33056 --- [eureka-server] [restartedMain] c.n.d.provider.DiscoveryJerseyProvider   : Using JSON decoding codec LegacyJacksonJson
2026-10-07T20:33:52.687+02:00  INFO 33056 --- [eureka-server] [restartedMain] c.n.d.provider.DiscoveryJerseyProvider   : Using XML encoding codec XStreamXml
2026-10-07T20:33:52.688+02:00  INFO 33056 --- [eureka-server] [restartedMain] c.n.d.provider.DiscoveryJerseyProvider   : Using XML decoding codec XStreamXml
2026-10-07T20:33:52.846+02:00  INFO 33056 --- [eureka-server] [restartedMain] o.s.v.b.OptionalValidatorFactoryBean     : Failed to set up a Bean Validation provider: jakarta.validation.NoProviderFoundException: Unable to create a Configuration, because no Jakarta Validation provider could be found. Add a provider like Hibernate Validator (RI) to your classpath.
2026-10-07T20:33:53.523+02:00  INFO 33056 --- [eureka-server] [restartedMain] o.s.c.n.eureka.InstanceInfoFactory       : Setting initial instance status as: STARTING
2026-10-07T20:33:53.536+02:00  INFO 33056 --- [eureka-server] [restartedMain] com.netflix.discovery.DiscoveryClient    : Initializing Eureka in region us-east-1
2026-10-07T20:33:53.536+02:00  INFO 33056 --- [eureka-server] [restartedMain] com.netflix.discovery.DiscoveryClient    : Client configured to neither register nor query for data.
2026-10-07T20:33:53.537+02:00  INFO 33056 --- [eureka-server] [restartedMain] com.netflix.discovery.DiscoveryClient    : Discovery Client initialized at timestamp 1791398033536 with initial instances count: 0
2026-10-07T20:33:53.562+02:00  INFO 33056 --- [eureka-server] [restartedMain] c.n.eureka.DefaultEurekaServerContext    : Initializing ...
2026-10-07T20:33:53.564+02:00  INFO 33056 --- [eureka-server] [restartedMain] c.n.eureka.cluster.PeerEurekaNodes       : Adding new peer nodes [http://localhost:8761/eureka/]
2026-10-07T20:33:53.728+02:00  INFO 33056 --- [eureka-server] [restartedMain] c.n.d.provider.DiscoveryJerseyProvider   : Using JSON encoding codec LegacyJacksonJson
2026-10-07T20:33:53.728+02:00  INFO 33056 --- [eureka-server] [restartedMain] c.n.d.provider.DiscoveryJerseyProvider   : Using JSON decoding codec LegacyJacksonJson
2026-10-07T20:33:53.728+02:00  INFO 33056 --- [eureka-server] [restartedMain] c.n.d.provider.DiscoveryJerseyProvider   : Using XML encoding codec XStreamXml
2026-10-07T20:33:53.728+02:00  INFO 33056 --- [eureka-server] [restartedMain] c.n.d.provider.DiscoveryJerseyProvider   : Using XML decoding codec XStreamXml
2026-10-07T20:33:53.774+02:00  INFO 33056 --- [eureka-server] [restartedMain] c.n.eureka.cluster.PeerEurekaNodes       : Replica node URL:  http://localhost:8761/eureka/
2026-10-07T20:33:53.781+02:00  INFO 33056 --- [eureka-server] [restartedMain] c.n.e.registry.AbstractInstanceRegistry  : Finished initializing remote region registries. All known remote regions: []
2026-10-07T20:33:53.781+02:00  INFO 33056 --- [eureka-server] [restartedMain] c.n.eureka.DefaultEurekaServerContext    : Initialized
2026-10-07T20:33:53.792+02:00  INFO 33056 --- [eureka-server] [restartedMain] o.s.b.a.e.web.EndpointLinksResolver      : Exposing 17 endpoints beneath base path '/actuator'
2026-10-07T20:33:53.907+02:00  INFO 33056 --- [eureka-server] [restartedMain] o.s.c.n.e.s.EurekaServiceRegistry        : Registering application EUREKA-SERVER with eureka with status UP
2026-10-07T20:33:53.936+02:00  INFO 33056 --- [eureka-server] [Thread-13] o.s.c.n.e.server.EurekaServerBootstrap   : isAws returned false
2026-10-07T20:33:53.937+02:00  INFO 33056 --- [eureka-server] [Thread-13] o.s.c.n.e.server.EurekaServerBootstrap   : Initialized server context
2026-10-07T20:33:53.937+02:00  INFO 33056 --- [eureka-server] [Thread-13] c.n.e.r.PeerAwareInstanceRegistryImpl    : Got 1 instances from neighboring DS node
2026-10-07T20:33:53.937+02:00  INFO 33056 --- [eureka-server] [Thread-13] c.n.e.r.PeerAwareInstanceRegistryImpl    : Renew threshold is: 1
2026-10-07T20:33:53.937+02:00  INFO 33056 --- [eureka-server] [Thread-13] c.n.e.r.PeerAwareInstanceRegistryImpl    : Changing status to UP
2026-10-07T20:33:53.942+02:00  INFO 33056 --- [eureka-server] [Thread-13] e.s.EurekaServerInitializerConfiguration : Started Eureka Server
2026-10-07T20:33:53.951+02:00  INFO 33056 --- [eureka-server] [restartedMain] o.s.boot.tomcat.TomcatWebServer          : Tomcat started on port 8761 (http) with context path '/'
2026-10-07T20:33:53.952+02:00  INFO 33056 --- [eureka-server] [restartedMain] .s.c.n.e.s.EurekaAutoServiceRegistration : Updating port to 8761
2026-10-07T20:33:53.968+02:00  INFO 33056 --- [eureka-server] [restartedMain] c.e.e.EurekaserverApplication            : Started EurekaserverApplication in 5.986 seconds (process running for 6.88)
2026-10-07T20:34:13.445+02:00  INFO 33056 --- [eureka-server] [http-nio-8761-exec-1] o.a.c.c.C.[Tomcat].[localhost].[/]       : Initializing Spring DispatcherServlet 'dispatcherServlet'
2026-10-07T20:34:13.445+02:00  INFO 33056 --- [eureka-server] [http-nio-8761-exec-1] o.s.web.servlet.DispatcherServlet        : Initializing Servlet 'dispatcherServlet'
2026-10-07T20:34:13.449+02:00  INFO 33056 --- [eureka-server] [http-nio-8761-exec-1] o.s.web.servlet.DispatcherServlet        : Completed initialization in 4 ms
2026-10-07T20:34:13.954+02:00  INFO 33056 --- [eureka-server] [http-nio-8761-exec-2] c.n.e.registry.AbstractInstanceRegistry  : Registered instance PRODUCT-SERVICE/Kamil:product-service:8081 with status UP (replication=false)
2026-10-07T20:34:14.602+02:00  INFO 33056 --- [eureka-server] [http-nio-8761-exec-3] c.n.e.registry.AbstractInstanceRegistry  : Registered instance PRODUCT-SERVICE/Kamil:product-service:8081 with status UP (replication=true)
2026-10-07T20:34:15.177+02:00  INFO 33056 --- [eureka-server] [http-nio-8761-exec-5] c.n.e.registry.AbstractInstanceRegistry  : Registered instance USER-SERVICE/Kamil:user-service:8082 with status UP (replication=false)
2026-10-07T20:34:15.455+02:00  INFO 33056 --- [eureka-server] [http-nio-8761-exec-7] c.n.e.registry.AbstractInstanceRegistry  : Registered instance ORDER-SERVICE/Kamil:order-service:8083 with status UP (replication=false)
2026-10-07T20:34:15.690+02:00  INFO 33056 --- [eureka-server] [http-nio-8761-exec-8] c.n.e.registry.AbstractInstanceRegistry  : Registered instance USER-SERVICE/Kamil:user-service:8082 with status UP (replication=true)
2026-10-07T20:34:15.691+02:00  INFO 33056 --- [eureka-server] [http-nio-8761-exec-8] c.n.e.registry.AbstractInstanceRegistry  : Registered instance ORDER-SERVICE/Kamil:order-service:8083 with status UP (replication=true)
2026-10-07T20:34:35.502+02:00  INFO 33056 --- [eureka-server] [http-nio-8761-exec-10] c.n.e.registry.AbstractInstanceRegistry  : Registered instance USER-SERVICE/Kamil:user-service:8082 with status UP (replication=false)
2026-10-07T20:34:36.010+02:00  INFO 33056 --- [eureka-server] [http-nio-8761-exec-1] c.n.e.registry.AbstractInstanceRegistry  : Registered instance USER-SERVICE/Kamil:user-service:8082 with status UP (replication=true)
2026-10-07T20:34:36.831+02:00  INFO 33056 --- [eureka-server] [http-nio-8761-exec-2] c.n.e.registry.AbstractInstanceRegistry  : Registered instance USER-SERVICE/Kamil:user-service:8082 with status DOWN (replication=false)
2026-10-07T20:34:37.344+02:00  INFO 33056 --- [eureka-server] [http-nio-8761-exec-3] c.n.e.registry.AbstractInstanceRegistry  : Registered instance USER-SERVICE/Kamil:user-service:8082 with status DOWN (replication=true)
2026-10-07T20:34:40.506+02:00  INFO 33056 --- [eureka-server] [http-nio-8761-exec-4] c.n.e.registry.AbstractInstanceRegistry  : Cancelled instance USER-SERVICE/Kamil:user-service:8082 (replication=false)
2026-10-07T20:34:41.014+02:00  WARN 33056 --- [eureka-server] [http-nio-8761-exec-7] c.n.e.registry.AbstractInstanceRegistry  : DS: Registry: cancel failed because Lease is not registered for: USER-SERVICE/Kamil:user-service:8082
2026-10-07T20:34:41.014+02:00  INFO 33056 --- [eureka-server] [http-nio-8761-exec-7] c.n.eureka.resources.InstanceResource    : Not Found (Cancel): USER-SERVICE - Kamil:user-service:8082
2026-10-07T20:34:41.016+02:00  WARN 33056 --- [eureka-server] [TaskBatchingWorker-target_localhost-7] c.n.eureka.cluster.ReplicationTask       : The replication of task USER-SERVICE/Kamil:user-service:8082:Cancel@localhost failed with response code 404
2026-10-07T20:34:41.016+02:00  WARN 33056 --- [eureka-server] [TaskBatchingWorker-target_localhost-7] c.netflix.eureka.cluster.PeerEurekaNode  : USER-SERVICE/Kamil:user-service:8082:Cancel@localhost: missing entry.
2026-10-07T20:34:45.117+02:00  WARN 33056 --- [eureka-server] [http-nio-8761-exec-1] c.n.e.registry.AbstractInstanceRegistry  : DS: Registry: lease doesn't exist, registering resource: USER-SERVICE - Kamil:user-service:8082
2026-10-07T20:34:45.117+02:00  WARN 33056 --- [eureka-server] [http-nio-8761-exec-1] c.n.eureka.resources.InstanceResource    : Not Found (Renew): USER-SERVICE - Kamil:user-service:8082
2026-10-07T20:34:45.186+02:00  INFO 33056 --- [eureka-server] [http-nio-8761-exec-3] c.n.e.registry.AbstractInstanceRegistry  : Registered instance USER-SERVICE/Kamil:user-service:8082 with status UP (replication=false)
2026-10-07T20:34:45.188+02:00  INFO 33056 --- [eureka-server] [http-nio-8761-exec-4] c.n.e.registry.AbstractInstanceRegistry  : Registered instance USER-SERVICE/Kamil:user-service:8082 with status UP (replication=false)
2026-10-07T20:34:45.702+02:00  INFO 33056 --- [eureka-server] [http-nio-8761-exec-7] c.n.e.registry.AbstractInstanceRegistry  : Registered instance USER-SERVICE/Kamil:user-service:8082 with status UP (replication=true)
2026-10-07T20:34:53.939+02:00  INFO 33056 --- [eureka-server] [Eureka-EvictionTimer] c.n.e.registry.AbstractInstanceRegistry  : Running the evict task with compensationTime 0ms
2026-10-07T20:34:57.027+02:00  INFO 33056 --- [eureka-server] [http-nio-8761-exec-9] c.n.e.registry.AbstractInstanceRegistry  : Registered instance API-GATEWAY/Kamil:api-gateway:8080 with status UP (replication=false)
2026-10-07T20:34:57.534+02:00  INFO 33056 --- [eureka-server] [http-nio-8761-exec-10] c.n.e.registry.AbstractInstanceRegistry  : Registered instance API-GATEWAY/Kamil:api-gateway:8080 with status UP (replication=true)
2026-10-07T20:35:53.940+02:00  INFO 33056 --- [eureka-server] [Eureka-EvictionTimer] c.n.e.registry.AbstractInstanceRegistry  : Running the evict task with compensationTime 0ms
2026-10-07T20:36:53.941+02:00  INFO 33056 --- [eureka-server] [Eureka-EvictionTimer] c.n.e.registry.AbstractInstanceRegistry  : Running the evict task with compensationTime 0ms
2026-10-07T20:37:53.941+02:00  INFO 33056 --- [eureka-server] [Eureka-EvictionTimer] c.n.e.registry.AbstractInstanceRegistry  : Running the evict task with compensationTime 0ms
2026-10-07T20:37:55.323+02:00  INFO 33056 --- [eureka-server] [http-nio-8761-exec-4] c.n.e.registry.AbstractInstanceRegistry  : Registered instance API-GATEWAY/Kamil:api-gateway:8080 with status DOWN (replication=false)
2026-10-07T20:37:55.831+02:00  INFO 33056 --- [eureka-server] [http-nio-8761-exec-6] c.n.e.registry.AbstractInstanceRegistry  : Registered instance API-GATEWAY/Kamil:api-gateway:8080 with status DOWN (replication=true)
2026-10-07T20:37:59.240+02:00  INFO 33056 --- [eureka-server] [http-nio-8761-exec-10] c.n.e.registry.AbstractInstanceRegistry  : Cancelled instance API-GATEWAY/Kamil:api-gateway:8080 (replication=false)
2026-10-07T20:37:59.747+02:00  WARN 33056 --- [eureka-server] [http-nio-8761-exec-1] c.n.e.registry.AbstractInstanceRegistry  : DS: Registry: cancel failed because Lease is not registered for: API-GATEWAY/Kamil:api-gateway:8080
2026-10-07T20:37:59.747+02:00  INFO 33056 --- [eureka-server] [http-nio-8761-exec-1] c.n.eureka.resources.InstanceResource    : Not Found (Cancel): API-GATEWAY - Kamil:api-gateway:8080
2026-10-07T20:37:59.748+02:00  WARN 33056 --- [eureka-server] [TaskBatchingWorker-target_localhost-15] c.n.eureka.cluster.ReplicationTask       : The replication of task API-GATEWAY/Kamil:api-gateway:8080:Cancel@localhost failed with response code 404
2026-10-07T20:37:59.748+02:00  WARN 33056 --- [eureka-server] [TaskBatchingWorker-target_localhost-15] c.netflix.eureka.cluster.PeerEurekaNode  : API-GATEWAY/Kamil:api-gateway:8080:Cancel@localhost: missing entry.
2026-10-07T20:38:53.941+02:00  INFO 33056 --- [eureka-server] [Eureka-EvictionTimer] c.n.e.registry.AbstractInstanceRegistry  : Running the evict task with compensationTime 0ms
2026-10-07T20:39:17.456+02:00  INFO 33056 --- [eureka-server] [http-nio-8761-exec-8] c.n.e.registry.AbstractInstanceRegistry  : Registered instance API-GATEWAY/Kamil:api-gateway with status UP (replication=false)
2026-10-07T20:39:17.960+02:00  INFO 33056 --- [eureka-server] [http-nio-8761-exec-10] c.n.e.registry.AbstractInstanceRegistry  : Registered instance API-GATEWAY/Kamil:api-gateway with status UP (replication=true)
2026-10-07T20:39:53.942+02:00  INFO 33056 --- [eureka-server] [Eureka-EvictionTimer] c.n.e.registry.AbstractInstanceRegistry  : Running the evict task with compensationTime 0ms
2026-10-07T20:39:54.380+02:00  INFO 33056 --- [eureka-server] [http-nio-8761-exec-6] c.n.e.registry.AbstractInstanceRegistry  : Registered instance API-GATEWAY/Kamil:api-gateway with status DOWN (replication=false)
2026-10-07T20:39:54.894+02:00  INFO 33056 --- [eureka-server] [http-nio-8761-exec-5] c.n.e.registry.AbstractInstanceRegistry  : Registered instance API-GATEWAY/Kamil:api-gateway with status DOWN (replication=true)
2026-10-07T20:39:57.539+02:00  INFO 33056 --- [eureka-server] [http-nio-8761-exec-7] c.n.e.registry.AbstractInstanceRegistry  : Cancelled instance API-GATEWAY/Kamil:api-gateway (replication=false)
2026-10-07T20:39:58.044+02:00  WARN 33056 --- [eureka-server] [http-nio-8761-exec-9] c.n.e.registry.AbstractInstanceRegistry  : DS: Registry: cancel failed because Lease is not registered for: API-GATEWAY/Kamil:api-gateway
2026-10-07T20:39:58.044+02:00  INFO 33056 --- [eureka-server] [http-nio-8761-exec-9] c.n.eureka.resources.InstanceResource    : Not Found (Cancel): API-GATEWAY - Kamil:api-gateway
2026-10-07T20:39:58.045+02:00  WARN 33056 --- [eureka-server] [TaskBatchingWorker-target_localhost-5] c.n.eureka.cluster.ReplicationTask       : The replication of task API-GATEWAY/Kamil:api-gateway:Cancel@localhost failed with response code 404
2026-10-07T20:39:58.045+02:00  WARN 33056 --- [eureka-server] [TaskBatchingWorker-target_localhost-5] c.netflix.eureka.cluster.PeerEurekaNode  : API-GATEWAY/Kamil:api-gateway:Cancel@localhost: missing entry.
2026-10-07T20:40:53.942+02:00  INFO 33056 --- [eureka-server] [Eureka-EvictionTimer] c.n.e.registry.AbstractInstanceRegistry  : Running the evict task with compensationTime 0ms
2026-10-07T20:41:17.985+02:00  INFO 33056 --- [eureka-server] [http-nio-8761-exec-5] c.n.e.registry.AbstractInstanceRegistry  : Registered instance API-GATEWAY/Kamil:api-gateway:8080 with status UP (replication=false)
2026-10-07T20:41:18.497+02:00  INFO 33056 --- [eureka-server] [http-nio-8761-exec-7] c.n.e.registry.AbstractInstanceRegistry  : Registered instance API-GATEWAY/Kamil:api-gateway:8080 with status UP (replication=true)
2026-10-07T20:41:53.943+02:00  INFO 33056 --- [eureka-server] [Eureka-EvictionTimer] c.n.e.registry.AbstractInstanceRegistry  : Running the evict task with compensationTime 0ms
2026-10-07T20:42:53.943+02:00  INFO 33056 --- [eureka-server] [Eureka-EvictionTimer] c.n.e.registry.AbstractInstanceRegistry  : Running the evict task with compensationTime 0ms
2026-10-07T20:43:53.944+02:00  INFO 33056 --- [eureka-server] [Eureka-EvictionTimer] c.n.e.registry.AbstractInstanceRegistry  : Running the evict task with compensationTime 0ms
2026-10-07T20:44:53.944+02:00  INFO 33056 --- [eureka-server] [Eureka-EvictionTimer] c.n.e.registry.AbstractInstanceRegistry  : Running the evict task with compensationTime 0ms
2026-10-07T20:45:53.945+02:00  INFO 33056 --- [eureka-server] [Eureka-EvictionTimer] c.n.e.registry.AbstractInstanceRegistry  : Running the evict task with compensationTime 0ms
2026-10-07T20:46:34.515+02:00  INFO 33056 --- [eureka-server] [http-nio-8761-exec-2] c.n.e.registry.AbstractInstanceRegistry  : Registered instance API-GATEWAY/Kamil:api-gateway:8080 with status DOWN (replication=false)
2026-10-07T20:46:35.025+02:00  INFO 33056 --- [eureka-server] [http-nio-8761-exec-4] c.n.e.registry.AbstractInstanceRegistry  : Registered instance API-GATEWAY/Kamil:api-gateway:8080 with status DOWN (replication=true)
2026-10-07T20:46:38.339+02:00  INFO 33056 --- [eureka-server] [http-nio-8761-exec-6] c.n.e.registry.AbstractInstanceRegistry  : Cancelled instance API-GATEWAY/Kamil:api-gateway:8080 (replication=false)
2026-10-07T20:46:38.848+02:00  WARN 33056 --- [eureka-server] [http-nio-8761-exec-8] c.n.e.registry.AbstractInstanceRegistry  : DS: Registry: cancel failed because Lease is not registered for: API-GATEWAY/Kamil:api-gateway:8080
2026-10-07T20:46:38.848+02:00  INFO 33056 --- [eureka-server] [http-nio-8761-exec-8] c.n.eureka.resources.InstanceResource    : Not Found (Cancel): API-GATEWAY - Kamil:api-gateway:8080
2026-10-07T20:46:38.849+02:00  WARN 33056 --- [eureka-server] [TaskBatchingWorker-target_localhost-15] c.n.eureka.cluster.ReplicationTask       : The replication of task API-GATEWAY/Kamil:api-gateway:8080:Cancel@localhost failed with response code 404
2026-10-07T20:46:38.849+02:00  WARN 33056 --- [eureka-server] [TaskBatchingWorker-target_localhost-15] c.netflix.eureka.cluster.PeerEurekaNode  : API-GATEWAY/Kamil:api-gateway:8080:Cancel@localhost: missing entry.
2026-10-07T20:46:46.864+02:00  INFO 33056 --- [eureka-server] [http-nio-8761-exec-8] c.n.e.registry.AbstractInstanceRegistry  : Registered instance API-GATEWAY/Kamil:api-gateway:9999 with status UP (replication=false)
2026-10-07T20:46:47.367+02:00  INFO 33056 --- [eureka-server] [http-nio-8761-exec-10] c.n.e.registry.AbstractInstanceRegistry  : Registered instance API-GATEWAY/Kamil:api-gateway:9999 with status UP (replication=true)
2026-10-07T20:46:53.946+02:00  INFO 33056 --- [eureka-server] [Eureka-EvictionTimer] c.n.e.registry.AbstractInstanceRegistry  : Running the evict task with compensationTime 0ms
2026-10-07T20:47:53.946+02:00  INFO 33056 --- [eureka-server] [Eureka-EvictionTimer] c.n.e.registry.AbstractInstanceRegistry  : Running the evict task with compensationTime 0ms
2026-10-07T20:48:53.782+02:00  INFO 33056 --- [eureka-server] [ReplicaAwareInstanceRegistry - RenewalThresholdUpdater] c.n.e.r.PeerAwareInstanceRegistryImpl    : Current renewal threshold is : 8
2026-10-07T20:48:53.946+02:00  INFO 33056 --- [eureka-server] [Eureka-EvictionTimer] c.n.e.registry.AbstractInstanceRegistry  : Running the evict task with compensationTime 0ms
2026-10-07T20:49:53.952+02:00  INFO 33056 --- [eureka-server] [Eureka-EvictionTimer] c.n.e.registry.AbstractInstanceRegistry  : Running the evict task with compensationTime 5ms
2026-10-07T20:50:14.434+02:00  INFO 33056 --- [eureka-server] [http-nio-8761-exec-5] c.n.e.registry.AbstractInstanceRegistry  : Registered instance API-GATEWAY/Kamil:api-gateway:9999 with status DOWN (replication=false)
2026-10-07T20:50:14.552+02:00  INFO 33056 --- [eureka-server] [http-nio-8761-exec-4] c.n.e.registry.AbstractInstanceRegistry  : Registered instance API-GATEWAY/Kamil:api-gateway:9999 with status DOWN (replication=true)
2026-10-07T20:50:18.381+02:00  INFO 33056 --- [eureka-server] [http-nio-8761-exec-5] c.n.e.registry.AbstractInstanceRegistry  : Cancelled instance API-GATEWAY/Kamil:api-gateway:9999 (replication=false)
2026-10-07T20:50:18.892+02:00  WARN 33056 --- [eureka-server] [http-nio-8761-exec-8] c.n.e.registry.AbstractInstanceRegistry  : DS: Registry: cancel failed because Lease is not registered for: API-GATEWAY/Kamil:api-gateway:9999
2026-10-07T20:50:18.892+02:00  INFO 33056 --- [eureka-server] [http-nio-8761-exec-8] c.n.eureka.resources.InstanceResource    : Not Found (Cancel): API-GATEWAY - Kamil:api-gateway:9999
2026-10-07T20:50:18.893+02:00  WARN 33056 --- [eureka-server] [TaskBatchingWorker-target_localhost-17] c.n.eureka.cluster.ReplicationTask       : The replication of task API-GATEWAY/Kamil:api-gateway:9999:Cancel@localhost failed with response code 404
2026-10-07T20:50:18.893+02:00  WARN 33056 --- [eureka-server] [TaskBatchingWorker-target_localhost-17] c.netflix.eureka.cluster.PeerEurekaNode  : API-GATEWAY/Kamil:api-gateway:9999:Cancel@localhost: missing entry.
2026-10-07T20:50:53.953+02:00  INFO 33056 --- [eureka-server] [Eureka-EvictionTimer] c.n.e.registry.AbstractInstanceRegistry  : Running the evict task with compensationTime 0ms
2026-10-07T20:51:19.639+02:00  INFO 33056 --- [eureka-server] [http-nio-8761-exec-7] c.n.e.registry.AbstractInstanceRegistry  : Registered instance API-GATEWAY/Kamil:api-gateway:8080 with status UP (replication=false)
2026-10-07T20:51:20.145+02:00  INFO 33056 --- [eureka-server] [http-nio-8761-exec-4] c.n.e.registry.AbstractInstanceRegistry  : Registered instance API-GATEWAY/Kamil:api-gateway:8080 with status UP (replication=true)
2026-10-07T20:51:41.428+02:00  INFO 33056 --- [eureka-server] [http-nio-8761-exec-8] c.n.e.registry.AbstractInstanceRegistry  : Registered instance PRODUCT-SERVICE/Kamil:product-service:8081 with status DOWN (replication=false)
2026-10-07T20:51:41.435+02:00  INFO 33056 --- [eureka-server] [http-nio-8761-exec-9] c.n.e.registry.AbstractInstanceRegistry  : Registered instance API-GATEWAY/Kamil:api-gateway:8080 with status DOWN (replication=false)
2026-10-07T20:51:41.435+02:00  INFO 33056 --- [eureka-server] [SpringApplicationShutdownHook] o.s.c.n.e.s.EurekaServiceRegistry        : Unregistering application EUREKA-SERVER with eureka with status DOWN
2026-10-07T20:51:41.437+02:00  INFO 33056 --- [eureka-server] [http-nio-8761-exec-10] c.n.e.registry.AbstractInstanceRegistry  : Registered instance USER-SERVICE/Kamil:user-service:8082 with status DOWN (replication=false)
2026-10-07T20:51:41.441+02:00  INFO 33056 --- [eureka-server] [SpringApplicationShutdownHook] o.s.boot.tomcat.GracefulShutdown         : Commencing graceful shutdown. Waiting for active requests to complete
2026-10-07T20:51:41.448+02:00  INFO 33056 --- [eureka-server] [tomcat-shutdown] o.s.boot.tomcat.GracefulShutdown         : Graceful shutdown complete
2026-10-07T20:51:41.451+02:00  INFO 33056 --- [eureka-server] [SpringApplicationShutdownHook] o.s.c.n.e.server.EurekaServerBootstrap   : Shutting down Eureka Server..
2026-10-07T20:51:41.451+02:00  INFO 33056 --- [eureka-server] [SpringApplicationShutdownHook] c.n.eureka.DefaultEurekaServerContext    : Shutting down ...
2026-10-07T20:51:41.456+02:00  INFO 33056 --- [eureka-server] [SpringApplicationShutdownHook] c.n.eureka.DefaultEurekaServerContext    : Shut down
2026-10-07T20:51:41.456+02:00  INFO 33056 --- [eureka-server] [SpringApplicationShutdownHook] o.s.c.n.e.server.EurekaServerBootstrap   : Eureka Service is now shutdown...
2026-10-07T20:51:41.453+02:00 ERROR 33056 --- [eureka-server] [Eureka-Jersey3Client-Conn-Cleaner2] c.n.d.s.t.j.EurekaJersey3ClientImpl      : Cannot clean connections

java.lang.IllegalStateException: Client instance has been closed.
	at org.glassfish.jersey.internal.guava.Preconditions.checkState(Preconditions.java:169) ~[jersey-common-4.0.2.jar:na]
	at org.glassfish.jersey.client.JerseyClient.checkNotClosed(JerseyClient.java:248) ~[jersey-client-4.0.2.jar:na]
	at org.glassfish.jersey.client.JerseyClient.getConfiguration(JerseyClient.java:363) ~[jersey-client-4.0.2.jar:na]
	at org.glassfish.jersey.client.JerseyClient.getConfiguration(JerseyClient.java:54) ~[jersey-client-4.0.2.jar:na]
	at com.netflix.discovery.shared.transport.jersey3.EurekaJersey3ClientImpl$ConnectionCleanerTask.run(EurekaJersey3ClientImpl.java:338) ~[eureka-client-jersey3-2.0.6.jar:2.0.6]
	at java.base/java.util.concurrent.Executors$RunnableAdapter.call(Executors.java:545) ~[na:na]
	at java.base/java.util.concurrent.FutureTask.run(FutureTask.java:328) ~[na:na]
	at java.base/java.util.concurrent.ScheduledThreadPoolExecutor$ScheduledFutureTask.run(ScheduledThreadPoolExecutor.java:309) ~[na:na]
	at java.base/java.util.concurrent.ThreadPoolExecutor.runWorker(ThreadPoolExecutor.java:1095) ~[na:na]
	at java.base/java.util.concurrent.ThreadPoolExecutor$Worker.run(ThreadPoolExecutor.java:619) ~[na:na]
	at java.base/java.lang.Thread.run(Thread.java:1447) ~[na:na]

2026-10-07T20:51:41.457+02:00  INFO 33056 --- [eureka-server] [SpringApplicationShutdownHook] c.n.eureka.DefaultEurekaServerContext    : Shutting down ...
2026-10-07T20:51:41.457+02:00  INFO 33056 --- [eureka-server] [SpringApplicationShutdownHook] c.n.eureka.DefaultEurekaServerContext    : Shut down
2026-10-07T20:51:41.462+02:00  INFO 33056 --- [eureka-server] [SpringApplicationShutdownHook] com.netflix.discovery.DiscoveryClient    : Shutting down DiscoveryClient ...
2026-10-07T20:51:41.462+02:00  INFO 33056 --- [eureka-server] [SpringApplicationShutdownHook] com.netflix.discovery.DiscoveryClient    : Completed shut down of DiscoveryClient
2026-10-07T20:52:04.484+02:00  INFO 8748 --- [eureka-server] [restartedMain] c.e.e.EurekaserverApplication            : Starting EurekaserverApplication using Java 24.0.1 with PID 8748 (E:\Programy\Github\nowy-ecomerce\nowy\ecom\eurekaserver\target\classes started by KPSzy in E:\Programy\Github\nowy-ecomerce\nowy\ecom)
2026-10-07T20:52:04.488+02:00  INFO 8748 --- [eureka-server] [restartedMain] c.e.e.EurekaserverApplication            : No active profile set, falling back to 1 default profile: "default"
2026-10-07T20:52:04.552+02:00  INFO 8748 --- [eureka-server] [restartedMain] o.s.c.c.c.ConfigServerConfigDataLoader   : Fetching config from server at : http://localhost:8888
2026-10-07T20:52:04.553+02:00  INFO 8748 --- [eureka-server] [restartedMain] o.s.c.c.c.ConfigServerConfigDataLoader   : Located environment: name=eureka-server, profiles=[default], label=null, version=null, state=null
2026-10-07T20:52:04.557+02:00  INFO 8748 --- [eureka-server] [restartedMain] .e.DevToolsPropertyDefaultsPostProcessor : Devtools property defaults active! Set 'spring.devtools.add-properties' to 'false' to disable
2026-10-07T20:52:04.557+02:00  INFO 8748 --- [eureka-server] [restartedMain] .e.DevToolsPropertyDefaultsPostProcessor : For additional web related logging consider setting the 'logging.level.web' property to 'DEBUG'
2026-10-07T20:52:05.589+02:00  INFO 8748 --- [eureka-server] [restartedMain] o.s.cloud.context.scope.GenericScope     : BeanFactory id=af114f12-fdcc-3bff-b742-fa72a93b0cd5
2026-10-07T20:52:06.286+02:00  INFO 8748 --- [eureka-server] [restartedMain] o.s.boot.tomcat.TomcatWebServer          : Tomcat initialized with port 8761 (http)
2026-10-07T20:52:06.304+02:00  INFO 8748 --- [eureka-server] [restartedMain] o.apache.catalina.core.StandardService   : Starting service [Tomcat]
2026-10-07T20:52:06.305+02:00  INFO 8748 --- [eureka-server] [restartedMain] o.apache.catalina.core.StandardEngine    : Starting Servlet engine: [Apache Tomcat/11.0.24]
2026-10-07T20:52:06.364+02:00  INFO 8748 --- [eureka-server] [restartedMain] b.w.c.s.WebApplicationContextInitializer : Root WebApplicationContext: initialization completed in 1806 ms
2026-10-07T20:52:07.323+02:00  INFO 8748 --- [eureka-server] [restartedMain] c.n.d.provider.DiscoveryJerseyProvider   : Using JSON encoding codec LegacyJacksonJson
2026-10-07T20:52:07.324+02:00  INFO 8748 --- [eureka-server] [restartedMain] c.n.d.provider.DiscoveryJerseyProvider   : Using JSON decoding codec LegacyJacksonJson
2026-10-07T20:52:07.566+02:00  INFO 8748 --- [eureka-server] [restartedMain] c.n.d.provider.DiscoveryJerseyProvider   : Using XML encoding codec XStreamXml
2026-10-07T20:52:07.567+02:00  INFO 8748 --- [eureka-server] [restartedMain] c.n.d.provider.DiscoveryJerseyProvider   : Using XML decoding codec XStreamXml
2026-10-07T20:52:07.735+02:00  INFO 8748 --- [eureka-server] [restartedMain] o.s.v.b.OptionalValidatorFactoryBean     : Failed to set up a Bean Validation provider: jakarta.validation.NoProviderFoundException: Unable to create a Configuration, because no Jakarta Validation provider could be found. Add a provider like Hibernate Validator (RI) to your classpath.
2026-10-07T20:52:08.420+02:00  INFO 8748 --- [eureka-server] [restartedMain] o.s.c.n.eureka.InstanceInfoFactory       : Setting initial instance status as: STARTING
2026-10-07T20:52:08.439+02:00  INFO 8748 --- [eureka-server] [restartedMain] com.netflix.discovery.DiscoveryClient    : Initializing Eureka in region us-east-1
2026-10-07T20:52:08.439+02:00  INFO 8748 --- [eureka-server] [restartedMain] com.netflix.discovery.DiscoveryClient    : Client configured to neither register nor query for data.
2026-10-07T20:52:08.440+02:00  INFO 8748 --- [eureka-server] [restartedMain] com.netflix.discovery.DiscoveryClient    : Discovery Client initialized at timestamp 1791399128440 with initial instances count: 0
2026-10-07T20:52:08.469+02:00  INFO 8748 --- [eureka-server] [restartedMain] c.n.eureka.DefaultEurekaServerContext    : Initializing ...
2026-10-07T20:52:08.475+02:00  INFO 8748 --- [eureka-server] [restartedMain] c.n.eureka.cluster.PeerEurekaNodes       : Adding new peer nodes [http://localhost:8761/eureka/]
2026-10-07T20:52:08.621+02:00  INFO 8748 --- [eureka-server] [restartedMain] c.n.d.provider.DiscoveryJerseyProvider   : Using JSON encoding codec LegacyJacksonJson
2026-10-07T20:52:08.622+02:00  INFO 8748 --- [eureka-server] [restartedMain] c.n.d.provider.DiscoveryJerseyProvider   : Using JSON decoding codec LegacyJacksonJson
2026-10-07T20:52:08.622+02:00  INFO 8748 --- [eureka-server] [restartedMain] c.n.d.provider.DiscoveryJerseyProvider   : Using XML encoding codec XStreamXml
2026-10-07T20:52:08.622+02:00  INFO 8748 --- [eureka-server] [restartedMain] c.n.d.provider.DiscoveryJerseyProvider   : Using XML decoding codec XStreamXml
2026-10-07T20:52:08.657+02:00  INFO 8748 --- [eureka-server] [restartedMain] c.n.eureka.cluster.PeerEurekaNodes       : Replica node URL:  http://localhost:8761/eureka/
2026-10-07T20:52:08.669+02:00  INFO 8748 --- [eureka-server] [restartedMain] c.n.e.registry.AbstractInstanceRegistry  : Finished initializing remote region registries. All known remote regions: []
2026-10-07T20:52:08.670+02:00  INFO 8748 --- [eureka-server] [restartedMain] c.n.eureka.DefaultEurekaServerContext    : Initialized
2026-10-07T20:52:08.685+02:00  INFO 8748 --- [eureka-server] [restartedMain] o.s.b.a.e.web.EndpointLinksResolver      : Exposing 17 endpoints beneath base path '/actuator'
2026-10-07T20:52:08.783+02:00  INFO 8748 --- [eureka-server] [restartedMain] o.s.c.n.e.s.EurekaServiceRegistry        : Registering application EUREKA-SERVER with eureka with status UP
2026-10-07T20:52:08.796+02:00  INFO 8748 --- [eureka-server] [Thread-13] o.s.c.n.e.server.EurekaServerBootstrap   : isAws returned false
2026-10-07T20:52:08.797+02:00  INFO 8748 --- [eureka-server] [Thread-13] o.s.c.n.e.server.EurekaServerBootstrap   : Initialized server context
2026-10-07T20:52:08.797+02:00  INFO 8748 --- [eureka-server] [Thread-13] c.n.e.r.PeerAwareInstanceRegistryImpl    : Got 1 instances from neighboring DS node
2026-10-07T20:52:08.798+02:00  INFO 8748 --- [eureka-server] [Thread-13] c.n.e.r.PeerAwareInstanceRegistryImpl    : Renew threshold is: 1
2026-10-07T20:52:08.798+02:00  INFO 8748 --- [eureka-server] [Thread-13] c.n.e.r.PeerAwareInstanceRegistryImpl    : Changing status to UP
2026-10-07T20:52:08.802+02:00  INFO 8748 --- [eureka-server] [Thread-13] e.s.EurekaServerInitializerConfiguration : Started Eureka Server
2026-10-07T20:52:08.821+02:00  INFO 8748 --- [eureka-server] [restartedMain] o.s.boot.tomcat.TomcatWebServer          : Tomcat started on port 8761 (http) with context path '/'
2026-10-07T20:52:08.822+02:00  INFO 8748 --- [eureka-server] [restartedMain] .s.c.n.e.s.EurekaAutoServiceRegistration : Updating port to 8761
2026-10-07T20:52:08.839+02:00  INFO 8748 --- [eureka-server] [restartedMain] c.e.e.EurekaserverApplication            : Started EurekaserverApplication in 5.593 seconds (process running for 6.454)
2026-10-07T20:52:20.884+02:00  INFO 8748 --- [eureka-server] [http-nio-8761-exec-1] o.a.c.c.C.[Tomcat].[localhost].[/]       : Initializing Spring DispatcherServlet 'dispatcherServlet'
2026-10-07T20:52:20.884+02:00  INFO 8748 --- [eureka-server] [http-nio-8761-exec-1] o.s.web.servlet.DispatcherServlet        : Initializing Servlet 'dispatcherServlet'
2026-10-07T20:52:20.885+02:00  INFO 8748 --- [eureka-server] [http-nio-8761-exec-1] o.s.web.servlet.DispatcherServlet        : Completed initialization in 1 ms
2026-10-07T20:52:21.112+02:00  INFO 8748 --- [eureka-server] [http-nio-8761-exec-2] c.n.e.registry.AbstractInstanceRegistry  : Registered instance API-GATEWAY/Kamil:api-gateway:8080 with status UP (replication=false)
2026-10-07T20:52:21.712+02:00  INFO 8748 --- [eureka-server] [http-nio-8761-exec-3] c.n.e.registry.AbstractInstanceRegistry  : Registered instance API-GATEWAY/Kamil:api-gateway:8080 with status UP (replication=true)
2026-10-07T20:52:31.085+02:00  INFO 8748 --- [eureka-server] [http-nio-8761-exec-5] c.n.e.registry.AbstractInstanceRegistry  : Registered instance USER-SERVICE/Kamil:user-service:8082 with status UP (replication=false)
2026-10-07T20:52:31.596+02:00  INFO 8748 --- [eureka-server] [http-nio-8761-exec-6] c.n.e.registry.AbstractInstanceRegistry  : Registered instance USER-SERVICE/Kamil:user-service:8082 with status UP (replication=true)
2026-10-07T20:53:08.801+02:00  INFO 8748 --- [eureka-server] [Eureka-EvictionTimer] c.n.e.registry.AbstractInstanceRegistry  : Running the evict task with compensationTime 0ms
2026-10-07T20:54:08.812+02:00  INFO 8748 --- [eureka-server] [Eureka-EvictionTimer] c.n.e.registry.AbstractInstanceRegistry  : Running the evict task with compensationTime 11ms
2026-10-07T20:55:08.818+02:00  INFO 8748 --- [eureka-server] [Eureka-EvictionTimer] c.n.e.registry.AbstractInstanceRegistry  : Running the evict task with compensationTime 5ms
2026-10-07T20:56:08.823+02:00  INFO 8748 --- [eureka-server] [Eureka-EvictionTimer] c.n.e.registry.AbstractInstanceRegistry  : Running the evict task with compensationTime 4ms
2026-10-07T20:57:08.824+02:00  INFO 8748 --- [eureka-server] [Eureka-EvictionTimer] c.n.e.registry.AbstractInstanceRegistry  : Running the evict task with compensationTime 1ms
2026-10-07T20:58:08.835+02:00  INFO 8748 --- [eureka-server] [Eureka-EvictionTimer] c.n.e.registry.AbstractInstanceRegistry  : Running the evict task with compensationTime 11ms
2026-10-07T20:59:08.836+02:00  INFO 8748 --- [eureka-server] [Eureka-EvictionTimer] c.n.e.registry.AbstractInstanceRegistry  : Running the evict task with compensationTime 0ms
2026-10-07T21:00:08.837+02:00  INFO 8748 --- [eureka-server] [Eureka-EvictionTimer] c.n.e.registry.AbstractInstanceRegistry  : Running the evict task with compensationTime 1ms
2026-10-07T21:01:08.838+02:00  INFO 8748 --- [eureka-server] [Eureka-EvictionTimer] c.n.e.registry.AbstractInstanceRegistry  : Running the evict task with compensationTime 0ms
2026-10-07T21:01:20.887+02:00  INFO 8748 --- [eureka-server] [http-nio-8761-exec-8] c.n.e.registry.AbstractInstanceRegistry  : Registered instance API-GATEWAY/Kamil:api-gateway:8080 with status DOWN (replication=false)
2026-10-07T21:01:21.392+02:00  INFO 8748 --- [eureka-server] [http-nio-8761-exec-10] c.n.e.registry.AbstractInstanceRegistry  : Registered instance API-GATEWAY/Kamil:api-gateway:8080 with status DOWN (replication=true)
2026-10-07T21:01:23.914+02:00  INFO 8748 --- [eureka-server] [http-nio-8761-exec-3] c.n.e.registry.AbstractInstanceRegistry  : Cancelled instance API-GATEWAY/Kamil:api-gateway:8080 (replication=false)
2026-10-07T21:01:24.422+02:00  WARN 8748 --- [eureka-server] [http-nio-8761-exec-9] c.n.e.registry.AbstractInstanceRegistry  : DS: Registry: cancel failed because Lease is not registered for: API-GATEWAY/Kamil:api-gateway:8080
2026-10-07T21:01:24.422+02:00  INFO 8748 --- [eureka-server] [http-nio-8761-exec-9] c.n.eureka.resources.InstanceResource    : Not Found (Cancel): API-GATEWAY - Kamil:api-gateway:8080
2026-10-07T21:01:24.423+02:00  WARN 8748 --- [eureka-server] [TaskBatchingWorker-target_localhost-19] c.n.eureka.cluster.ReplicationTask       : The replication of task API-GATEWAY/Kamil:api-gateway:8080:Cancel@localhost failed with response code 404
2026-10-07T21:01:24.423+02:00  WARN 8748 --- [eureka-server] [TaskBatchingWorker-target_localhost-19] c.netflix.eureka.cluster.PeerEurekaNode  : API-GATEWAY/Kamil:api-gateway:8080:Cancel@localhost: missing entry.
2026-10-07T21:01:30.900+02:00  INFO 8748 --- [eureka-server] [http-nio-8761-exec-1] c.n.e.registry.AbstractInstanceRegistry  : Registered instance API-GATEWAY/Kamil:api-gateway:8080 with status UP (replication=false)
2026-10-07T21:01:31.408+02:00  INFO 8748 --- [eureka-server] [http-nio-8761-exec-2] c.n.e.registry.AbstractInstanceRegistry  : Registered instance API-GATEWAY/Kamil:api-gateway:8080 with status UP (replication=true)
2026-10-07T21:02:08.843+02:00  INFO 8748 --- [eureka-server] [Eureka-EvictionTimer] c.n.e.registry.AbstractInstanceRegistry  : Running the evict task with compensationTime 4ms
2026-10-07T21:02:23.777+02:00  INFO 8748 --- [eureka-server] [SpringApplicationShutdownHook] o.s.c.n.e.s.EurekaServiceRegistry        : Unregistering application EUREKA-SERVER with eureka with status DOWN
2026-10-07T21:02:23.780+02:00  INFO 8748 --- [eureka-server] [SpringApplicationShutdownHook] o.s.boot.tomcat.GracefulShutdown         : Commencing graceful shutdown. Waiting for active requests to complete
2026-10-07T21:02:23.784+02:00  INFO 8748 --- [eureka-server] [tomcat-shutdown] o.s.boot.tomcat.GracefulShutdown         : Graceful shutdown complete
2026-10-07T21:02:23.786+02:00  INFO 8748 --- [eureka-server] [SpringApplicationShutdownHook] o.s.c.n.e.server.EurekaServerBootstrap   : Shutting down Eureka Server..
2026-10-07T21:02:23.786+02:00  INFO 8748 --- [eureka-server] [SpringApplicationShutdownHook] c.n.eureka.DefaultEurekaServerContext    : Shutting down ...
2026-10-07T21:02:23.790+02:00  INFO 8748 --- [eureka-server] [SpringApplicationShutdownHook] c.n.eureka.DefaultEurekaServerContext    : Shut down
2026-10-07T21:02:23.790+02:00  INFO 8748 --- [eureka-server] [SpringApplicationShutdownHook] o.s.c.n.e.server.EurekaServerBootstrap   : Eureka Service is now shutdown...
2026-10-07T21:02:23.791+02:00  INFO 8748 --- [eureka-server] [SpringApplicationShutdownHook] c.n.eureka.DefaultEurekaServerContext    : Shutting down ...
2026-10-07T21:02:23.791+02:00  INFO 8748 --- [eureka-server] [SpringApplicationShutdownHook] c.n.eureka.DefaultEurekaServerContext    : Shut down
2026-10-07T21:02:23.788+02:00 ERROR 8748 --- [eureka-server] [Eureka-Jersey3Client-Conn-Cleaner2] c.n.d.s.t.j.EurekaJersey3ClientImpl      : Cannot clean connections

java.lang.IllegalStateException: Client instance has been closed.
	at org.glassfish.jersey.internal.guava.Preconditions.checkState(Preconditions.java:169) ~[jersey-common-4.0.2.jar:na]
	at org.glassfish.jersey.client.JerseyClient.checkNotClosed(JerseyClient.java:248) ~[jersey-client-4.0.2.jar:na]
	at org.glassfish.jersey.client.JerseyClient.getConfiguration(JerseyClient.java:363) ~[jersey-client-4.0.2.jar:na]
	at org.glassfish.jersey.client.JerseyClient.getConfiguration(JerseyClient.java:54) ~[jersey-client-4.0.2.jar:na]
	at com.netflix.discovery.shared.transport.jersey3.EurekaJersey3ClientImpl$ConnectionCleanerTask.run(EurekaJersey3ClientImpl.java:338) ~[eureka-client-jersey3-2.0.6.jar:2.0.6]
	at java.base/java.util.concurrent.Executors$RunnableAdapter.call(Executors.java:545) ~[na:na]
	at java.base/java.util.concurrent.FutureTask.run(FutureTask.java:328) ~[na:na]
	at java.base/java.util.concurrent.ScheduledThreadPoolExecutor$ScheduledFutureTask.run(ScheduledThreadPoolExecutor.java:309) ~[na:na]
	at java.base/java.util.concurrent.ThreadPoolExecutor.runWorker(ThreadPoolExecutor.java:1095) ~[na:na]
	at java.base/java.util.concurrent.ThreadPoolExecutor$Worker.run(ThreadPoolExecutor.java:619) ~[na:na]
	at java.base/java.lang.Thread.run(Thread.java:1447) ~[na:na]

2026-10-07T21:02:23.795+02:00  INFO 8748 --- [eureka-server] [SpringApplicationShutdownHook] com.netflix.discovery.DiscoveryClient    : Shutting down DiscoveryClient ...
2026-10-07T21:02:23.795+02:00  INFO 8748 --- [eureka-server] [SpringApplicationShutdownHook] com.netflix.discovery.DiscoveryClient    : Completed shut down of DiscoveryClient
2026-10-07T21:02:46.221+02:00  INFO 22496 --- [eureka-server] [restartedMain] c.e.e.EurekaserverApplication            : Starting EurekaserverApplication using Java 24.0.1 with PID 22496 (E:\Programy\Github\nowy-ecomerce\nowy\ecom\eurekaserver\target\classes started by KPSzy in E:\Programy\Github\nowy-ecomerce\nowy\ecom)
2026-10-07T21:02:46.225+02:00  INFO 22496 --- [eureka-server] [restartedMain] c.e.e.EurekaserverApplication            : No active profile set, falling back to 1 default profile: "default"
2026-10-07T21:02:46.284+02:00  INFO 22496 --- [eureka-server] [restartedMain] o.s.c.c.c.ConfigServerConfigDataLoader   : Fetching config from server at : http://localhost:8888
2026-10-07T21:02:46.284+02:00  INFO 22496 --- [eureka-server] [restartedMain] o.s.c.c.c.ConfigServerConfigDataLoader   : Located environment: name=eureka-server, profiles=[default], label=null, version=null, state=null
2026-10-07T21:02:46.288+02:00  INFO 22496 --- [eureka-server] [restartedMain] .e.DevToolsPropertyDefaultsPostProcessor : Devtools property defaults active! Set 'spring.devtools.add-properties' to 'false' to disable
2026-10-07T21:02:46.289+02:00  INFO 22496 --- [eureka-server] [restartedMain] .e.DevToolsPropertyDefaultsPostProcessor : For additional web related logging consider setting the 'logging.level.web' property to 'DEBUG'
2026-10-07T21:02:47.400+02:00  INFO 22496 --- [eureka-server] [restartedMain] o.s.cloud.context.scope.GenericScope     : BeanFactory id=af114f12-fdcc-3bff-b742-fa72a93b0cd5
2026-10-07T21:02:48.082+02:00  INFO 22496 --- [eureka-server] [restartedMain] o.s.boot.tomcat.TomcatWebServer          : Tomcat initialized with port 8761 (http)
2026-10-07T21:02:48.100+02:00  INFO 22496 --- [eureka-server] [restartedMain] o.apache.catalina.core.StandardService   : Starting service [Tomcat]
2026-10-07T21:02:48.100+02:00  INFO 22496 --- [eureka-server] [restartedMain] o.apache.catalina.core.StandardEngine    : Starting Servlet engine: [Apache Tomcat/11.0.24]
2026-10-07T21:02:48.160+02:00  INFO 22496 --- [eureka-server] [restartedMain] b.w.c.s.WebApplicationContextInitializer : Root WebApplicationContext: initialization completed in 1870 ms
2026-10-07T21:02:49.146+02:00  INFO 22496 --- [eureka-server] [restartedMain] c.n.d.provider.DiscoveryJerseyProvider   : Using JSON encoding codec LegacyJacksonJson
2026-10-07T21:02:49.146+02:00  INFO 22496 --- [eureka-server] [restartedMain] c.n.d.provider.DiscoveryJerseyProvider   : Using JSON decoding codec LegacyJacksonJson
2026-10-07T21:02:49.394+02:00  INFO 22496 --- [eureka-server] [restartedMain] c.n.d.provider.DiscoveryJerseyProvider   : Using XML encoding codec XStreamXml
2026-10-07T21:02:49.394+02:00  INFO 22496 --- [eureka-server] [restartedMain] c.n.d.provider.DiscoveryJerseyProvider   : Using XML decoding codec XStreamXml
2026-10-07T21:02:49.628+02:00  INFO 22496 --- [eureka-server] [restartedMain] o.s.v.b.OptionalValidatorFactoryBean     : Failed to set up a Bean Validation provider: jakarta.validation.NoProviderFoundException: Unable to create a Configuration, because no Jakarta Validation provider could be found. Add a provider like Hibernate Validator (RI) to your classpath.
2026-10-07T21:02:50.335+02:00  INFO 22496 --- [eureka-server] [restartedMain] o.s.c.n.eureka.InstanceInfoFactory       : Setting initial instance status as: STARTING
2026-10-07T21:02:50.349+02:00  INFO 22496 --- [eureka-server] [restartedMain] com.netflix.discovery.DiscoveryClient    : Initializing Eureka in region us-east-1
2026-10-07T21:02:50.349+02:00  INFO 22496 --- [eureka-server] [restartedMain] com.netflix.discovery.DiscoveryClient    : Client configured to neither register nor query for data.
2026-10-07T21:02:50.350+02:00  INFO 22496 --- [eureka-server] [restartedMain] com.netflix.discovery.DiscoveryClient    : Discovery Client initialized at timestamp 1791399770350 with initial instances count: 0
2026-10-07T21:02:50.375+02:00  INFO 22496 --- [eureka-server] [restartedMain] c.n.eureka.DefaultEurekaServerContext    : Initializing ...
2026-10-07T21:02:50.378+02:00  INFO 22496 --- [eureka-server] [restartedMain] c.n.eureka.cluster.PeerEurekaNodes       : Adding new peer nodes [http://localhost:8761/eureka/]
2026-10-07T21:02:50.503+02:00  INFO 22496 --- [eureka-server] [restartedMain] c.n.d.provider.DiscoveryJerseyProvider   : Using JSON encoding codec LegacyJacksonJson
2026-10-07T21:02:50.504+02:00  INFO 22496 --- [eureka-server] [restartedMain] c.n.d.provider.DiscoveryJerseyProvider   : Using JSON decoding codec LegacyJacksonJson
2026-10-07T21:02:50.505+02:00  INFO 22496 --- [eureka-server] [restartedMain] c.n.d.provider.DiscoveryJerseyProvider   : Using XML encoding codec XStreamXml
2026-10-07T21:02:50.505+02:00  INFO 22496 --- [eureka-server] [restartedMain] c.n.d.provider.DiscoveryJerseyProvider   : Using XML decoding codec XStreamXml
2026-10-07T21:02:50.539+02:00  INFO 22496 --- [eureka-server] [restartedMain] c.n.eureka.cluster.PeerEurekaNodes       : Replica node URL:  http://localhost:8761/eureka/
2026-10-07T21:02:50.546+02:00  INFO 22496 --- [eureka-server] [restartedMain] c.n.e.registry.AbstractInstanceRegistry  : Finished initializing remote region registries. All known remote regions: []
2026-10-07T21:02:50.546+02:00  INFO 22496 --- [eureka-server] [restartedMain] c.n.eureka.DefaultEurekaServerContext    : Initialized
2026-10-07T21:02:50.559+02:00  INFO 22496 --- [eureka-server] [restartedMain] o.s.b.a.e.web.EndpointLinksResolver      : Exposing 17 endpoints beneath base path '/actuator'
2026-10-07T21:02:50.632+02:00  INFO 22496 --- [eureka-server] [restartedMain] o.s.c.n.e.s.EurekaServiceRegistry        : Registering application EUREKA-SERVER with eureka with status UP
2026-10-07T21:02:50.651+02:00  INFO 22496 --- [eureka-server] [Thread-13] o.s.c.n.e.server.EurekaServerBootstrap   : isAws returned false
2026-10-07T21:02:50.652+02:00  INFO 22496 --- [eureka-server] [Thread-13] o.s.c.n.e.server.EurekaServerBootstrap   : Initialized server context
2026-10-07T21:02:50.652+02:00  INFO 22496 --- [eureka-server] [Thread-13] c.n.e.r.PeerAwareInstanceRegistryImpl    : Got 1 instances from neighboring DS node
2026-10-07T21:02:50.652+02:00  INFO 22496 --- [eureka-server] [Thread-13] c.n.e.r.PeerAwareInstanceRegistryImpl    : Renew threshold is: 1
2026-10-07T21:02:50.653+02:00  INFO 22496 --- [eureka-server] [Thread-13] c.n.e.r.PeerAwareInstanceRegistryImpl    : Changing status to UP
2026-10-07T21:02:50.657+02:00  INFO 22496 --- [eureka-server] [Thread-13] e.s.EurekaServerInitializerConfiguration : Started Eureka Server
2026-10-07T21:02:50.669+02:00  INFO 22496 --- [eureka-server] [restartedMain] o.s.boot.tomcat.TomcatWebServer          : Tomcat started on port 8761 (http) with context path '/'
2026-10-07T21:02:50.670+02:00  INFO 22496 --- [eureka-server] [restartedMain] .s.c.n.e.s.EurekaAutoServiceRegistration : Updating port to 8761
2026-10-07T21:02:50.684+02:00  INFO 22496 --- [eureka-server] [restartedMain] c.e.e.EurekaserverApplication            : Started EurekaserverApplication in 5.809 seconds (process running for 6.775)
2026-10-07T21:02:59.375+02:00  INFO 22496 --- [eureka-server] [http-nio-8761-exec-1] o.a.c.c.C.[Tomcat].[localhost].[/]       : Initializing Spring DispatcherServlet 'dispatcherServlet'
2026-10-07T21:02:59.375+02:00  INFO 22496 --- [eureka-server] [http-nio-8761-exec-1] o.s.web.servlet.DispatcherServlet        : Initializing Servlet 'dispatcherServlet'
2026-10-07T21:02:59.376+02:00  INFO 22496 --- [eureka-server] [http-nio-8761-exec-1] o.s.web.servlet.DispatcherServlet        : Completed initialization in 1 ms
2026-10-07T21:02:59.598+02:00  INFO 22496 --- [eureka-server] [http-nio-8761-exec-2] c.n.e.registry.AbstractInstanceRegistry  : Registered instance API-GATEWAY/Kamil:api-gateway:8080 with status UP (replication=false)
2026-10-07T21:03:00.232+02:00  INFO 22496 --- [eureka-server] [http-nio-8761-exec-3] c.n.e.registry.AbstractInstanceRegistry  : Registered instance API-GATEWAY/Kamil:api-gateway:8080 with status UP (replication=true)
2026-10-07T21:03:09.095+02:00  INFO 22496 --- [eureka-server] [http-nio-8761-exec-5] c.n.e.registry.AbstractInstanceRegistry  : Registered instance USER-SERVICE/Kamil:user-service:8082 with status UP (replication=false)
2026-10-07T21:03:09.617+02:00  INFO 22496 --- [eureka-server] [http-nio-8761-exec-6] c.n.e.registry.AbstractInstanceRegistry  : Registered instance USER-SERVICE/Kamil:user-service:8082 with status UP (replication=true)
2026-10-07T21:03:50.655+02:00  INFO 22496 --- [eureka-server] [Eureka-EvictionTimer] c.n.e.registry.AbstractInstanceRegistry  : Running the evict task with compensationTime 0ms
2026-10-07T21:04:50.655+02:00  INFO 22496 --- [eureka-server] [Eureka-EvictionTimer] c.n.e.registry.AbstractInstanceRegistry  : Running the evict task with compensationTime 0ms
2026-10-07T21:05:12.652+02:00  INFO 22496 --- [eureka-server] [http-nio-8761-exec-10] c.n.e.registry.AbstractInstanceRegistry  : Registered instance API-GATEWAY/Kamil:api-gateway:8080 with status DOWN (replication=false)
2026-10-07T21:05:12.658+02:00  INFO 22496 --- [eureka-server] [SpringApplicationShutdownHook] o.s.c.n.e.s.EurekaServiceRegistry        : Unregistering application EUREKA-SERVER with eureka with status DOWN
2026-10-07T21:05:12.662+02:00  INFO 22496 --- [eureka-server] [http-nio-8761-exec-1] c.n.e.registry.AbstractInstanceRegistry  : Registered instance USER-SERVICE/Kamil:user-service:8082 with status DOWN (replication=false)
2026-10-07T21:05:12.663+02:00  INFO 22496 --- [eureka-server] [SpringApplicationShutdownHook] o.s.boot.tomcat.GracefulShutdown         : Commencing graceful shutdown. Waiting for active requests to complete
2026-10-07T21:05:12.669+02:00  INFO 22496 --- [eureka-server] [tomcat-shutdown] o.s.boot.tomcat.GracefulShutdown         : Graceful shutdown complete
2026-10-07T21:05:12.672+02:00  INFO 22496 --- [eureka-server] [SpringApplicationShutdownHook] o.s.c.n.e.server.EurekaServerBootstrap   : Shutting down Eureka Server..
2026-10-07T21:05:12.672+02:00  INFO 22496 --- [eureka-server] [SpringApplicationShutdownHook] c.n.eureka.DefaultEurekaServerContext    : Shutting down ...
2026-10-07T21:05:12.676+02:00  INFO 22496 --- [eureka-server] [SpringApplicationShutdownHook] c.n.eureka.DefaultEurekaServerContext    : Shut down
2026-10-07T21:05:12.672+02:00 ERROR 22496 --- [eureka-server] [Eureka-Jersey3Client-Conn-Cleaner2] c.n.d.s.t.j.EurekaJersey3ClientImpl      : Cannot clean connections

java.lang.IllegalStateException: Client instance has been closed.
	at org.glassfish.jersey.internal.guava.Preconditions.checkState(Preconditions.java:169) ~[jersey-common-4.0.2.jar:na]
	at org.glassfish.jersey.client.JerseyClient.checkNotClosed(JerseyClient.java:248) ~[jersey-client-4.0.2.jar:na]
	at org.glassfish.jersey.client.JerseyClient.getConfiguration(JerseyClient.java:363) ~[jersey-client-4.0.2.jar:na]
	at org.glassfish.jersey.client.JerseyClient.getConfiguration(JerseyClient.java:54) ~[jersey-client-4.0.2.jar:na]
	at com.netflix.discovery.shared.transport.jersey3.EurekaJersey3ClientImpl$ConnectionCleanerTask.run(EurekaJersey3ClientImpl.java:338) ~[eureka-client-jersey3-2.0.6.jar:2.0.6]
	at java.base/java.util.concurrent.Executors$RunnableAdapter.call(Executors.java:545) ~[na:na]
	at java.base/java.util.concurrent.FutureTask.run(FutureTask.java:328) ~[na:na]
	at java.base/java.util.concurrent.ScheduledThreadPoolExecutor$ScheduledFutureTask.run(ScheduledThreadPoolExecutor.java:309) ~[na:na]
	at java.base/java.util.concurrent.ThreadPoolExecutor.runWorker(ThreadPoolExecutor.java:1095) ~[na:na]
	at java.base/java.util.concurrent.ThreadPoolExecutor$Worker.run(ThreadPoolExecutor.java:619) ~[na:na]
	at java.base/java.lang.Thread.run(Thread.java:1447) ~[na:na]

2026-10-07T21:05:12.676+02:00  INFO 22496 --- [eureka-server] [SpringApplicationShutdownHook] o.s.c.n.e.server.EurekaServerBootstrap   : Eureka Service is now shutdown...
2026-10-07T21:05:12.677+02:00  INFO 22496 --- [eureka-server] [SpringApplicationShutdownHook] c.n.eureka.DefaultEurekaServerContext    : Shutting down ...
2026-10-07T21:05:12.677+02:00  INFO 22496 --- [eureka-server] [SpringApplicationShutdownHook] c.n.eureka.DefaultEurekaServerContext    : Shut down
2026-10-07T21:05:12.682+02:00  INFO 22496 --- [eureka-server] [SpringApplicationShutdownHook] com.netflix.discovery.DiscoveryClient    : Shutting down DiscoveryClient ...
2026-10-07T21:05:12.683+02:00  INFO 22496 --- [eureka-server] [SpringApplicationShutdownHook] com.netflix.discovery.DiscoveryClient    : Completed shut down of DiscoveryClient
2026-10-07T21:05:33.570+02:00  INFO 14884 --- [eureka-server] [restartedMain] c.e.e.EurekaserverApplication            : Starting EurekaserverApplication using Java 24.0.1 with PID 14884 (E:\Programy\Github\nowy-ecomerce\nowy\ecom\eurekaserver\target\classes started by KPSzy in E:\Programy\Github\nowy-ecomerce\nowy\ecom)
2026-10-07T21:05:33.572+02:00  INFO 14884 --- [eureka-server] [restartedMain] c.e.e.EurekaserverApplication            : No active profile set, falling back to 1 default profile: "default"
2026-10-07T21:05:33.614+02:00  INFO 14884 --- [eureka-server] [restartedMain] o.s.c.c.c.ConfigServerConfigDataLoader   : Fetching config from server at : http://localhost:8888
2026-10-07T21:05:33.614+02:00  INFO 14884 --- [eureka-server] [restartedMain] o.s.c.c.c.ConfigServerConfigDataLoader   : Located environment: name=eureka-server, profiles=[default], label=null, version=null, state=null
2026-10-07T21:05:33.617+02:00  INFO 14884 --- [eureka-server] [restartedMain] .e.DevToolsPropertyDefaultsPostProcessor : Devtools property defaults active! Set 'spring.devtools.add-properties' to 'false' to disable
2026-10-07T21:05:33.617+02:00  INFO 14884 --- [eureka-server] [restartedMain] .e.DevToolsPropertyDefaultsPostProcessor : For additional web related logging consider setting the 'logging.level.web' property to 'DEBUG'
2026-10-07T21:05:34.594+02:00  INFO 14884 --- [eureka-server] [restartedMain] o.s.cloud.context.scope.GenericScope     : BeanFactory id=af114f12-fdcc-3bff-b742-fa72a93b0cd5
2026-10-07T21:05:35.325+02:00  INFO 14884 --- [eureka-server] [restartedMain] o.s.boot.tomcat.TomcatWebServer          : Tomcat initialized with port 8761 (http)
2026-10-07T21:05:35.343+02:00  INFO 14884 --- [eureka-server] [restartedMain] o.apache.catalina.core.StandardService   : Starting service [Tomcat]
2026-10-07T21:05:35.344+02:00  INFO 14884 --- [eureka-server] [restartedMain] o.apache.catalina.core.StandardEngine    : Starting Servlet engine: [Apache Tomcat/11.0.24]
2026-10-07T21:05:35.407+02:00  INFO 14884 --- [eureka-server] [restartedMain] b.w.c.s.WebApplicationContextInitializer : Root WebApplicationContext: initialization completed in 1790 ms
2026-10-07T21:05:36.369+02:00  INFO 14884 --- [eureka-server] [restartedMain] c.n.d.provider.DiscoveryJerseyProvider   : Using JSON encoding codec LegacyJacksonJson
2026-10-07T21:05:36.369+02:00  INFO 14884 --- [eureka-server] [restartedMain] c.n.d.provider.DiscoveryJerseyProvider   : Using JSON decoding codec LegacyJacksonJson
2026-10-07T21:05:36.642+02:00  INFO 14884 --- [eureka-server] [restartedMain] c.n.d.provider.DiscoveryJerseyProvider   : Using XML encoding codec XStreamXml
2026-10-07T21:05:36.643+02:00  INFO 14884 --- [eureka-server] [restartedMain] c.n.d.provider.DiscoveryJerseyProvider   : Using XML decoding codec XStreamXml
2026-10-07T21:05:36.874+02:00  INFO 14884 --- [eureka-server] [restartedMain] o.s.v.b.OptionalValidatorFactoryBean     : Failed to set up a Bean Validation provider: jakarta.validation.NoProviderFoundException: Unable to create a Configuration, because no Jakarta Validation provider could be found. Add a provider like Hibernate Validator (RI) to your classpath.
2026-10-07T21:05:37.507+02:00  INFO 14884 --- [eureka-server] [restartedMain] o.s.c.n.eureka.InstanceInfoFactory       : Setting initial instance status as: STARTING
2026-10-07T21:05:37.521+02:00  INFO 14884 --- [eureka-server] [restartedMain] com.netflix.discovery.DiscoveryClient    : Initializing Eureka in region us-east-1
2026-10-07T21:05:37.521+02:00  INFO 14884 --- [eureka-server] [restartedMain] com.netflix.discovery.DiscoveryClient    : Client configured to neither register nor query for data.
2026-10-07T21:05:37.522+02:00  INFO 14884 --- [eureka-server] [restartedMain] com.netflix.discovery.DiscoveryClient    : Discovery Client initialized at timestamp 1791399937522 with initial instances count: 0
2026-10-07T21:05:37.549+02:00  INFO 14884 --- [eureka-server] [restartedMain] c.n.eureka.DefaultEurekaServerContext    : Initializing ...
2026-10-07T21:05:37.551+02:00  INFO 14884 --- [eureka-server] [restartedMain] c.n.eureka.cluster.PeerEurekaNodes       : Adding new peer nodes [http://localhost:8761/eureka/]
2026-10-07T21:05:37.694+02:00  INFO 14884 --- [eureka-server] [restartedMain] c.n.d.provider.DiscoveryJerseyProvider   : Using JSON encoding codec LegacyJacksonJson
2026-10-07T21:05:37.695+02:00  INFO 14884 --- [eureka-server] [restartedMain] c.n.d.provider.DiscoveryJerseyProvider   : Using JSON decoding codec LegacyJacksonJson
2026-10-07T21:05:37.695+02:00  INFO 14884 --- [eureka-server] [restartedMain] c.n.d.provider.DiscoveryJerseyProvider   : Using XML encoding codec XStreamXml
2026-10-07T21:05:37.695+02:00  INFO 14884 --- [eureka-server] [restartedMain] c.n.d.provider.DiscoveryJerseyProvider   : Using XML decoding codec XStreamXml
2026-10-07T21:05:37.730+02:00  INFO 14884 --- [eureka-server] [restartedMain] c.n.eureka.cluster.PeerEurekaNodes       : Replica node URL:  http://localhost:8761/eureka/
2026-10-07T21:05:37.737+02:00  INFO 14884 --- [eureka-server] [restartedMain] c.n.e.registry.AbstractInstanceRegistry  : Finished initializing remote region registries. All known remote regions: []
2026-10-07T21:05:37.737+02:00  INFO 14884 --- [eureka-server] [restartedMain] c.n.eureka.DefaultEurekaServerContext    : Initialized
2026-10-07T21:05:37.749+02:00  INFO 14884 --- [eureka-server] [restartedMain] o.s.b.a.e.web.EndpointLinksResolver      : Exposing 17 endpoints beneath base path '/actuator'
2026-10-07T21:05:37.849+02:00  INFO 14884 --- [eureka-server] [restartedMain] o.s.c.n.e.s.EurekaServiceRegistry        : Registering application EUREKA-SERVER with eureka with status UP
2026-10-07T21:05:37.883+02:00  INFO 14884 --- [eureka-server] [Thread-13] o.s.c.n.e.server.EurekaServerBootstrap   : isAws returned false
2026-10-07T21:05:37.885+02:00  INFO 14884 --- [eureka-server] [Thread-13] o.s.c.n.e.server.EurekaServerBootstrap   : Initialized server context
2026-10-07T21:05:37.885+02:00  INFO 14884 --- [eureka-server] [Thread-13] c.n.e.r.PeerAwareInstanceRegistryImpl    : Got 1 instances from neighboring DS node
2026-10-07T21:05:37.885+02:00  INFO 14884 --- [eureka-server] [Thread-13] c.n.e.r.PeerAwareInstanceRegistryImpl    : Renew threshold is: 1
2026-10-07T21:05:37.885+02:00  INFO 14884 --- [eureka-server] [Thread-13] c.n.e.r.PeerAwareInstanceRegistryImpl    : Changing status to UP
2026-10-07T21:05:37.889+02:00  INFO 14884 --- [eureka-server] [Thread-13] e.s.EurekaServerInitializerConfiguration : Started Eureka Server
2026-10-07T21:05:37.904+02:00  INFO 14884 --- [eureka-server] [restartedMain] o.s.boot.tomcat.TomcatWebServer          : Tomcat started on port 8761 (http) with context path '/'
2026-10-07T21:05:37.906+02:00  INFO 14884 --- [eureka-server] [restartedMain] .s.c.n.e.s.EurekaAutoServiceRegistration : Updating port to 8761
2026-10-07T21:05:37.924+02:00  INFO 14884 --- [eureka-server] [restartedMain] c.e.e.EurekaserverApplication            : Started EurekaserverApplication in 5.629 seconds (process running for 6.504)
2026-10-07T21:05:47.731+02:00  INFO 14884 --- [eureka-server] [http-nio-8761-exec-1] o.a.c.c.C.[Tomcat].[localhost].[/]       : Initializing Spring DispatcherServlet 'dispatcherServlet'
2026-10-07T21:05:47.732+02:00  INFO 14884 --- [eureka-server] [http-nio-8761-exec-1] o.s.web.servlet.DispatcherServlet        : Initializing Servlet 'dispatcherServlet'
2026-10-07T21:05:47.733+02:00  INFO 14884 --- [eureka-server] [http-nio-8761-exec-1] o.s.web.servlet.DispatcherServlet        : Completed initialization in 1 ms
2026-10-07T21:05:47.995+02:00  INFO 14884 --- [eureka-server] [http-nio-8761-exec-2] c.n.e.registry.AbstractInstanceRegistry  : Registered instance USER-SERVICE/Kamil:user-service:8082 with status UP (replication=false)
2026-10-07T21:05:48.607+02:00  INFO 14884 --- [eureka-server] [http-nio-8761-exec-3] c.n.e.registry.AbstractInstanceRegistry  : Registered instance USER-SERVICE/Kamil:user-service:8082 with status UP (replication=true)
2026-10-07T21:06:09.592+02:00  INFO 14884 --- [eureka-server] [http-nio-8761-exec-5] c.n.e.registry.AbstractInstanceRegistry  : Registered instance API-GATEWAY/Kamil:api-gateway:8080 with status UP (replication=false)
2026-10-07T21:06:10.107+02:00  INFO 14884 --- [eureka-server] [http-nio-8761-exec-6] c.n.e.registry.AbstractInstanceRegistry  : Registered instance API-GATEWAY/Kamil:api-gateway:8080 with status UP (replication=true)
2026-10-07T21:06:37.887+02:00  INFO 14884 --- [eureka-server] [Eureka-EvictionTimer] c.n.e.registry.AbstractInstanceRegistry  : Running the evict task with compensationTime 0ms
2026-10-07T21:06:49.465+02:00  INFO 14884 --- [eureka-server] [http-nio-8761-exec-7] c.n.e.registry.AbstractInstanceRegistry  : Registered instance PRODUCT-SERVICE/Kamil:product-service:8081 with status UP (replication=false)
2026-10-07T21:06:49.976+02:00  INFO 14884 --- [eureka-server] [http-nio-8761-exec-8] c.n.e.registry.AbstractInstanceRegistry  : Registered instance PRODUCT-SERVICE/Kamil:product-service:8081 with status UP (replication=true)
2026-10-07T21:06:51.109+02:00  INFO 14884 --- [eureka-server] [http-nio-8761-exec-1] c.n.e.registry.AbstractInstanceRegistry  : Registered instance ORDER-SERVICE/Kamil:order-service:8083 with status UP (replication=false)
2026-10-07T21:06:51.617+02:00  INFO 14884 --- [eureka-server] [http-nio-8761-exec-10] c.n.e.registry.AbstractInstanceRegistry  : Registered instance ORDER-SERVICE/Kamil:order-service:8083 with status UP (replication=true)
2026-10-07T21:07:37.887+02:00  INFO 14884 --- [eureka-server] [Eureka-EvictionTimer] c.n.e.registry.AbstractInstanceRegistry  : Running the evict task with compensationTime 0ms
2026-10-07T21:08:37.888+02:00  INFO 14884 --- [eureka-server] [Eureka-EvictionTimer] c.n.e.registry.AbstractInstanceRegistry  : Running the evict task with compensationTime 0ms
2026-10-07T21:09:37.896+02:00  INFO 14884 --- [eureka-server] [Eureka-EvictionTimer] c.n.e.registry.AbstractInstanceRegistry  : Running the evict task with compensationTime 7ms
